day,oblast,viina_events,viina_uav_events,viina_airstrike_events
2023-01-01 00:00:00+00:00,Автономна Республіка Крим,1,0,1
2023-01-01 00:00:00+00:00,Вінницька область,1,1,1
2023-01-01 00:00:00+00:00,Дніпропетровська область,2,1,1
2023-01-01 00:00:00+00:00,Донецька область,6,1,5
2023-01-01 00:00:00+00:00,Житомирська область,1,0,1
2023-01-01 00:00:00+00:00,Запорізька область,7,2,5
2023-01-01 00:00:00+00:00,Київська область,21,14,9
2023-01-01 00:00:00+00:00,Луганська область,1,0,1
2023-01-01 00:00:00+00:00,Миколаївська область,2,1,1
2023-01-01 00:00:00+00:00,Сумська область,2,0,2
2023-01-01 00:00:00+00:00,Харківська область,13,1,12
2023-01-01 00:00:00+00:00,Херсонська область,8,0,8
2023-01-01 00:00:00+00:00,Хмельницька область,1,0,1
2023-01-01 00:00:00+00:00,Чернігівська область,2,0,2
2023-01-02 00:00:00+00:00,Автономна Республіка Крим,6,4,3
2023-01-02 00:00:00+00:00,Дніпропетровська область,3,2,1
2023-01-02 00:00:00+00:00,Донецька область,2,1,1
2023-01-02 00:00:00+00:00,Запорізька область,4,3,1
2023-01-02 00:00:00+00:00,Київська область,13,10,5
2023-01-02 00:00:00+00:00,Кіровоградська область,1,0,1
2023-01-02 00:00:00+00:00,Миколаївська область,3,1,2
2023-01-02 00:00:00+00:00,Полтавська область,2,2,0
2023-01-02 00:00:00+00:00,Харківська область,2,0,2
2023-01-02 00:00:00+00:00,Херсонська область,3,0,3
2023-01-03 00:00:00+00:00,Автономна Республіка Крим,1,1,0
2023-01-03 00:00:00+00:00,Дніпропетровська область,3,3,1
2023-01-03 00:00:00+00:00,Донецька область,8,1,7
2023-01-03 00:00:00+00:00,Закарпатська область,1,0,1
2023-01-03 00:00:00+00:00,Запорізька область,1,0,1
2023-01-03 00:00:00+00:00,Київська область,5,4,1
2023-01-03 00:00:00+00:00,Луганська область,4,0,4
2023-01-03 00:00:00+00:00,Миколаївська область,1,0,1
2023-01-03 00:00:00+00:00,Харківська область,1,0,1
2023-01-03 00:00:00+00:00,Херсонська область,3,0,3
2023-01-04 00:00:00+00:00,Автономна Республіка Крим,4,2,2
2023-01-04 00:00:00+00:00,Донецька область,2,0,2
2023-01-04 00:00:00+00:00,Луганська область,2,0,2
2023-01-04 00:00:00+00:00,Харківська область,2,0,2
2023-01-04 00:00:00+00:00,Херсонська область,3,0,3
2023-01-05 00:00:00+00:00,Автономна Республіка Крим,2,2,0
2023-01-05 00:00:00+00:00,Дніпропетровська область,1,0,1
2023-01-05 00:00:00+00:00,Донецька область,11,1,10
2023-01-05 00:00:00+00:00,Запорізька область,1,1,0
2023-01-05 00:00:00+00:00,Київська область,1,0,1
2023-01-05 00:00:00+00:00,Луганська область,1,0,1
2023-01-05 00:00:00+00:00,Сумська область,2,0,2
2023-01-05 00:00:00+00:00,Харківська область,6,0,6
2023-01-05 00:00:00+00:00,Херсонська область,4,0,4
2023-01-06 00:00:00+00:00,Дніпропетровська область,1,0,1
2023-01-06 00:00:00+00:00,Донецька область,13,1,12
2023-01-06 00:00:00+00:00,Запорізька область,2,1,1
2023-01-06 00:00:00+00:00,Київська область,2,2,2
2023-01-06 00:00:00+00:00,Луганська область,1,0,1
2023-01-06 00:00:00+00:00,Полтавська область,1,0,1
2023-01-06 00:00:00+00:00,Сумська область,3,1,2
2023-01-06 00:00:00+00:00,Харківська область,1,0,1
2023-01-06 00:00:00+00:00,Херсонська область,3,0,3
2023-01-07 00:00:00+00:00,Автономна Республіка Крим,1,1,0
2023-01-07 00:00:00+00:00,Дніпропетровська область,1,0,1
2023-01-07 00:00:00+00:00,Донецька область,8,2,6
2023-01-07 00:00:00+00:00,Запорізька область,3,1,2
2023-01-07 00:00:00+00:00,Луганська область,1,0,1
2023-01-07 00:00:00+00:00,Сумська область,2,0,2
2023-01-07 00:00:00+00:00,Харківська область,1,0,1
2023-01-07 00:00:00+00:00,Херсонська область,1,0,1
2023-01-08 00:00:00+00:00,Дніпропетровська область,2,1,1
2023-01-08 00:00:00+00:00,Донецька область,8,3,5
2023-01-08 00:00:00+00:00,Запорізька область,2,2,0
2023-01-08 00:00:00+00:00,Київська область,1,1,0
2023-01-08 00:00:00+00:00,Кіровоградська область,1,0,1
2023-01-08 00:00:00+00:00,Луганська область,1,0,1
2023-01-08 00:00:00+00:00,Сумська область,2,1,2
2023-01-08 00:00:00+00:00,Харківська область,4,1,3
2023-01-08 00:00:00+00:00,Херсонська область,1,1,0
2023-01-09 00:00:00+00:00,Дніпропетровська область,3,0,3
2023-01-09 00:00:00+00:00,Донецька область,5,1,4
2023-01-09 00:00:00+00:00,Миколаївська область,1,1,0
2023-01-09 00:00:00+00:00,Сумська область,2,0,2
2023-01-09 00:00:00+00:00,Харківська область,2,0,2
2023-01-09 00:00:00+00:00,Херсонська область,1,0,1
2023-01-10 00:00:00+00:00,Автономна Республіка Крим,1,1,0
2023-01-10 00:00:00+00:00,Дніпропетровська область,4,1,3
2023-01-10 00:00:00+00:00,Донецька область,4,4,0
2023-01-10 00:00:00+00:00,Запорізька область,1,1,0
2023-01-10 00:00:00+00:00,Київська область,1,1,0
2023-01-10 00:00:00+00:00,Сумська область,2,2,1
2023-01-10 00:00:00+00:00,Харківська область,1,0,1
2023-01-10 00:00:00+00:00,Херсонська область,3,0,3
2023-01-11 00:00:00+00:00,Івано-Франківська область,1,0,1
2023-01-11 00:00:00+00:00,Автономна Республіка Крим,2,1,1
2023-01-11 00:00:00+00:00,Дніпропетровська область,6,0,6
2023-01-11 00:00:00+00:00,Донецька область,17,10,7
2023-01-11 00:00:00+00:00,Запорізька область,5,0,5
2023-01-11 00:00:00+00:00,Київська область,3,1,2
2023-01-11 00:00:00+00:00,Луганська область,1,0,1
2023-01-11 00:00:00+00:00,Львівська область,2,0,2
2023-01-11 00:00:00+00:00,Миколаївська область,1,0,1
2023-01-11 00:00:00+00:00,Одеська область,2,2,0
2023-01-11 00:00:00+00:00,Сумська область,3,0,3
2023-01-11 00:00:00+00:00,Харківська область,6,1,5
2023-01-11 00:00:00+00:00,Херсонська область,2,0,2
2023-01-11 00:00:00+00:00,Хмельницька область,1,0,1
2023-01-11 00:00:00+00:00,Чернігівська область,1,0,1
2023-01-12 00:00:00+00:00,Донецька область,6,1,6
2023-01-12 00:00:00+00:00,Миколаївська область,1,0,1
2023-01-12 00:00:00+00:00,Харківська область,4,2,2
2023-01-13 00:00:00+00:00,Автономна Республіка Крим,1,0,1
2023-01-13 00:00:00+00:00,Дніпропетровська область,1,1,0
2023-01-13 00:00:00+00:00,Донецька область,12,7,7
2023-01-13 00:00:00+00:00,Запорізька область,1,0,1
2023-01-13 00:00:00+00:00,Луганська область,4,2,2
2023-01-13 00:00:00+00:00,Сумська область,1,1,1
2023-01-13 00:00:00+00:00,Харківська область,5,0,5
2023-01-13 00:00:00+00:00,Херсонська область,1,0,1
2023-01-14 00:00:00+00:00,Дніпропетровська область,10,2,9
2023-01-14 00:00:00+00:00,Донецька область,1,0,1
2023-01-14 00:00:00+00:00,Київська область,10,8,2
2023-01-14 00:00:00+00:00,Кіровоградська область,1,0,1
2023-01-14 00:00:00+00:00,Луганська область,2,0,2
2023-01-14 00:00:00+00:00,Одеська область,1,1,0
2023-01-14 00:00:00+00:00,Сумська область,1,0,1
2023-01-14 00:00:00+00:00,Харківська область,3,0,3
2023-01-15 00:00:00+00:00,Дніпропетровська область,8,0,8
2023-01-15 00:00:00+00:00,Донецька область,2,0,2
2023-01-15 00:00:00+00:00,Запорізька область,1,0,1
2023-01-15 00:00:00+00:00,Київська область,2,1,1
2023-01-15 00:00:00+00:00,Кіровоградська область,1,0,1
2023-01-15 00:00:00+00:00,Луганська область,1,0,1
2023-01-15 00:00:00+00:00,Миколаївська область,1,0,1
2023-01-15 00:00:00+00:00,Сумська область,2,1,1
2023-01-15 00:00:00+00:00,Харківська область,7,0,7
2023-01-15 00:00:00+00:00,Херсонська область,5,1,4
2023-01-16 00:00:00+00:00,Автономна Республіка Крим,2,2,1
2023-01-16 00:00:00+00:00,Дніпропетровська область,2,0,2
2023-01-16 00:00:00+00:00,Донецька область,3,2,2
2023-01-16 00:00:00+00:00,Запорізька область,5,1,4
2023-01-16 00:00:00+00:00,Київська область,1,1,0
2023-01-16 00:00:00+00:00,Миколаївська область,2,0,2
2023-01-16 00:00:00+00:00,Одеська область,3,1,2
2023-01-16 00:00:00+00:00,Харківська область,3,0,3
2023-01-17 00:00:00+00:00,Дніпропетровська область,5,0,5
2023-01-17 00:00:00+00:00,Донецька область,7,3,4
2023-01-17 00:00:00+00:00,Запорізька область,1,0,1
2023-01-17 00:00:00+00:00,Київська область,1,1,0
2023-01-17 00:00:00+00:00,Харківська область,2,0,2
2023-01-17 00:00:00+00:00,Херсонська область,1,0,1
2023-01-18 00:00:00+00:00,Автономна Республіка Крим,2,0,2
2023-01-18 00:00:00+00:00,Дніпропетровська область,4,0,4
2023-01-18 00:00:00+00:00,Донецька область,4,0,4
2023-01-18 00:00:00+00:00,Київська область,27,7,21
2023-01-18 00:00:00+00:00,Луганська область,4,0,4
2023-01-18 00:00:00+00:00,Рівненська область,1,1,0
2023-01-18 00:00:00+00:00,Харківська область,3,0,3
2023-01-19 00:00:00+00:00,Дніпропетровська область,7,0,7
2023-01-19 00:00:00+00:00,Донецька область,11,2,9
2023-01-19 00:00:00+00:00,Запорізька область,6,1,5
2023-01-19 00:00:00+00:00,Київська область,6,0,6
2023-01-19 00:00:00+00:00,Луганська область,1,0,1
2023-01-19 00:00:00+00:00,Сумська область,1,1,1
2023-01-19 00:00:00+00:00,Харківська область,1,0,1
2023-01-19 00:00:00+00:00,Херсонська область,4,0,4
2023-01-20 00:00:00+00:00,Автономна Республіка Крим,1,0,1
2023-01-20 00:00:00+00:00,Дніпропетровська область,1,0,1
2023-01-20 00:00:00+00:00,Донецька область,6,0,6
2023-01-20 00:00:00+00:00,Запорізька область,3,0,3
2023-01-20 00:00:00+00:00,Київська область,5,1,4
2023-01-20 00:00:00+00:00,Луганська область,8,0,8
2023-01-20 00:00:00+00:00,Полтавська область,1,0,1
2023-01-20 00:00:00+00:00,Сумська область,3,0,3
2023-01-20 00:00:00+00:00,Харківська область,5,0,5
2023-01-21 00:00:00+00:00,Дніпропетровська область,1,0,1
2023-01-21 00:00:00+00:00,Донецька область,8,0,8
2023-01-21 00:00:00+00:00,Запорізька область,2,0,2
2023-01-21 00:00:00+00:00,Київська область,6,0,6
2023-01-21 00:00:00+00:00,Луганська область,2,0,2
2023-01-21 00:00:00+00:00,Сумська область,1,0,1
2023-01-21 00:00:00+00:00,Харківська область,3,0,3
2023-01-21 00:00:00+00:00,Херсонська область,1,0,1
2023-01-21 00:00:00+00:00,Чернігівська область,1,0,1
2023-01-22 00:00:00+00:00,Дніпропетровська область,2,0,2
2023-01-22 00:00:00+00:00,Донецька область,2,0,2
2023-01-22 00:00:00+00:00,Запорізька область,1,0,1
2023-01-22 00:00:00+00:00,Полтавська область,1,0,1
2023-01-22 00:00:00+00:00,Херсонська область,1,0,1
2023-01-23 00:00:00+00:00,Дніпропетровська область,3,1,2
2023-01-23 00:00:00+00:00,Донецька область,8,0,8
2023-01-23 00:00:00+00:00,Запорізька область,3,1,2
2023-01-23 00:00:00+00:00,Київська область,2,1,1
2023-01-23 00:00:00+00:00,Полтавська область,1,0,1
2023-01-23 00:00:00+00:00,Сумська область,1,0,1
2023-01-24 00:00:00+00:00,Волинська область,1,0,1
2023-01-24 00:00:00+00:00,Донецька область,10,1,9
2023-01-24 00:00:00+00:00,Київська область,1,0,1
2023-01-24 00:00:00+00:00,Кіровоградська область,1,0,1
2023-01-24 00:00:00+00:00,Луганська область,1,0,1
2023-01-24 00:00:00+00:00,Львівська область,1,0,1
2023-01-24 00:00:00+00:00,Одеська область,1,0,1
2023-01-24 00:00:00+00:00,Полтавська область,1,0,1
2023-01-24 00:00:00+00:00,Сумська область,3,1,2
2023-01-24 00:00:00+00:00,Харківська область,1,0,1
2023-01-24 00:00:00+00:00,Херсонська область,1,0,1
2023-01-25 00:00:00+00:00,Автономна Республіка Крим,2,2,0
2023-01-25 00:00:00+00:00,Дніпропетровська область,2,0,2
2023-01-25 00:00:00+00:00,Донецька область,7,2,5
2023-01-25 00:00:00+00:00,Житомирська область,1,0,1
2023-01-25 00:00:00+00:00,Київська область,2,2,0
2023-01-25 00:00:00+00:00,Луганська область,1,0,1
2023-01-25 00:00:00+00:00,Львівська область,1,0,1
2023-01-25 00:00:00+00:00,Полтавська область,1,0,1
2023-01-25 00:00:00+00:00,Сумська область,4,0,4
2023-01-25 00:00:00+00:00,Харківська область,1,0,1
2023-01-25 00:00:00+00:00,Херсонська область,6,1,6
2023-01-26 00:00:00+00:00,Вінницька область,2,2,1
2023-01-26 00:00:00+00:00,Дніпропетровська область,4,2,3
2023-01-26 00:00:00+00:00,Донецька область,4,0,4
2023-01-26 00:00:00+00:00,Житомирська область,1,1,0
2023-01-26 00:00:00+00:00,Київська область,10,9,4
2023-01-26 00:00:00+00:00,Одеська область,2,1,1
2023-01-26 00:00:00+00:00,Харківська область,3,0,3
2023-01-26 00:00:00+00:00,Херсонська область,1,0,1
2023-01-27 00:00:00+00:00,Автономна Республіка Крим,2,0,2
2023-01-27 00:00:00+00:00,Дніпропетровська область,3,2,2
2023-01-27 00:00:00+00:00,Донецька область,6,1,5
2023-01-27 00:00:00+00:00,Запорізька область,3,2,1
2023-01-27 00:00:00+00:00,Київська область,1,0,1
2023-01-27 00:00:00+00:00,Одеська область,1,0,1
2023-01-27 00:00:00+00:00,Рівненська область,1,0,1
2023-01-27 00:00:00+00:00,Харківська область,3,0,3
2023-01-27 00:00:00+00:00,Херсонська область,3,0,3
2023-01-27 00:00:00+00:00,Черкаська область,1,0,1
2023-01-28 00:00:00+00:00,Дніпропетровська область,1,1,0
2023-01-28 00:00:00+00:00,Донецька область,7,0,7
2023-01-28 00:00:00+00:00,Запорізька область,1,0,1
2023-01-28 00:00:00+00:00,Київська область,2,0,2
2023-01-28 00:00:00+00:00,Луганська область,7,1,7
2023-01-28 00:00:00+00:00,Полтавська область,1,0,1
2023-01-28 00:00:00+00:00,Сумська область,2,0,2
2023-01-28 00:00:00+00:00,Харківська область,4,0,4
2023-01-28 00:00:00+00:00,Херсонська область,2,0,2
2023-01-29 00:00:00+00:00,Донецька область,7,0,7
2023-01-29 00:00:00+00:00,Київська область,2,0,2
2023-01-29 00:00:00+00:00,Луганська область,3,2,1
2023-01-29 00:00:00+00:00,Сумська область,2,1,1
2023-01-29 00:00:00+00:00,Харківська область,2,0,2
2023-01-29 00:00:00+00:00,Херсонська область,3,0,3
2023-01-30 00:00:00+00:00,Дніпропетровська область,1,0,1
2023-01-30 00:00:00+00:00,Донецька область,2,1,1
2023-01-30 00:00:00+00:00,Запорізька область,2,1,1
2023-01-30 00:00:00+00:00,Луганська область,1,0,1
2023-01-30 00:00:00+00:00,Миколаївська область,1,0,1
2023-01-30 00:00:00+00:00,Сумська область,2,0,2
2023-01-30 00:00:00+00:00,Харківська область,4,1,3
2023-01-30 00:00:00+00:00,Херсонська область,3,0,3
2023-01-30 00:00:00+00:00,Чернігівська область,1,0,1
2023-01-31 00:00:00+00:00,Дніпропетровська область,1,0,1
2023-01-31 00:00:00+00:00,Донецька область,11,1,10
2023-01-31 00:00:00+00:00,Луганська область,2,0,2
2023-01-31 00:00:00+00:00,Харківська область,1,0,1
2023-02-01 00:00:00+00:00,Дніпропетровська область,1,0,1
2023-02-01 00:00:00+00:00,Донецька область,3,1,2
2023-02-01 00:00:00+00:00,Київська область,1,1,0
2023-02-01 00:00:00+00:00,Луганська область,2,0,2
2023-02-02 00:00:00+00:00,Донецька область,4,1,3
2023-02-02 00:00:00+00:00,Запорізька область,2,0,2
2023-02-02 00:00:00+00:00,Луганська область,1,0,1
2023-02-02 00:00:00+00:00,Сумська область,1,0,1
2023-02-02 00:00:00+00:00,Харківська область,4,0,4
2023-02-02 00:00:00+00:00,Херсонська область,2,1,1
2023-02-03 00:00:00+00:00,Автономна Республіка Крим,1,0,1
2023-02-03 00:00:00+00:00,Дніпропетровська область,1,1,1
2023-02-03 00:00:00+00:00,Донецька область,4,1,4
2023-02-03 00:00:00+00:00,Луганська область,2,0,2
2023-02-03 00:00:00+00:00,Харківська область,3,0,3
2023-02-04 00:00:00+00:00,Автономна Республіка Крим,3,3,0
2023-02-04 00:00:00+00:00,Донецька область,1,0,1
2023-02-04 00:00:00+00:00,Київська область,1,1,0
2023-02-04 00:00:00+00:00,Одеська область,1,1,0
2023-02-05 00:00:00+00:00,Автономна Республіка Крим,1,0,1
2023-02-05 00:00:00+00:00,Донецька область,2,1,1
2023-02-05 00:00:00+00:00,Запорізька область,1,1,0
2023-02-05 00:00:00+00:00,Луганська область,1,0,1
2023-02-05 00:00:00+00:00,Харківська область,5,0,5
2023-02-06 00:00:00+00:00,Донецька область,3,1,2
2023-02-06 00:00:00+00:00,Запорізька область,2,2,0
2023-02-06 00:00:00+00:00,Київська область,1,0,1
2023-02-06 00:00:00+00:00,Луганська область,1,0,1
2023-02-06 00:00:00+00:00,Сумська область,1,0,1
2023-02-06 00:00:00+00:00,Харківська область,4,0,4
2023-02-06 00:00:00+00:00,Чернігівська область,1,0,1
2023-02-07 00:00:00+00:00,Автономна Республіка Крим,2,0,2
2023-02-07 00:00:00+00:00,Донецька область,7,1,6
2023-02-07 00:00:00+00:00,Луганська область,1,0,1
2023-02-07 00:00:00+00:00,Миколаївська область,1,0,1
2023-02-07 00:00:00+00:00,Полтавська область,1,0,1
2023-02-07 00:00:00+00:00,Харківська область,6,1,5
2023-02-08 00:00:00+00:00,Дніпропетровська область,1,1,0
2023-02-08 00:00:00+00:00,Донецька область,3,1,2
2023-02-08 00:00:00+00:00,Запорізька область,1,1,0
2023-02-08 00:00:00+00:00,Чернігівська область,2,1,1
2023-02-09 00:00:00+00:00,Дніпропетровська область,1,0,1
2023-02-09 00:00:00+00:00,Донецька область,4,3,1
2023-02-09 00:00:00+00:00,Запорізька область,3,2,1
2023-02-09 00:00:00+00:00,Київська область,2,2,0
2023-02-09 00:00:00+00:00,Луганська область,1,1,0
2023-02-09 00:00:00+00:00,Херсонська область,3,2,1
2023-02-10 00:00:00+00:00,Дніпропетровська область,4,4,1
2023-02-10 00:00:00+00:00,Донецька область,1,1,0
2023-02-10 00:00:00+00:00,Запорізька область,5,4,1
2023-02-10 00:00:00+00:00,Київська область,5,4,1
2023-02-10 00:00:00+00:00,Миколаївська область,1,1,0
2023-02-10 00:00:00+00:00,Одеська область,2,2,1
2023-02-10 00:00:00+00:00,Полтавська область,1,1,0
2023-02-10 00:00:00+00:00,Сумська область,1,0,1
2023-02-10 00:00:00+00:00,Харківська область,2,2,0
2023-02-10 00:00:00+00:00,Хмельницька область,3,3,0
2023-02-11 00:00:00+00:00,Дніпропетровська область,4,4,2
2023-02-11 00:00:00+00:00,Донецька область,11,0,11
2023-02-11 00:00:00+00:00,Запорізька область,2,1,2
2023-02-11 00:00:00+00:00,Київська область,1,1,0
2023-02-11 00:00:00+00:00,Луганська область,2,0,2
2023-02-11 00:00:00+00:00,Миколаївська область,1,0,1
2023-02-11 00:00:00+00:00,Одеська область,4,2,4
2023-02-11 00:00:00+00:00,Сумська область,1,0,1
2023-02-11 00:00:00+00:00,Харківська область,3,1,2
2023-02-11 00:00:00+00:00,Хмельницька область,1,1,0
2023-02-12 00:00:00+00:00,Дніпропетровська область,1,1,1
2023-02-12 00:00:00+00:00,Донецька область,6,2,4
2023-02-12 00:00:00+00:00,Луганська область,2,0,2
2023-02-12 00:00:00+00:00,Миколаївська область,1,0,1
2023-02-12 00:00:00+00:00,Харківська область,3,1,3
2023-02-12 00:00:00+00:00,Херсонська область,1,0,1
2023-02-13 00:00:00+00:00,Донецька область,3,1,2
2023-02-13 00:00:00+00:00,Сумська область,3,0,3
2023-02-14 00:00:00+00:00,Автономна Республіка Крим,1,1,0
2023-02-14 00:00:00+00:00,Донецька область,6,2,5
2023-02-14 00:00:00+00:00,Запорізька область,1,1,0
2023-02-14 00:00:00+00:00,Луганська область,2,0,2
2023-02-14 00:00:00+00:00,Херсонська область,4,4,0
2023-02-15 00:00:00+00:00,Автономна Республіка Крим,2,0,2
2023-02-15 00:00:00+00:00,Дніпропетровська область,1,1,1
2023-02-15 00:00:00+00:00,Донецька область,4,1,3
2023-02-15 00:00:00+00:00,Київська область,6,5,4
2023-02-15 00:00:00+00:00,Сумська область,2,0,2
2023-02-15 00:00:00+00:00,Харківська область,1,1,0
2023-02-15 00:00:00+00:00,Чернігівська область,1,1,0
2023-02-16 00:00:00+00:00,Автономна Республіка Крим,1,1,0
2023-02-16 00:00:00+00:00,Дніпропетровська область,2,0,2
2023-02-16 00:00:00+00:00,Донецька область,1,0,1
2023-02-16 00:00:00+00:00,Полтавська область,3,3,0
2023-02-16 00:00:00+00:00,Харківська область,4,0,4
2023-02-16 00:00:00+00:00,Херсонська область,2,2,0
2023-02-17 00:00:00+00:00,Автономна Республіка Крим,1,1,0
2023-02-17 00:00:00+00:00,Донецька область,2,1,1
2023-02-17 00:00:00+00:00,Житомирська область,1,0,1
2023-02-17 00:00:00+00:00,Запорізька область,1,0,1
2023-02-17 00:00:00+00:00,Київська область,1,0,1
2023-02-17 00:00:00+00:00,Луганська область,1,1,0
2023-02-17 00:00:00+00:00,Сумська область,1,0,1
2023-02-17 00:00:00+00:00,Харківська область,4,1,3
2023-02-17 00:00:00+00:00,Херсонська область,1,1,0
2023-02-17 00:00:00+00:00,Чернігівська область,2,0,2
2023-02-18 00:00:00+00:00,Київська область,2,1,1
2023-02-18 00:00:00+00:00,Миколаївська область,2,2,0
2023-02-18 00:00:00+00:00,Харківська область,1,0,1
2023-02-18 00:00:00+00:00,Хмельницька область,2,2,0
2023-02-19 00:00:00+00:00,Дніпропетровська область,2,1,1
2023-02-19 00:00:00+00:00,Київська область,2,1,1
2023-02-19 00:00:00+00:00,Миколаївська область,1,1,0
2023-02-20 00:00:00+00:00,Донецька область,1,0,1
2023-02-20 00:00:00+00:00,Закарпатська область,2,0,2
2023-02-20 00:00:00+00:00,Запорізька область,3,2,1
2023-02-20 00:00:00+00:00,Київська область,2,0,2
2023-02-20 00:00:00+00:00,Миколаївська область,1,0,1
2023-02-20 00:00:00+00:00,Сумська область,1,0,1
2023-02-20 00:00:00+00:00,Тернопільська область,2,0,2
2023-02-20 00:00:00+00:00,Харківська область,1,0,1
2023-02-20 00:00:00+00:00,Херсонська область,1,0,1
2023-02-21 00:00:00+00:00,Донецька область,12,4,10
2023-02-21 00:00:00+00:00,Запорізька область,2,0,2
2023-02-21 00:00:00+00:00,Київська область,4,3,2
2023-02-21 00:00:00+00:00,Луганська область,1,0,1
2023-02-21 00:00:00+00:00,Харківська область,1,0,1
2023-02-21 00:00:00+00:00,Херсонська область,3,2,1
2023-02-22 00:00:00+00:00,Донецька область,4,3,1
2023-02-22 00:00:00+00:00,Запорізька область,1,0,1
2023-02-22 00:00:00+00:00,Київська область,2,0,2
2023-02-22 00:00:00+00:00,Харківська область,1,1,0
2023-02-22 00:00:00+00:00,Херсонська область,1,1,0
2023-02-23 00:00:00+00:00,Донецька область,12,6,6
2023-02-23 00:00:00+00:00,Київська область,4,3,1
2023-02-23 00:00:00+00:00,Харківська область,1,0,1
2023-02-23 00:00:00+00:00,Херсонська область,1,0,1
2023-02-24 00:00:00+00:00,Дніпропетровська область,2,0,2
2023-02-24 00:00:00+00:00,Донецька область,3,3,0
2023-02-24 00:00:00+00:00,Київська область,1,1,0
2023-02-24 00:00:00+00:00,Харківська область,1,0,1
2023-02-24 00:00:00+00:00,Херсонська область,1,1,0
2023-02-25 00:00:00+00:00,Дніпропетровська область,2,0,2
2023-02-25 00:00:00+00:00,Донецька область,2,0,2
2023-02-25 00:00:00+00:00,Запорізька область,3,0,3
2023-02-25 00:00:00+00:00,Київська область,1,1,0
2023-02-25 00:00:00+00:00,Одеська область,1,0,1
2023-02-25 00:00:00+00:00,Сумська область,1,0,1
2023-02-25 00:00:00+00:00,Харківська область,1,0,1
2023-02-26 00:00:00+00:00,Автономна Республіка Крим,1,0,1
2023-02-26 00:00:00+00:00,Донецька область,2,1,1
2023-02-26 00:00:00+00:00,Київська область,2,1,1
2023-02-27 00:00:00+00:00,Дніпропетровська область,3,3,1
2023-02-27 00:00:00+00:00,Донецька область,7,3,4
2023-02-27 00:00:00+00:00,Київська область,6,5,1
2023-02-27 00:00:00+00:00,Луганська область,5,2,3
2023-02-27 00:00:00+00:00,Сумська область,2,0,2
2023-02-27 00:00:00+00:00,Харківська область,9,1,8
2023-02-27 00:00:00+00:00,Хмельницька область,5,4,3
2023-02-27 00:00:00+00:00,Чернігівська область,2,2,0
2023-02-28 00:00:00+00:00,Донецька область,3,2,1
2023-02-28 00:00:00+00:00,Запорізька область,1,0,1
2023-02-28 00:00:00+00:00,Київська область,2,2,0
2023-02-28 00:00:00+00:00,Херсонська область,1,0,1
2023-03-01 00:00:00+00:00,Автономна Республіка Крим,4,3,1
2023-03-01 00:00:00+00:00,Дніпропетровська область,1,1,0
2023-03-01 00:00:00+00:00,Донецька область,7,2,5
2023-03-01 00:00:00+00:00,Запорізька область,4,3,1
2023-03-01 00:00:00+00:00,Київська область,7,6,1
2023-03-01 00:00:00+00:00,Луганська область,3,0,3
2023-03-01 00:00:00+00:00,Полтавська область,5,5,1
2023-03-01 00:00:00+00:00,Сумська область,4,2,3
2023-03-01 00:00:00+00:00,Харківська область,1,0,1
2023-03-02 00:00:00+00:00,Автономна Республіка Крим,3,2,3
2023-03-02 00:00:00+00:00,Донецька область,2,0,2
2023-03-02 00:00:00+00:00,Запорізька область,3,1,2
2023-03-02 00:00:00+00:00,Київська область,2,2,0
2023-03-02 00:00:00+00:00,Луганська область,1,0,1
2023-03-02 00:00:00+00:00,Полтавська область,2,1,1
2023-03-02 00:00:00+00:00,Харківська область,1,0,1
2023-03-02 00:00:00+00:00,Херсонська область,4,3,4
2023-03-02 00:00:00+00:00,Чернігівська область,1,1,1
2023-03-03 00:00:00+00:00,Донецька область,15,2,13
2023-03-03 00:00:00+00:00,Запорізька область,4,1,3
2023-03-03 00:00:00+00:00,Київська область,3,2,1
2023-03-03 00:00:00+00:00,Луганська область,2,1,1
2023-03-03 00:00:00+00:00,Сумська область,1,0,1
2023-03-03 00:00:00+00:00,Харківська область,5,0,5
2023-03-03 00:00:00+00:00,Херсонська область,4,3,2
2023-03-04 00:00:00+00:00,Донецька область,1,1,0
2023-03-04 00:00:00+00:00,Запорізька область,3,2,1
2023-03-04 00:00:00+00:00,Харківська область,1,0,1
2023-03-05 00:00:00+00:00,Донецька область,1,1,0
2023-03-06 00:00:00+00:00,Дніпропетровська область,4,2,3
2023-03-06 00:00:00+00:00,Донецька область,5,3,2
2023-03-06 00:00:00+00:00,Київська область,4,4,1
2023-03-06 00:00:00+00:00,Сумська область,2,1,1
2023-03-06 00:00:00+00:00,Харківська область,2,0,2
2023-03-07 00:00:00+00:00,Автономна Республіка Крим,1,1,0
2023-03-07 00:00:00+00:00,Донецька область,2,1,1
2023-03-07 00:00:00+00:00,Запорізька область,1,1,0
2023-03-07 00:00:00+00:00,Київська область,1,0,1
2023-03-07 00:00:00+00:00,Кіровоградська область,1,0,1
2023-03-07 00:00:00+00:00,Херсонська область,1,1,0
2023-03-07 00:00:00+00:00,Черкаська область,2,2,0
2023-03-07 00:00:00+00:00,Чернівецька область,1,1,0
2023-03-08 00:00:00+00:00,Дніпропетровська область,2,0,2
2023-03-08 00:00:00+00:00,Донецька область,3,1,2
2023-03-08 00:00:00+00:00,Запорізька область,1,1,0
2023-03-08 00:00:00+00:00,Київська область,1,0,1
2023-03-08 00:00:00+00:00,Харківська область,1,1,0
2023-03-08 00:00:00+00:00,Чернігівська область,1,1,0
2023-03-09 00:00:00+00:00,Волинська область,1,0,1
2023-03-09 00:00:00+00:00,Дніпропетровська область,4,1,3
2023-03-09 00:00:00+00:00,Донецька область,15,1,15
2023-03-09 00:00:00+00:00,Житомирська область,3,3,2
2023-03-09 00:00:00+00:00,Запорізька область,1,1,0
2023-03-09 00:00:00+00:00,Київська область,4,3,1
2023-03-09 00:00:00+00:00,Луганська область,1,0,1
2023-03-09 00:00:00+00:00,Львівська область,1,1,0
2023-03-09 00:00:00+00:00,Одеська область,2,1,1
2023-03-09 00:00:00+00:00,Сумська область,1,1,1
2023-03-09 00:00:00+00:00,Харківська область,3,1,2
2023-03-09 00:00:00+00:00,Херсонська область,1,0,1
2023-03-09 00:00:00+00:00,Чернігівська область,1,1,0
2023-03-10 00:00:00+00:00,Дніпропетровська область,2,2,0
2023-03-10 00:00:00+00:00,Донецька область,5,1,4
2023-03-10 00:00:00+00:00,Житомирська область,1,1,1
2023-03-10 00:00:00+00:00,Рівненська область,1,0,1
2023-03-10 00:00:00+00:00,Сумська область,1,1,1
2023-03-10 00:00:00+00:00,Херсонська область,1,0,1
2023-03-11 00:00:00+00:00,Донецька область,9,0,9
2023-03-11 00:00:00+00:00,Запорізька область,3,3,1
2023-03-11 00:00:00+00:00,Київська область,2,2,0
2023-03-11 00:00:00+00:00,Луганська область,2,0,2
2023-03-11 00:00:00+00:00,Херсонська область,4,1,4
2023-03-11 00:00:00+00:00,Черкаська область,2,1,1
2023-03-12 00:00:00+00:00,Дніпропетровська область,1,0,1
2023-03-12 00:00:00+00:00,Донецька область,4,1,3
2023-03-12 00:00:00+00:00,Запорізька область,2,0,2
2023-03-12 00:00:00+00:00,Київська область,2,2,0
2023-03-12 00:00:00+00:00,Луганська область,1,0,1
2023-03-12 00:00:00+00:00,Миколаївська область,1,0,1
2023-03-12 00:00:00+00:00,Херсонська область,1,1,0
2023-03-13 00:00:00+00:00,Донецька область,8,1,7
2023-03-13 00:00:00+00:00,Миколаївська область,1,0,1
2023-03-13 00:00:00+00:00,Сумська область,1,1,1
2023-03-13 00:00:00+00:00,Харківська область,2,0,2
2023-03-13 00:00:00+00:00,Херсонська область,1,0,1
2023-03-14 00:00:00+00:00,Автономна Республіка Крим,1,1,0
2023-03-14 00:00:00+00:00,Дніпропетровська область,3,2,2
2023-03-14 00:00:00+00:00,Донецька область,10,3,7
2023-03-14 00:00:00+00:00,Київська область,1,1,0
2023-03-14 00:00:00+00:00,Кіровоградська область,1,0,1
2023-03-14 00:00:00+00:00,Одеська область,1,0,1
2023-03-14 00:00:00+00:00,Полтавська область,1,0,1
2023-03-14 00:00:00+00:00,Харківська область,1,1,1
2023-03-14 00:00:00+00:00,Хмельницька область,1,0,1
2023-03-15 00:00:00+00:00,Автономна Республіка Крим,2,2,0
2023-03-15 00:00:00+00:00,Донецька область,3,0,3
2023-03-15 00:00:00+00:00,Херсонська область,1,0,1
2023-03-15 00:00:00+00:00,Чернігівська область,1,1,0
2023-03-16 00:00:00+00:00,Автономна Республіка Крим,2,1,1
2023-03-16 00:00:00+00:00,Дніпропетровська область,2,0,2
2023-03-16 00:00:00+00:00,Донецька область,5,4,1
2023-03-16 00:00:00+00:00,Херсонська область,1,0,1
2023-03-17 00:00:00+00:00,Автономна Республіка Крим,1,1,0
2023-03-17 00:00:00+00:00,Дніпропетровська область,2,2,1
2023-03-17 00:00:00+00:00,Донецька область,6,3,3
2023-03-17 00:00:00+00:00,Житомирська область,1,1,1
2023-03-17 00:00:00+00:00,Закарпатська область,1,0,1
2023-03-17 00:00:00+00:00,Київська область,1,1,1
2023-03-17 00:00:00+00:00,Луганська область,1,1,0
2023-03-17 00:00:00+00:00,Херсонська область,3,2,3
2023-03-18 00:00:00+00:00,Автономна Республіка Крим,2,1,1
2023-03-18 00:00:00+00:00,Дніпропетровська область,5,3,4
2023-03-18 00:00:00+00:00,Донецька область,4,1,3
2023-03-18 00:00:00+00:00,Запорізька область,1,1,0
2023-03-18 00:00:00+00:00,Київська область,4,2,2
2023-03-18 00:00:00+00:00,Львівська область,6,4,4
2023-03-19 00:00:00+00:00,Івано-Франківська область,1,0,1
2023-03-19 00:00:00+00:00,Донецька область,3,1,2
2023-03-19 00:00:00+00:00,Запорізька область,1,0,1
2023-03-19 00:00:00+00:00,Луганська область,1,1,0
2023-03-19 00:00:00+00:00,Сумська область,1,0,1
2023-03-20 00:00:00+00:00,Автономна Республіка Крим,5,5,1
2023-03-20 00:00:00+00:00,Донецька область,4,1,3
2023-03-20 00:00:00+00:00,Запорізька область,2,0,2
2023-03-20 00:00:00+00:00,Київська область,3,2,3
2023-03-20 00:00:00+00:00,Миколаївська область,2,2,2
2023-03-20 00:00:00+00:00,Херсонська область,1,0,1
2023-03-21 00:00:00+00:00,Автономна Республіка Крим,2,2,0
2023-03-21 00:00:00+00:00,Донецька область,3,2,1
2023-03-21 00:00:00+00:00,Київська область,1,1,0
2023-03-21 00:00:00+00:00,Одеська область,3,2,2
2023-03-21 00:00:00+00:00,Харківська область,1,0,1
2023-03-22 00:00:00+00:00,Автономна Республіка Крим,6,6,5
2023-03-22 00:00:00+00:00,Дніпропетровська область,1,0,1
2023-03-22 00:00:00+00:00,Донецька область,25,6,20
2023-03-22 00:00:00+00:00,Житомирська область,4,3,2
2023-03-22 00:00:00+00:00,Запорізька область,11,4,8
2023-03-22 00:00:00+00:00,Київська область,10,10,4
2023-03-22 00:00:00+00:00,Луганська область,5,0,5
2023-03-22 00:00:00+00:00,Миколаївська область,1,0,1
2023-03-22 00:00:00+00:00,Одеська область,1,1,0
2023-03-22 00:00:00+00:00,Херсонська область,1,1,1
2023-03-23 00:00:00+00:00,Дніпропетровська область,2,1,2
2023-03-23 00:00:00+00:00,Донецька область,2,0,2
2023-03-23 00:00:00+00:00,Запорізька область,4,1,3
2023-03-23 00:00:00+00:00,Одеська область,3,1,2
2023-03-23 00:00:00+00:00,Сумська область,1,1,0
2023-03-24 00:00:00+00:00,Автономна Республіка Крим,4,3,3
2023-03-24 00:00:00+00:00,Дніпропетровська область,1,1,1
2023-03-24 00:00:00+00:00,Донецька область,8,4,6
2023-03-24 00:00:00+00:00,Запорізька область,2,1,1
2023-03-24 00:00:00+00:00,Київська область,4,3,1
2023-03-24 00:00:00+00:00,Сумська область,4,2,3
2023-03-24 00:00:00+00:00,Херсонська область,2,1,2
2023-03-25 00:00:00+00:00,Дніпропетровська область,4,2,4
2023-03-25 00:00:00+00:00,Донецька область,5,0,5
2023-03-25 00:00:00+00:00,Запорізька область,1,0,1
2023-03-25 00:00:00+00:00,Київська область,1,0,1
2023-03-25 00:00:00+00:00,Луганська область,1,0,1
2023-03-25 00:00:00+00:00,Одеська область,1,0,1
2023-03-25 00:00:00+00:00,Херсонська область,4,0,4
2023-03-26 00:00:00+00:00,Автономна Республіка Крим,1,1,0
2023-03-26 00:00:00+00:00,Дніпропетровська область,1,0,1
2023-03-26 00:00:00+00:00,Донецька область,6,1,5
2023-03-26 00:00:00+00:00,Київська область,1,1,0
2023-03-27 00:00:00+00:00,Автономна Республіка Крим,1,1,0
2023-03-27 00:00:00+00:00,Дніпропетровська область,4,4,2
2023-03-27 00:00:00+00:00,Донецька область,4,2,2
2023-03-27 00:00:00+00:00,Київська область,5,5,3
2023-03-27 00:00:00+00:00,Сумська область,1,0,1
2023-03-27 00:00:00+00:00,Харківська область,1,0,1
2023-03-28 00:00:00+00:00,Дніпропетровська область,3,3,3
2023-03-28 00:00:00+00:00,Донецька область,8,5,3
2023-03-28 00:00:00+00:00,Київська область,9,8,4
2023-03-28 00:00:00+00:00,Сумська область,5,2,3
2023-03-29 00:00:00+00:00,Автономна Республіка Крим,4,3,1
2023-03-29 00:00:00+00:00,Донецька область,7,3,4
2023-03-29 00:00:00+00:00,Запорізька область,2,1,1
2023-03-29 00:00:00+00:00,Київська область,1,1,0
2023-03-29 00:00:00+00:00,Кіровоградська область,1,0,1
2023-03-29 00:00:00+00:00,Харківська область,1,0,1
2023-03-30 00:00:00+00:00,Автономна Республіка Крим,1,0,1
2023-03-30 00:00:00+00:00,Донецька область,6,0,6
2023-03-30 00:00:00+00:00,Львівська область,1,0,1
2023-03-30 00:00:00+00:00,Харківська область,1,1,0
2023-03-30 00:00:00+00:00,Херсонська область,3,1,3
2023-03-31 00:00:00+00:00,Автономна Республіка Крим,1,1,0
2023-03-31 00:00:00+00:00,Донецька область,7,3,4
2023-03-31 00:00:00+00:00,Запорізька область,4,1,3
2023-03-31 00:00:00+00:00,Харківська область,5,3,2
2023-03-31 00:00:00+00:00,Херсонська область,1,0,1
2023-04-01 00:00:00+00:00,Донецька область,2,0,2
2023-04-01 00:00:00+00:00,Чернігівська область,1,1,0
2023-04-02 00:00:00+00:00,Донецька область,1,0,1
2023-04-02 00:00:00+00:00,Запорізька область,2,1,1
2023-04-02 00:00:00+00:00,Луганська область,1,1,0
2023-04-02 00:00:00+00:00,Сумська область,2,0,2
2023-04-02 00:00:00+00:00,Чернігівська область,1,1,0
2023-04-03 00:00:00+00:00,Автономна Республіка Крим,1,1,0
2023-04-03 00:00:00+00:00,Донецька область,21,4,19
2023-04-03 00:00:00+00:00,Запорізька область,3,2,1
2023-04-03 00:00:00+00:00,Сумська область,1,1,0
2023-04-03 00:00:00+00:00,Харківська область,1,0,1
2023-04-03 00:00:00+00:00,Херсонська область,7,1,7
2023-04-04 00:00:00+00:00,Автономна Республіка Крим,1,1,0
2023-04-04 00:00:00+00:00,Донецька область,5,2,3
2023-04-04 00:00:00+00:00,Запорізька область,2,0,2
2023-04-04 00:00:00+00:00,Київська область,1,1,0
2023-04-04 00:00:00+00:00,Одеська область,10,9,5
2023-04-04 00:00:00+00:00,Хмельницька область,1,0,1
2023-04-04 00:00:00+00:00,Чернігівська область,3,2,3
2023-04-05 00:00:00+00:00,Донецька область,5,2,3
2023-04-05 00:00:00+00:00,Запорізька область,2,2,0
2023-04-05 00:00:00+00:00,Херсонська область,2,1,1
2023-04-05 00:00:00+00:00,Чернігівська область,1,0,1
2023-04-06 00:00:00+00:00,Донецька область,3,0,3
2023-04-06 00:00:00+00:00,Запорізька область,3,2,1
2023-04-06 00:00:00+00:00,Київська область,2,2,0
2023-04-06 00:00:00+00:00,Херсонська область,5,0,5
2023-04-07 00:00:00+00:00,Донецька область,1,1,0
2023-04-07 00:00:00+00:00,Запорізька область,2,2,0
2023-04-07 00:00:00+00:00,Одеська область,1,0,1
2023-04-07 00:00:00+00:00,Харківська область,1,0,1
2023-04-07 00:00:00+00:00,Чернігівська область,1,0,1
2023-04-08 00:00:00+00:00,Автономна Республіка Крим,1,1,0
2023-04-08 00:00:00+00:00,Донецька область,3,2,1
2023-04-08 00:00:00+00:00,Запорізька область,3,1,2
2023-04-08 00:00:00+00:00,Миколаївська область,2,0,2
2023-04-08 00:00:00+00:00,Харківська область,1,0,1
2023-04-09 00:00:00+00:00,Донецька область,3,2,3
2023-04-09 00:00:00+00:00,Запорізька область,3,3,0
2023-04-09 00:00:00+00:00,Рівненська область,1,1,0
2023-04-09 00:00:00+00:00,Сумська область,1,1,0
2023-04-09 00:00:00+00:00,Херсонська область,6,0,6
2023-04-09 00:00:00+00:00,Чернігівська область,2,1,2
2023-04-10 00:00:00+00:00,Автономна Республіка Крим,1,1,0
2023-04-10 00:00:00+00:00,Донецька область,10,1,9
2023-04-10 00:00:00+00:00,Запорізька область,1,0,1
2023-04-10 00:00:00+00:00,Київська область,1,1,0
2023-04-10 00:00:00+00:00,Сумська область,1,1,0
2023-04-10 00:00:00+00:00,Харківська область,1,1,0
2023-04-10 00:00:00+00:00,Херсонська область,5,3,4
2023-04-10 00:00:00+00:00,Чернігівська область,1,1,0
2023-04-11 00:00:00+00:00,Донецька область,1,1,0
2023-04-11 00:00:00+00:00,Запорізька область,2,0,2
2023-04-12 00:00:00+00:00,Дніпропетровська область,1,0,1
2023-04-12 00:00:00+00:00,Донецька область,18,2,16
2023-04-12 00:00:00+00:00,Запорізька область,2,1,1
2023-04-12 00:00:00+00:00,Луганська область,3,1,2
2023-04-12 00:00:00+00:00,Харківська область,2,1,1
2023-04-12 00:00:00+00:00,Херсонська область,2,0,2
2023-04-13 00:00:00+00:00,Донецька область,2,2,0
2023-04-13 00:00:00+00:00,Запорізька область,5,1,4
2023-04-13 00:00:00+00:00,Київська область,1,0,1
2023-04-13 00:00:00+00:00,Херсонська область,3,0,3
2023-04-14 00:00:00+00:00,Запорізька область,5,1,4
2023-04-14 00:00:00+00:00,Київська область,1,0,1
2023-04-14 00:00:00+00:00,Сумська область,1,0,1
2023-04-14 00:00:00+00:00,Чернігівська область,1,0,1
2023-04-15 00:00:00+00:00,Донецька область,5,4,1
2023-04-15 00:00:00+00:00,Сумська область,1,1,1
2023-04-15 00:00:00+00:00,Херсонська область,1,0,1
2023-04-16 00:00:00+00:00,Автономна Республіка Крим,1,0,1
2023-04-16 00:00:00+00:00,Дніпропетровська область,1,0,1
2023-04-16 00:00:00+00:00,Донецька область,2,0,2
2023-04-16 00:00:00+00:00,Запорізька область,2,2,0
2023-04-16 00:00:00+00:00,Київська область,1,1,0
2023-04-16 00:00:00+00:00,Львівська область,1,0,1
2023-04-16 00:00:00+00:00,Миколаївська область,1,1,0
2023-04-16 00:00:00+00:00,Сумська область,4,0,4
2023-04-16 00:00:00+00:00,Харківська область,1,0,1
2023-04-16 00:00:00+00:00,Чернігівська область,1,0,1
2023-04-17 00:00:00+00:00,Автономна Республіка Крим,1,1,0
2023-04-17 00:00:00+00:00,Дніпропетровська область,1,0,1
2023-04-17 00:00:00+00:00,Донецька область,4,4,2
2023-04-17 00:00:00+00:00,Запорізька область,1,0,1
2023-04-17 00:00:00+00:00,Київська область,1,0,1
2023-04-17 00:00:00+00:00,Сумська область,1,1,1
2023-04-17 00:00:00+00:00,Херсонська область,1,0,1
2023-04-18 00:00:00+00:00,Дніпропетровська область,4,2,2
2023-04-18 00:00:00+00:00,Донецька область,7,5,2
2023-04-18 00:00:00+00:00,Запорізька область,4,4,0
2023-04-18 00:00:00+00:00,Луганська область,4,0,4
2023-04-18 00:00:00+00:00,Харківська область,1,0,1
2023-04-18 00:00:00+00:00,Херсонська область,2,0,2
2023-04-19 00:00:00+00:00,Вінницька область,1,0,1
2023-04-19 00:00:00+00:00,Дніпропетровська область,5,5,0
2023-04-19 00:00:00+00:00,Донецька область,22,4,20
2023-04-19 00:00:00+00:00,Запорізька область,6,2,4
2023-04-19 00:00:00+00:00,Київська область,7,4,4
2023-04-19 00:00:00+00:00,Луганська область,4,0,4
2023-04-19 00:00:00+00:00,Одеська область,11,10,5
2023-04-19 00:00:00+00:00,Сумська область,1,0,1
2023-04-19 00:00:00+00:00,Харківська область,4,0,4
2023-04-19 00:00:00+00:00,Херсонська область,6,1,6
2023-04-20 00:00:00+00:00,Дніпропетровська область,2,2,1
2023-04-20 00:00:00+00:00,Донецька область,1,0,1
2023-04-20 00:00:00+00:00,Запорізька область,1,1,0
2023-04-20 00:00:00+00:00,Київська область,3,3,0
2023-04-20 00:00:00+00:00,Одеська область,1,0,1
2023-04-20 00:00:00+00:00,Полтавська область,1,0,1
2023-04-20 00:00:00+00:00,Сумська область,1,0,1
2023-04-20 00:00:00+00:00,Херсонська область,1,0,1
2023-04-21 00:00:00+00:00,Вінницька область,3,2,1
2023-04-21 00:00:00+00:00,Дніпропетровська область,1,1,0
2023-04-21 00:00:00+00:00,Донецька область,1,0,1
2023-04-21 00:00:00+00:00,Запорізька область,1,1,0
2023-04-21 00:00:00+00:00,Київська область,6,3,4
2023-04-21 00:00:00+00:00,Одеська область,1,0,1
2023-04-21 00:00:00+00:00,Полтавська область,2,1,2
2023-04-21 00:00:00+00:00,Херсонська область,1,0,1
2023-04-22 00:00:00+00:00,Автономна Республіка Крим,2,2,0
2023-04-22 00:00:00+00:00,Дніпропетровська область,2,1,1
2023-04-22 00:00:00+00:00,Донецька область,4,2,3
2023-04-22 00:00:00+00:00,Запорізька область,4,3,2
2023-04-22 00:00:00+00:00,Київська область,2,1,1
2023-04-22 00:00:00+00:00,Кіровоградська область,1,1,0
2023-04-22 00:00:00+00:00,Харківська область,1,1,0
2023-04-22 00:00:00+00:00,Чернігівська область,1,0,1
2023-04-23 00:00:00+00:00,Автономна Республіка Крим,1,1,0
2023-04-23 00:00:00+00:00,Дніпропетровська область,4,1,4
2023-04-23 00:00:00+00:00,Донецька область,2,2,1
2023-04-23 00:00:00+00:00,Запорізька область,1,1,1
2023-04-23 00:00:00+00:00,Київська область,3,2,1
2023-04-23 00:00:00+00:00,Кіровоградська область,1,1,0
2023-04-23 00:00:00+00:00,Харківська область,1,1,0
2023-04-23 00:00:00+00:00,Херсонська область,3,0,3
2023-04-23 00:00:00+00:00,Чернігівська область,1,0,1
2023-04-24 00:00:00+00:00,Автономна Республіка Крим,8,7,8
2023-04-24 00:00:00+00:00,Донецька область,2,2,0
2023-04-24 00:00:00+00:00,Житомирська область,1,1,0
2023-04-24 00:00:00+00:00,Запорізька область,1,0,1
2023-04-24 00:00:00+00:00,Луганська область,4,4,1
2023-04-24 00:00:00+00:00,Херсонська область,1,0,1
2023-04-25 00:00:00+00:00,Автономна Республіка Крим,2,2,0
2023-04-25 00:00:00+00:00,Дніпропетровська область,1,0,1
2023-04-25 00:00:00+00:00,Донецька область,5,3,3
2023-04-25 00:00:00+00:00,Запорізька область,3,1,2
2023-04-25 00:00:00+00:00,Луганська область,1,1,0
2023-04-25 00:00:00+00:00,Харківська область,2,0,2
2023-04-25 00:00:00+00:00,Херсонська область,2,1,1
2023-04-26 00:00:00+00:00,Автономна Республіка Крим,3,3,0
2023-04-26 00:00:00+00:00,Донецька область,1,0,1
2023-04-26 00:00:00+00:00,Запорізька область,3,2,1
2023-04-26 00:00:00+00:00,Херсонська область,7,4,3
2023-04-27 00:00:00+00:00,Автономна Республіка Крим,1,1,0
2023-04-27 00:00:00+00:00,Дніпропетровська область,1,1,0
2023-04-27 00:00:00+00:00,Донецька область,2,1,1
2023-04-27 00:00:00+00:00,Миколаївська область,3,2,1
2023-04-27 00:00:00+00:00,Сумська область,1,0,1
2023-04-27 00:00:00+00:00,Херсонська область,1,0,1
2023-04-28 00:00:00+00:00,Запорізька область,1,0,1
2023-04-28 00:00:00+00:00,Київська область,3,2,1
2023-04-28 00:00:00+00:00,Херсонська область,1,0,1
2023-04-28 00:00:00+00:00,Черкаська область,6,4,2
2023-04-28 00:00:00+00:00,Чернігівська область,2,0,2
2023-04-29 00:00:00+00:00,Автономна Республіка Крим,7,7,2
2023-04-29 00:00:00+00:00,Дніпропетровська область,1,0,1
2023-04-29 00:00:00+00:00,Донецька область,1,1,0
2023-04-29 00:00:00+00:00,Запорізька область,1,0,1
2023-04-29 00:00:00+00:00,Київська область,1,1,0
2023-04-29 00:00:00+00:00,Черкаська область,1,1,0
2023-04-30 00:00:00+00:00,Автономна Республіка Крим,2,1,1
2023-04-30 00:00:00+00:00,Дніпропетровська область,1,0,1
2023-04-30 00:00:00+00:00,Донецька область,3,0,3
2023-04-30 00:00:00+00:00,Запорізька область,1,1,0
2023-04-30 00:00:00+00:00,Київська область,1,1,0
2023-04-30 00:00:00+00:00,Луганська область,2,2,1
2023-04-30 00:00:00+00:00,Черкаська область,1,0,1
2023-05-01 00:00:00+00:00,Автономна Республіка Крим,2,2,1
2023-05-01 00:00:00+00:00,Дніпропетровська область,1,1,0
2023-05-01 00:00:00+00:00,Донецька область,2,1,1
2023-05-01 00:00:00+00:00,Житомирська область,1,1,0
2023-05-01 00:00:00+00:00,Запорізька область,4,2,2
2023-05-01 00:00:00+00:00,Київська область,4,4,1
2023-05-01 00:00:00+00:00,Одеська область,1,1,0
2023-05-01 00:00:00+00:00,Херсонська область,1,0,1
2023-05-01 00:00:00+00:00,Чернігівська область,2,1,1
2023-05-02 00:00:00+00:00,Автономна Республіка Крим,2,0,2
2023-05-02 00:00:00+00:00,Дніпропетровська область,1,0,1
2023-05-02 00:00:00+00:00,Донецька область,47,9,45
2023-05-02 00:00:00+00:00,Запорізька область,9,2,7
2023-05-02 00:00:00+00:00,Київська область,1,0,1
2023-05-02 00:00:00+00:00,Луганська область,4,0,4
2023-05-02 00:00:00+00:00,Миколаївська область,1,0,1
2023-05-02 00:00:00+00:00,Сумська область,1,1,0
2023-05-02 00:00:00+00:00,Харківська область,1,0,1
2023-05-02 00:00:00+00:00,Херсонська область,11,3,8
2023-05-02 00:00:00+00:00,Чернігівська область,1,0,1
2023-05-03 00:00:00+00:00,Автономна Республіка Крим,1,1,0
2023-05-03 00:00:00+00:00,Дніпропетровська область,4,4,2
2023-05-03 00:00:00+00:00,Донецька область,3,1,2
2023-05-03 00:00:00+00:00,Київська область,5,4,1
2023-05-03 00:00:00+00:00,Кіровоградська область,1,1,1
2023-05-03 00:00:00+00:00,Миколаївська область,1,1,0
2023-05-03 00:00:00+00:00,Полтавська область,1,1,1
2023-05-03 00:00:00+00:00,Рівненська область,1,0,1
2023-05-03 00:00:00+00:00,Сумська область,2,1,1
2023-05-03 00:00:00+00:00,Харківська область,1,1,1
2023-05-03 00:00:00+00:00,Херсонська область,9,4,5
2023-05-04 00:00:00+00:00,Автономна Республіка Крим,3,2,2
2023-05-04 00:00:00+00:00,Дніпропетровська область,1,1,0
2023-05-04 00:00:00+00:00,Запорізька область,1,1,1
2023-05-04 00:00:00+00:00,Київська область,15,14,5
2023-05-04 00:00:00+00:00,Миколаївська область,1,1,1
2023-05-04 00:00:00+00:00,Одеська область,4,4,2
2023-05-04 00:00:00+00:00,Полтавська область,1,1,1
2023-05-04 00:00:00+00:00,Сумська область,3,1,2
2023-05-04 00:00:00+00:00,Чернігівська область,2,0,2
2023-05-05 00:00:00+00:00,Дніпропетровська область,4,3,2
2023-05-05 00:00:00+00:00,Донецька область,6,2,5
2023-05-05 00:00:00+00:00,Київська область,5,4,2
2023-05-05 00:00:00+00:00,Сумська область,1,1,0
2023-05-05 00:00:00+00:00,Херсонська область,3,1,2
2023-05-06 00:00:00+00:00,Автономна Республіка Крим,4,4,0
2023-05-06 00:00:00+00:00,Дніпропетровська область,6,3,5
2023-05-06 00:00:00+00:00,Донецька область,3,2,1
2023-05-06 00:00:00+00:00,Запорізька область,1,0,1
2023-05-06 00:00:00+00:00,Сумська область,3,0,3
2023-05-06 00:00:00+00:00,Херсонська область,1,0,1
2023-05-07 00:00:00+00:00,Автономна Республіка Крим,3,3,1
2023-05-07 00:00:00+00:00,Дніпропетровська область,4,3,1
2023-05-07 00:00:00+00:00,Донецька область,5,4,2
2023-05-07 00:00:00+00:00,Запорізька область,1,0,1
2023-05-07 00:00:00+00:00,Київська область,3,3,2
2023-05-07 00:00:00+00:00,Луганська область,1,0,1
2023-05-07 00:00:00+00:00,Миколаївська область,1,1,0
2023-05-07 00:00:00+00:00,Харківська область,3,1,3
2023-05-07 00:00:00+00:00,Херсонська область,1,1,1
2023-05-08 00:00:00+00:00,Автономна Республіка Крим,3,2,1
2023-05-08 00:00:00+00:00,Дніпропетровська область,2,2,0
2023-05-08 00:00:00+00:00,Донецька область,4,3,1
2023-05-08 00:00:00+00:00,Київська область,16,16,5
2023-05-08 00:00:00+00:00,Миколаївська область,1,0,1
2023-05-08 00:00:00+00:00,Одеська область,3,2,1
2023-05-08 00:00:00+00:00,Сумська область,1,1,0
2023-05-08 00:00:00+00:00,Харківська область,3,3,0
2023-05-08 00:00:00+00:00,Херсонська область,3,3,1
2023-05-08 00:00:00+00:00,Чернігівська область,1,1,0
2023-05-09 00:00:00+00:00,Донецька область,4,3,1
2023-05-09 00:00:00+00:00,Запорізька область,1,0,1
2023-05-09 00:00:00+00:00,Київська область,8,7,2
2023-05-09 00:00:00+00:00,Миколаївська область,2,1,1
2023-05-09 00:00:00+00:00,Херсонська область,1,0,1
2023-05-10 00:00:00+00:00,Дніпропетровська область,3,2,3
2023-05-10 00:00:00+00:00,Донецька область,6,3,3
2023-05-10 00:00:00+00:00,Київська область,5,5,1
2023-05-10 00:00:00+00:00,Сумська область,1,0,1
2023-05-10 00:00:00+00:00,Харківська область,1,0,1
2023-05-11 00:00:00+00:00,Дніпропетровська область,2,1,2
2023-05-11 00:00:00+00:00,Донецька область,7,4,5
2023-05-11 00:00:00+00:00,Запорізька область,1,0,1
2023-05-11 00:00:00+00:00,Київська область,6,4,2
2023-05-11 00:00:00+00:00,Одеська область,1,1,0
2023-05-11 00:00:00+00:00,Полтавська область,1,1,0
2023-05-11 00:00:00+00:00,Сумська область,1,0,1
2023-05-11 00:00:00+00:00,Херсонська область,1,0,1
2023-05-12 00:00:00+00:00,Автономна Республіка Крим,3,2,2
2023-05-12 00:00:00+00:00,Донецька область,2,2,1
2023-05-12 00:00:00+00:00,Запорізька область,4,4,1
2023-05-12 00:00:00+00:00,Київська область,2,2,0
2023-05-12 00:00:00+00:00,Харківська область,1,0,1
2023-05-12 00:00:00+00:00,Херсонська область,1,0,1
2023-05-13 00:00:00+00:00,Автономна Республіка Крим,1,0,1
2023-05-13 00:00:00+00:00,Донецька область,8,5,3
2023-05-13 00:00:00+00:00,Запорізька область,2,2,0
2023-05-13 00:00:00+00:00,Київська область,10,8,5
2023-05-13 00:00:00+00:00,Львівська область,1,0,1
2023-05-13 00:00:00+00:00,Миколаївська область,2,2,2
2023-05-13 00:00:00+00:00,Херсонська область,1,1,1
2023-05-13 00:00:00+00:00,Хмельницька область,9,7,4
2023-05-14 00:00:00+00:00,Автономна Республіка Крим,1,0,1
2023-05-14 00:00:00+00:00,Донецька область,6,2,4
2023-05-14 00:00:00+00:00,Київська область,2,2,1
2023-05-14 00:00:00+00:00,Луганська область,1,1,0
2023-05-14 00:00:00+00:00,Тернопільська область,3,2,1
2023-05-14 00:00:00+00:00,Харківська область,2,2,0
2023-05-14 00:00:00+00:00,Херсонська область,2,1,1
2023-05-14 00:00:00+00:00,Хмельницька область,1,1,0
2023-05-15 00:00:00+00:00,Донецька область,6,3,4
2023-05-15 00:00:00+00:00,Херсонська область,3,1,2
2023-05-16 00:00:00+00:00,Донецька область,4,4,1
2023-05-16 00:00:00+00:00,Київська область,4,4,0
2023-05-16 00:00:00+00:00,Одеська область,1,0,1
2023-05-16 00:00:00+00:00,Херсонська область,1,0,1
2023-05-17 00:00:00+00:00,Донецька область,2,1,1
2023-05-17 00:00:00+00:00,Запорізька область,2,2,0
2023-05-17 00:00:00+00:00,Київська область,4,4,0
2023-05-17 00:00:00+00:00,Луганська область,1,1,0
2023-05-17 00:00:00+00:00,Львівська область,1,0,1
2023-05-17 00:00:00+00:00,Миколаївська область,1,1,0
2023-05-17 00:00:00+00:00,Одеська область,1,1,0
2023-05-17 00:00:00+00:00,Харківська область,1,1,0
2023-05-18 00:00:00+00:00,Автономна Республіка Крим,2,1,1
2023-05-18 00:00:00+00:00,Дніпропетровська область,1,0,1
2023-05-18 00:00:00+00:00,Донецька область,5,3,3
2023-05-18 00:00:00+00:00,Житомирська область,1,1,0
2023-05-18 00:00:00+00:00,Київська область,1,0,1
2023-05-18 00:00:00+00:00,Кіровоградська область,2,1,1
2023-05-18 00:00:00+00:00,Одеська область,2,1,1
2023-05-18 00:00:00+00:00,Харківська область,2,2,0
2023-05-18 00:00:00+00:00,Херсонська область,1,0,1
2023-05-18 00:00:00+00:00,Хмельницька область,1,1,0
2023-05-19 00:00:00+00:00,Автономна Республіка Крим,2,2,0
2023-05-19 00:00:00+00:00,Дніпропетровська область,2,1,2
2023-05-19 00:00:00+00:00,Донецька область,11,7,4
2023-05-19 00:00:00+00:00,Київська область,6,5,2
2023-05-19 00:00:00+00:00,Львівська область,4,4,3
2023-05-19 00:00:00+00:00,Сумська область,1,0,1
2023-05-20 00:00:00+00:00,Дніпропетровська область,2,1,1
2023-05-20 00:00:00+00:00,Донецька область,4,3,1
2023-05-20 00:00:00+00:00,Київська область,14,14,5
2023-05-20 00:00:00+00:00,Луганська область,1,0,1
2023-05-20 00:00:00+00:00,Одеська область,1,0,1
2023-05-20 00:00:00+00:00,Харківська область,2,1,1
2023-05-20 00:00:00+00:00,Херсонська область,2,1,1
2023-05-21 00:00:00+00:00,Дніпропетровська область,1,1,1
2023-05-21 00:00:00+00:00,Донецька область,11,4,7
2023-05-21 00:00:00+00:00,Запорізька область,4,1,4
2023-05-21 00:00:00+00:00,Київська область,3,3,0
2023-05-21 00:00:00+00:00,Луганська область,5,3,2
2023-05-21 00:00:00+00:00,Одеська область,1,1,0
2023-05-21 00:00:00+00:00,Харківська область,1,0,1
2023-05-21 00:00:00+00:00,Херсонська область,2,1,1
2023-05-22 00:00:00+00:00,Дніпропетровська область,7,5,4
2023-05-22 00:00:00+00:00,Донецька область,2,1,1
2023-05-22 00:00:00+00:00,Київська область,1,1,0
2023-05-22 00:00:00+00:00,Миколаївська область,1,1,0
2023-05-22 00:00:00+00:00,Одеська область,2,2,1
2023-05-22 00:00:00+00:00,Херсонська область,1,1,1
2023-05-23 00:00:00+00:00,Донецька область,9,2,7
2023-05-23 00:00:00+00:00,Запорізька область,1,0,1
2023-05-23 00:00:00+00:00,Луганська область,1,0,1
2023-05-23 00:00:00+00:00,Харківська область,1,1,0
2023-05-23 00:00:00+00:00,Херсонська область,1,0,1
2023-05-24 00:00:00+00:00,Донецька область,3,3,0
2023-05-24 00:00:00+00:00,Запорізька область,1,0,1
2023-05-24 00:00:00+00:00,Сумська область,1,1,0
2023-05-24 00:00:00+00:00,Харківська область,2,2,1
2023-05-24 00:00:00+00:00,Херсонська область,1,0,1
2023-05-25 00:00:00+00:00,Автономна Республіка Крим,2,2,2
2023-05-25 00:00:00+00:00,Донецька область,2,2,0
2023-05-25 00:00:00+00:00,Запорізька область,4,3,1
2023-05-25 00:00:00+00:00,Київська область,4,3,2
2023-05-25 00:00:00+00:00,Миколаївська область,1,1,0
2023-05-25 00:00:00+00:00,Одеська область,1,1,0
2023-05-25 00:00:00+00:00,Харківська область,3,3,0
2023-05-25 00:00:00+00:00,Чернівецька область,1,1,0
2023-05-26 00:00:00+00:00,Дніпропетровська область,7,1,7
2023-05-26 00:00:00+00:00,Донецька область,1,0,1
2023-05-26 00:00:00+00:00,Київська область,6,4,2
2023-05-26 00:00:00+00:00,Харківська область,3,3,3
2023-05-26 00:00:00+00:00,Херсонська область,1,1,0
2023-05-27 00:00:00+00:00,Дніпропетровська область,3,1,2
2023-05-27 00:00:00+00:00,Донецька область,24,16,20
2023-05-27 00:00:00+00:00,Запорізька область,12,7,10
2023-05-27 00:00:00+00:00,Київська область,3,1,2
2023-05-27 00:00:00+00:00,Луганська область,5,3,5
2023-05-27 00:00:00+00:00,Миколаївська область,1,1,0
2023-05-27 00:00:00+00:00,Сумська область,1,1,1
2023-05-27 00:00:00+00:00,Харківська область,4,2,3
2023-05-27 00:00:00+00:00,Херсонська область,6,4,4
2023-05-27 00:00:00+00:00,Чернігівська область,1,1,1
2023-05-28 00:00:00+00:00,Дніпропетровська область,3,1,2
2023-05-28 00:00:00+00:00,Донецька область,3,2,1
2023-05-28 00:00:00+00:00,Житомирська область,1,1,1
2023-05-28 00:00:00+00:00,Запорізька область,2,2,0
2023-05-28 00:00:00+00:00,Київська область,25,23,8
2023-05-28 00:00:00+00:00,Сумська область,1,1,0
2023-05-28 00:00:00+00:00,Харківська область,1,1,1
2023-05-28 00:00:00+00:00,Чернігівська область,1,1,1
2023-05-29 00:00:00+00:00,Вінницька область,1,1,0
2023-05-29 00:00:00+00:00,Дніпропетровська область,3,0,3
2023-05-29 00:00:00+00:00,Донецька область,8,1,7
2023-05-29 00:00:00+00:00,Житомирська область,2,2,1
2023-05-29 00:00:00+00:00,Київська область,10,10,2
2023-05-29 00:00:00+00:00,Львівська область,1,1,0
2023-05-29 00:00:00+00:00,Миколаївська область,1,1,0
2023-05-29 00:00:00+00:00,Одеська область,5,5,3
2023-05-29 00:00:00+00:00,Сумська область,2,2,0
2023-05-29 00:00:00+00:00,Харківська область,2,0,2
2023-05-29 00:00:00+00:00,Хмельницька область,3,2,1
2023-05-30 00:00:00+00:00,Дніпропетровська область,1,1,0
2023-05-30 00:00:00+00:00,Донецька область,2,1,1
2023-05-30 00:00:00+00:00,Житомирська область,2,2,1
2023-05-30 00:00:00+00:00,Київська область,21,19,6
2023-05-30 00:00:00+00:00,Луганська область,1,1,0
2023-05-30 00:00:00+00:00,Одеська область,1,1,0
2023-05-30 00:00:00+00:00,Херсонська область,1,0,1
2023-05-31 00:00:00+00:00,Дніпропетровська область,1,0,1
2023-05-31 00:00:00+00:00,Запорізька область,1,1,0
2023-05-31 00:00:00+00:00,Київська область,5,5,2
2023-05-31 00:00:00+00:00,Миколаївська область,1,1,1
2023-05-31 00:00:00+00:00,Одеська область,1,1,0
2023-05-31 00:00:00+00:00,Харківська область,2,0,2
2023-06-01 00:00:00+00:00,Донецька область,1,1,0
2023-06-01 00:00:00+00:00,Запорізька область,1,0,1
2023-06-01 00:00:00+00:00,Київська область,11,11,4
2023-06-01 00:00:00+00:00,Луганська область,1,1,0
2023-06-01 00:00:00+00:00,Харківська область,2,2,0
2023-06-02 00:00:00+00:00,Дніпропетровська область,1,1,1
2023-06-02 00:00:00+00:00,Донецька область,1,1,1
2023-06-02 00:00:00+00:00,Запорізька область,3,1,2
2023-06-02 00:00:00+00:00,Київська область,8,7,1
2023-06-02 00:00:00+00:00,Миколаївська область,1,1,0
2023-06-02 00:00:00+00:00,Харківська область,2,1,2
2023-06-02 00:00:00+00:00,Чернігівська область,1,1,0
2023-06-03 00:00:00+00:00,Дніпропетровська область,6,2,6
2023-06-03 00:00:00+00:00,Донецька область,17,4,14
2023-06-03 00:00:00+00:00,Запорізька область,11,4,10
2023-06-03 00:00:00+00:00,Київська область,1,0,1
2023-06-03 00:00:00+00:00,Луганська область,5,1,5
2023-06-03 00:00:00+00:00,Миколаївська область,1,0,1
2023-06-03 00:00:00+00:00,Харківська область,2,0,2
2023-06-03 00:00:00+00:00,Херсонська область,8,1,8
2023-06-03 00:00:00+00:00,Хмельницька область,1,0,1
2023-06-04 00:00:00+00:00,Автономна Республіка Крим,3,3,1
2023-06-04 00:00:00+00:00,Дніпропетровська область,2,0,2
2023-06-04 00:00:00+00:00,Донецька область,1,0,1
2023-06-04 00:00:00+00:00,Запорізька область,1,1,0
2023-06-04 00:00:00+00:00,Київська область,6,6,1
2023-06-04 00:00:00+00:00,Кіровоградська область,1,0,1
2023-06-04 00:00:00+00:00,Львівська область,1,0,1
2023-06-04 00:00:00+00:00,Сумська область,1,0,1
2023-06-04 00:00:00+00:00,Харківська область,1,1,0
2023-06-05 00:00:00+00:00,Дніпропетровська область,1,1,0
2023-06-05 00:00:00+00:00,Донецька область,4,1,4
2023-06-05 00:00:00+00:00,Запорізька область,1,1,0
2023-06-05 00:00:00+00:00,Київська область,2,2,0
2023-06-05 00:00:00+00:00,Луганська область,1,0,1
2023-06-05 00:00:00+00:00,Одеська область,1,0,1
2023-06-05 00:00:00+00:00,Харківська область,7,4,4
2023-06-05 00:00:00+00:00,Херсонська область,4,1,3
2023-06-06 00:00:00+00:00,Дніпропетровська область,4,4,0
2023-06-06 00:00:00+00:00,Донецька область,2,2,0
2023-06-06 00:00:00+00:00,Запорізька область,1,1,0
2023-06-06 00:00:00+00:00,Київська область,8,5,3
2023-06-06 00:00:00+00:00,Сумська область,1,1,0
2023-06-06 00:00:00+00:00,Харківська область,3,3,1
2023-06-06 00:00:00+00:00,Херсонська область,1,0,1
2023-06-07 00:00:00+00:00,Автономна Республіка Крим,1,1,0
2023-06-07 00:00:00+00:00,Дніпропетровська область,2,1,1
2023-06-07 00:00:00+00:00,Донецька область,1,1,0
2023-06-07 00:00:00+00:00,Запорізька область,1,1,0
2023-06-07 00:00:00+00:00,Київська область,4,3,1
2023-06-07 00:00:00+00:00,Сумська область,2,2,1
2023-06-07 00:00:00+00:00,Херсонська область,3,1,2
2023-06-08 00:00:00+00:00,Дніпропетровська область,3,2,1
2023-06-08 00:00:00+00:00,Донецька область,3,3,0
2023-06-08 00:00:00+00:00,Запорізька область,2,2,0
2023-06-08 00:00:00+00:00,Київська область,2,1,1
2023-06-08 00:00:00+00:00,Львівська область,1,1,0
2023-06-08 00:00:00+00:00,Одеська область,2,1,1
2023-06-08 00:00:00+00:00,Полтавська область,1,0,1
2023-06-08 00:00:00+00:00,Сумська область,1,1,1
2023-06-08 00:00:00+00:00,Херсонська область,1,0,1
2023-06-09 00:00:00+00:00,Дніпропетровська область,1,0,1
2023-06-09 00:00:00+00:00,Донецька область,6,2,4
2023-06-09 00:00:00+00:00,Житомирська область,1,0,1
2023-06-09 00:00:00+00:00,Запорізька область,10,5,5
2023-06-09 00:00:00+00:00,Київська область,1,0,1
2023-06-09 00:00:00+00:00,Луганська область,2,0,2
2023-06-09 00:00:00+00:00,Миколаївська область,1,0,1
2023-06-09 00:00:00+00:00,Сумська область,2,2,2
2023-06-09 00:00:00+00:00,Харківська область,2,2,1
2023-06-09 00:00:00+00:00,Херсонська область,5,2,4
2023-06-09 00:00:00+00:00,Чернігівська область,2,0,2
2023-06-10 00:00:00+00:00,Донецька область,5,2,3
2023-06-10 00:00:00+00:00,Львівська область,1,0,1
2023-06-10 00:00:00+00:00,Миколаївська область,1,1,1
2023-06-10 00:00:00+00:00,Одеська область,6,4,4
2023-06-10 00:00:00+00:00,Полтавська область,3,1,2
2023-06-10 00:00:00+00:00,Сумська область,3,1,3
2023-06-10 00:00:00+00:00,Харківська область,1,1,0
2023-06-10 00:00:00+00:00,Херсонська область,1,1,1
2023-06-11 00:00:00+00:00,Автономна Республіка Крим,1,1,0
2023-06-11 00:00:00+00:00,Дніпропетровська область,2,2,1
2023-06-11 00:00:00+00:00,Донецька область,5,3,2
2023-06-11 00:00:00+00:00,Київська область,1,0,1
2023-06-11 00:00:00+00:00,Миколаївська область,1,1,1
2023-06-11 00:00:00+00:00,Одеська область,2,2,0
2023-06-11 00:00:00+00:00,Сумська область,2,1,1
2023-06-11 00:00:00+00:00,Харківська область,1,1,0
2023-06-11 00:00:00+00:00,Херсонська область,3,0,3
2023-06-12 00:00:00+00:00,Дніпропетровська область,3,1,2
2023-06-12 00:00:00+00:00,Донецька область,31,3,30
2023-06-12 00:00:00+00:00,Запорізька область,10,1,9
2023-06-12 00:00:00+00:00,Київська область,1,0,1
2023-06-12 00:00:00+00:00,Луганська область,1,1,1
2023-06-12 00:00:00+00:00,Харківська область,3,1,2
2023-06-12 00:00:00+00:00,Херсонська область,4,0,4
2023-06-13 00:00:00+00:00,Дніпропетровська область,7,6,1
2023-06-13 00:00:00+00:00,Донецька область,2,1,1
2023-06-13 00:00:00+00:00,Запорізька область,3,2,1
2023-06-13 00:00:00+00:00,Київська область,3,3,0
2023-06-13 00:00:00+00:00,Харківська область,1,1,1
2023-06-13 00:00:00+00:00,Херсонська область,3,3,0
2023-06-14 00:00:00+00:00,Автономна Республіка Крим,1,0,1
2023-06-14 00:00:00+00:00,Дніпропетровська область,5,5,2
2023-06-14 00:00:00+00:00,Донецька область,3,0,3
2023-06-14 00:00:00+00:00,Запорізька область,4,1,4
2023-06-14 00:00:00+00:00,Київська область,1,0,1
2023-06-14 00:00:00+00:00,Кіровоградська область,2,2,2
2023-06-14 00:00:00+00:00,Луганська область,1,1,1
2023-06-14 00:00:00+00:00,Одеська область,5,4,3
2023-06-14 00:00:00+00:00,Сумська область,1,1,0
2023-06-14 00:00:00+00:00,Харківська область,2,2,2
2023-06-14 00:00:00+00:00,Херсонська область,1,1,0
2023-06-15 00:00:00+00:00,Автономна Республіка Крим,2,2,0
2023-06-15 00:00:00+00:00,Дніпропетровська область,2,2,0
2023-06-15 00:00:00+00:00,Донецька область,3,3,0
2023-06-15 00:00:00+00:00,Запорізька область,1,0,1
2023-06-15 00:00:00+00:00,Київська область,4,2,2
2023-06-15 00:00:00+00:00,Кіровоградська область,1,1,1
2023-06-15 00:00:00+00:00,Одеська область,3,3,2
2023-06-15 00:00:00+00:00,Сумська область,1,0,1
2023-06-15 00:00:00+00:00,Харківська область,2,2,1
2023-06-16 00:00:00+00:00,Дніпропетровська область,2,1,1
2023-06-16 00:00:00+00:00,Донецька область,3,1,3
2023-06-16 00:00:00+00:00,Київська область,3,3,1
2023-06-16 00:00:00+00:00,Кіровоградська область,1,1,1
2023-06-16 00:00:00+00:00,Миколаївська область,1,1,1
2023-06-16 00:00:00+00:00,Одеська область,1,1,1
2023-06-16 00:00:00+00:00,Херсонська область,6,1,5
2023-06-17 00:00:00+00:00,Дніпропетровська область,2,1,1
2023-06-17 00:00:00+00:00,Донецька область,18,9,15
2023-06-17 00:00:00+00:00,Запорізька область,10,0,10
2023-06-17 00:00:00+00:00,Київська область,5,4,1
2023-06-17 00:00:00+00:00,Луганська область,3,0,3
2023-06-17 00:00:00+00:00,Миколаївська область,1,1,1
2023-06-17 00:00:00+00:00,Сумська область,1,1,0
2023-06-17 00:00:00+00:00,Харківська область,2,1,2
2023-06-17 00:00:00+00:00,Херсонська область,6,2,5
2023-06-18 00:00:00+00:00,Дніпропетровська область,1,1,0
2023-06-18 00:00:00+00:00,Донецька область,1,0,1
2023-06-18 00:00:00+00:00,Запорізька область,1,0,1
2023-06-18 00:00:00+00:00,Київська область,3,1,2
2023-06-18 00:00:00+00:00,Миколаївська область,1,1,1
2023-06-18 00:00:00+00:00,Сумська область,2,1,1
2023-06-18 00:00:00+00:00,Херсонська область,1,1,1
2023-06-19 00:00:00+00:00,Дніпропетровська область,1,1,0
2023-06-19 00:00:00+00:00,Донецька область,1,0,1
2023-06-19 00:00:00+00:00,Запорізька область,1,0,1
2023-06-19 00:00:00+00:00,Київська область,2,1,1
2023-06-19 00:00:00+00:00,Одеська область,4,4,0
2023-06-19 00:00:00+00:00,Сумська область,1,0,1
2023-06-19 00:00:00+00:00,Херсонська область,2,0,2
2023-06-20 00:00:00+00:00,Автономна Республіка Крим,3,3,1
2023-06-20 00:00:00+00:00,Дніпропетровська область,1,1,0
2023-06-20 00:00:00+00:00,Донецька область,4,4,1
2023-06-20 00:00:00+00:00,Запорізька область,3,3,0
2023-06-20 00:00:00+00:00,Київська область,13,12,2
2023-06-20 00:00:00+00:00,Луганська область,1,1,0
2023-06-20 00:00:00+00:00,Львівська область,3,3,0
2023-06-20 00:00:00+00:00,Миколаївська область,1,1,0
2023-06-20 00:00:00+00:00,Сумська область,1,1,0
2023-06-21 00:00:00+00:00,Автономна Республіка Крим,3,3,0
2023-06-21 00:00:00+00:00,Дніпропетровська область,1,1,0
2023-06-21 00:00:00+00:00,Київська область,2,2,0
2023-06-21 00:00:00+00:00,Луганська область,1,1,0
2023-06-21 00:00:00+00:00,Одеська область,1,1,0
2023-06-21 00:00:00+00:00,Хмельницька область,4,4,1
2023-06-22 00:00:00+00:00,Автономна Республіка Крим,2,1,1
2023-06-22 00:00:00+00:00,Дніпропетровська область,1,1,1
2023-06-22 00:00:00+00:00,Донецька область,2,0,2
2023-06-22 00:00:00+00:00,Запорізька область,2,0,2
2023-06-22 00:00:00+00:00,Київська область,1,1,0
2023-06-22 00:00:00+00:00,Одеська область,3,3,1
2023-06-22 00:00:00+00:00,Полтавська область,1,1,0
2023-06-22 00:00:00+00:00,Харківська область,1,1,0
2023-06-22 00:00:00+00:00,Херсонська область,4,2,4
2023-06-23 00:00:00+00:00,Автономна Республіка Крим,1,1,0
2023-06-23 00:00:00+00:00,Дніпропетровська область,1,1,1
2023-06-23 00:00:00+00:00,Донецька область,5,0,5
2023-06-23 00:00:00+00:00,Запорізька область,4,2,3
2023-06-23 00:00:00+00:00,Київська область,3,2,1
2023-06-23 00:00:00+00:00,Львівська область,1,0,1
2023-06-23 00:00:00+00:00,Одеська область,1,0,1
2023-06-23 00:00:00+00:00,Херсонська область,10,2,8
2023-06-23 00:00:00+00:00,Хмельницька область,1,1,0
2023-06-24 00:00:00+00:00,Дніпропетровська область,1,0,1
2023-06-24 00:00:00+00:00,Запорізька область,1,0,1
2023-06-24 00:00:00+00:00,Київська область,5,3,2
2023-06-24 00:00:00+00:00,Одеська область,1,1,1
2023-06-24 00:00:00+00:00,Харківська область,1,0,1
2023-06-25 00:00:00+00:00,Дніпропетровська область,1,0,1
2023-06-25 00:00:00+00:00,Донецька область,3,0,3
2023-06-25 00:00:00+00:00,Запорізька область,1,1,0
2023-06-25 00:00:00+00:00,Луганська область,1,0,1
2023-06-25 00:00:00+00:00,Сумська область,1,1,0
2023-06-26 00:00:00+00:00,Дніпропетровська область,1,0,1
2023-06-26 00:00:00+00:00,Донецька область,4,3,1
2023-06-26 00:00:00+00:00,Запорізька область,1,1,0
2023-06-26 00:00:00+00:00,Київська область,1,0,1
2023-06-26 00:00:00+00:00,Кіровоградська область,1,0,1
2023-06-26 00:00:00+00:00,Одеська область,6,6,1
2023-06-26 00:00:00+00:00,Херсонська область,2,1,2
2023-06-27 00:00:00+00:00,Автономна Республіка Крим,1,1,0
2023-06-27 00:00:00+00:00,Донецька область,6,3,3
2023-06-27 00:00:00+00:00,Київська область,1,1,0
2023-06-27 00:00:00+00:00,Полтавська область,2,0,2
2023-06-27 00:00:00+00:00,Харківська область,1,0,1
2023-06-27 00:00:00+00:00,Херсонська область,2,0,2
2023-06-28 00:00:00+00:00,Автономна Республіка Крим,1,1,0
2023-06-28 00:00:00+00:00,Дніпропетровська область,3,2,2
2023-06-28 00:00:00+00:00,Донецька область,29,5,27
2023-06-28 00:00:00+00:00,Запорізька область,9,1,8
2023-06-28 00:00:00+00:00,Київська область,1,0,1
2023-06-28 00:00:00+00:00,Луганська область,3,1,2
2023-06-28 00:00:00+00:00,Рівненська область,1,0,1
2023-06-28 00:00:00+00:00,Сумська область,1,0,1
2023-06-28 00:00:00+00:00,Харківська область,4,1,3
2023-06-28 00:00:00+00:00,Херсонська область,4,1,3
2023-06-28 00:00:00+00:00,Черкаська область,1,1,0
2023-06-29 00:00:00+00:00,Дніпропетровська область,1,1,0
2023-06-29 00:00:00+00:00,Донецька область,6,5,3
2023-06-29 00:00:00+00:00,Запорізька область,3,3,0
2023-06-29 00:00:00+00:00,Херсонська область,1,1,0
2023-06-30 00:00:00+00:00,Дніпропетровська область,1,1,0
2023-06-30 00:00:00+00:00,Донецька область,3,0,3
2023-06-30 00:00:00+00:00,Запорізька область,5,5,2
2023-06-30 00:00:00+00:00,Миколаївська область,1,1,1
2023-07-01 00:00:00+00:00,Дніпропетровська область,1,1,0
2023-07-01 00:00:00+00:00,Донецька область,5,0,5
2023-07-01 00:00:00+00:00,Запорізька область,1,1,0
2023-07-01 00:00:00+00:00,Харківська область,2,0,2
2023-07-01 00:00:00+00:00,Херсонська область,2,2,0
2023-07-02 00:00:00+00:00,Донецька область,1,0,1
2023-07-02 00:00:00+00:00,Запорізька область,1,0,1
2023-07-02 00:00:00+00:00,Київська область,7,6,2
2023-07-02 00:00:00+00:00,Миколаївська область,1,0,1
2023-07-02 00:00:00+00:00,Сумська область,1,1,0
2023-07-02 00:00:00+00:00,Харківська область,1,0,1
2023-07-02 00:00:00+00:00,Херсонська область,3,3,1
2023-07-03 00:00:00+00:00,Донецька область,4,3,1
2023-07-03 00:00:00+00:00,Київська область,1,0,1
2023-07-03 00:00:00+00:00,Сумська область,5,5,2
2023-07-03 00:00:00+00:00,Херсонська область,1,0,1
2023-07-03 00:00:00+00:00,Хмельницька область,1,1,0
2023-07-04 00:00:00+00:00,Донецька область,8,2,6
2023-07-04 00:00:00+00:00,Запорізька область,1,1,0
2023-07-04 00:00:00+00:00,Луганська область,1,0,1
2023-07-04 00:00:00+00:00,Сумська область,2,0,2
2023-07-04 00:00:00+00:00,Харківська область,1,0,1
2023-07-04 00:00:00+00:00,Херсонська область,2,0,2
2023-07-05 00:00:00+00:00,Автономна Республіка Крим,1,0,1
2023-07-05 00:00:00+00:00,Дніпропетровська область,1,1,0
2023-07-05 00:00:00+00:00,Донецька область,5,2,3
2023-07-05 00:00:00+00:00,Запорізька область,1,1,0
2023-07-05 00:00:00+00:00,Київська область,1,1,0
2023-07-05 00:00:00+00:00,Миколаївська область,2,2,0
2023-07-05 00:00:00+00:00,Сумська область,5,1,5
2023-07-05 00:00:00+00:00,Херсонська область,2,0,2
2023-07-06 00:00:00+00:00,Дніпропетровська область,1,0,1
2023-07-06 00:00:00+00:00,Донецька область,1,0,1
2023-07-06 00:00:00+00:00,Запорізька область,1,1,0
2023-07-06 00:00:00+00:00,Львівська область,13,10,4
2023-07-06 00:00:00+00:00,Миколаївська область,1,1,0
2023-07-06 00:00:00+00:00,Сумська область,3,1,3
2023-07-06 00:00:00+00:00,Тернопільська область,1,1,0
2023-07-06 00:00:00+00:00,Харківська область,2,0,2
2023-07-06 00:00:00+00:00,Херсонська область,2,1,1
2023-07-07 00:00:00+00:00,Дніпропетровська область,4,3,4
2023-07-07 00:00:00+00:00,Донецька область,5,2,3
2023-07-07 00:00:00+00:00,Запорізька область,1,1,0
2023-07-07 00:00:00+00:00,Львівська область,5,5,0
2023-07-07 00:00:00+00:00,Сумська область,1,1,0
2023-07-07 00:00:00+00:00,Харківська область,1,0,1
2023-07-07 00:00:00+00:00,Херсонська область,3,1,2
2023-07-08 00:00:00+00:00,Дніпропетровська область,5,1,5
2023-07-08 00:00:00+00:00,Донецька область,31,5,28
2023-07-08 00:00:00+00:00,Запорізька область,15,0,15
2023-07-08 00:00:00+00:00,Кіровоградська область,1,0,1
2023-07-08 00:00:00+00:00,Луганська область,3,0,3
2023-07-08 00:00:00+00:00,Львівська область,2,2,0
2023-07-08 00:00:00+00:00,Миколаївська область,1,0,1
2023-07-08 00:00:00+00:00,Харківська область,4,0,4
2023-07-08 00:00:00+00:00,Херсонська область,6,2,5
2023-07-09 00:00:00+00:00,Дніпропетровська область,3,1,3
2023-07-09 00:00:00+00:00,Донецька область,4,1,3
2023-07-09 00:00:00+00:00,Харківська область,2,0,2
2023-07-09 00:00:00+00:00,Херсонська область,2,0,2
2023-07-10 00:00:00+00:00,Вінницька область,1,0,1
2023-07-10 00:00:00+00:00,Дніпропетровська область,2,0,2
2023-07-10 00:00:00+00:00,Донецька область,2,0,2
2023-07-10 00:00:00+00:00,Запорізька область,12,0,12
2023-07-10 00:00:00+00:00,Миколаївська область,4,2,3
2023-07-10 00:00:00+00:00,Одеська область,1,1,1
2023-07-11 00:00:00+00:00,Вінницька область,1,0,1
2023-07-11 00:00:00+00:00,Донецька область,9,3,6
2023-07-11 00:00:00+00:00,Запорізька область,2,0,2
2023-07-11 00:00:00+00:00,Київська область,14,11,5
2023-07-11 00:00:00+00:00,Луганська область,1,1,1
2023-07-11 00:00:00+00:00,Одеська область,6,6,3
2023-07-11 00:00:00+00:00,Харківська область,1,1,1
2023-07-11 00:00:00+00:00,Херсонська область,2,0,2
2023-07-12 00:00:00+00:00,Автономна Республіка Крим,1,1,0
2023-07-12 00:00:00+00:00,Дніпропетровська область,1,1,0
2023-07-12 00:00:00+00:00,Донецька область,3,1,2
2023-07-12 00:00:00+00:00,Запорізька область,2,2,0
2023-07-12 00:00:00+00:00,Київська область,5,5,2
2023-07-12 00:00:00+00:00,Миколаївська область,2,2,0
2023-07-12 00:00:00+00:00,Одеська область,1,0,1
2023-07-12 00:00:00+00:00,Рівненська область,1,0,1
2023-07-12 00:00:00+00:00,Херсонська область,1,0,1
2023-07-12 00:00:00+00:00,Черкаська область,1,1,1
2023-07-13 00:00:00+00:00,Дніпропетровська область,1,1,0
2023-07-13 00:00:00+00:00,Донецька область,2,0,2
2023-07-13 00:00:00+00:00,Запорізька область,1,0,1
2023-07-13 00:00:00+00:00,Київська область,13,12,4
2023-07-13 00:00:00+00:00,Миколаївська область,2,2,0
2023-07-13 00:00:00+00:00,Одеська область,1,0,1
2023-07-13 00:00:00+00:00,Рівненська область,1,0,1
2023-07-13 00:00:00+00:00,Сумська область,3,2,1
2023-07-13 00:00:00+00:00,Харківська область,3,0,3
2023-07-13 00:00:00+00:00,Херсонська область,3,1,2
2023-07-13 00:00:00+00:00,Хмельницька область,2,2,1
2023-07-13 00:00:00+00:00,Черкаська область,2,1,2
2023-07-14 00:00:00+00:00,Вінницька область,2,0,2
2023-07-14 00:00:00+00:00,Дніпропетровська область,4,2,3
2023-07-14 00:00:00+00:00,Донецька область,3,0,3
2023-07-14 00:00:00+00:00,Запорізька область,1,0,1
2023-07-14 00:00:00+00:00,Київська область,3,2,1
2023-07-14 00:00:00+00:00,Миколаївська область,1,1,0
2023-07-14 00:00:00+00:00,Одеська область,1,1,0
2023-07-14 00:00:00+00:00,Рівненська область,1,0,1
2023-07-14 00:00:00+00:00,Сумська область,1,1,0
2023-07-14 00:00:00+00:00,Черкаська область,2,1,2
2023-07-15 00:00:00+00:00,Дніпропетровська область,2,1,1
2023-07-15 00:00:00+00:00,Донецька область,4,1,3
2023-07-15 00:00:00+00:00,Запорізька область,6,4,4
2023-07-15 00:00:00+00:00,Київська область,1,1,0
2023-07-15 00:00:00+00:00,Миколаївська область,1,1,0
2023-07-16 00:00:00+00:00,Автономна Республіка Крим,5,5,4
2023-07-16 00:00:00+00:00,Дніпропетровська область,2,1,1
2023-07-16 00:00:00+00:00,Донецька область,5,3,3
2023-07-16 00:00:00+00:00,Запорізька область,4,1,3
2023-07-16 00:00:00+00:00,Луганська область,2,1,1
2023-07-16 00:00:00+00:00,Миколаївська область,1,1,0
2023-07-16 00:00:00+00:00,Одеська область,1,1,0
2023-07-16 00:00:00+00:00,Харківська область,2,2,1
2023-07-16 00:00:00+00:00,Херсонська область,4,0,4
2023-07-17 00:00:00+00:00,Автономна Республіка Крим,12,7,5
2023-07-17 00:00:00+00:00,Дніпропетровська область,3,2,2
2023-07-17 00:00:00+00:00,Донецька область,3,1,3
2023-07-17 00:00:00+00:00,Запорізька область,2,1,2
2023-07-17 00:00:00+00:00,Київська область,1,1,1
2023-07-17 00:00:00+00:00,Миколаївська область,2,1,1
2023-07-17 00:00:00+00:00,Сумська область,2,0,2
2023-07-17 00:00:00+00:00,Харківська область,3,1,2
2023-07-18 00:00:00+00:00,Автономна Республіка Крим,3,2,1
2023-07-18 00:00:00+00:00,Дніпропетровська область,1,1,0
2023-07-18 00:00:00+00:00,Донецька область,3,1,3
2023-07-18 00:00:00+00:00,Запорізька область,2,1,1
2023-07-18 00:00:00+00:00,Київська область,1,0,1
2023-07-18 00:00:00+00:00,Львівська область,1,1,0
2023-07-18 00:00:00+00:00,Миколаївська область,2,2,0
2023-07-18 00:00:00+00:00,Одеська область,4,4,1
2023-07-18 00:00:00+00:00,Сумська область,2,0,2
2023-07-18 00:00:00+00:00,Харківська область,1,1,0
2023-07-19 00:00:00+00:00,Автономна Республіка Крим,2,2,0
2023-07-19 00:00:00+00:00,Дніпропетровська область,1,1,0
2023-07-19 00:00:00+00:00,Донецька область,3,0,3
2023-07-19 00:00:00+00:00,Житомирська область,3,2,3
2023-07-19 00:00:00+00:00,Запорізька область,3,1,2
2023-07-19 00:00:00+00:00,Київська область,6,5,3
2023-07-19 00:00:00+00:00,Миколаївська область,2,0,2
2023-07-19 00:00:00+00:00,Одеська область,9,6,4
2023-07-19 00:00:00+00:00,Сумська область,2,0,2
2023-07-20 00:00:00+00:00,Автономна Республіка Крим,6,3,4
2023-07-20 00:00:00+00:00,Дніпропетровська область,2,0,2
2023-07-20 00:00:00+00:00,Донецька область,25,2,25
2023-07-20 00:00:00+00:00,Житомирська область,1,0,1
2023-07-20 00:00:00+00:00,Запорізька область,14,0,14
2023-07-20 00:00:00+00:00,Київська область,1,0,1
2023-07-20 00:00:00+00:00,Луганська область,4,2,2
2023-07-20 00:00:00+00:00,Львівська область,1,0,1
2023-07-20 00:00:00+00:00,Миколаївська область,12,3,9
2023-07-20 00:00:00+00:00,Одеська область,10,6,5
2023-07-20 00:00:00+00:00,Сумська область,3,1,2
2023-07-20 00:00:00+00:00,Харківська область,6,0,6
2023-07-20 00:00:00+00:00,Херсонська область,3,0,3
2023-07-20 00:00:00+00:00,Чернігівська область,2,2,1
2023-07-21 00:00:00+00:00,Автономна Республіка Крим,1,1,1
2023-07-21 00:00:00+00:00,Донецька область,5,0,5
2023-07-21 00:00:00+00:00,Житомирська область,1,0,1
2023-07-21 00:00:00+00:00,Запорізька область,1,1,0
2023-07-21 00:00:00+00:00,Київська область,1,0,1
2023-07-21 00:00:00+00:00,Одеська область,1,0,1
2023-07-21 00:00:00+00:00,Сумська область,2,0,2
2023-07-21 00:00:00+00:00,Тернопільська область,1,1,0
2023-07-21 00:00:00+00:00,Харківська область,1,1,0
2023-07-21 00:00:00+00:00,Чернігівська область,1,0,1
2023-07-22 00:00:00+00:00,Автономна Республіка Крим,5,3,2
2023-07-22 00:00:00+00:00,Донецька область,3,0,3
2023-07-22 00:00:00+00:00,Кіровоградська область,1,0,1
2023-07-22 00:00:00+00:00,Одеська область,2,2,0
2023-07-22 00:00:00+00:00,Сумська область,4,1,3
2023-07-22 00:00:00+00:00,Херсонська область,2,0,2
2023-07-23 00:00:00+00:00,Автономна Республіка Крим,1,0,1
2023-07-23 00:00:00+00:00,Дніпропетровська область,1,1,0
2023-07-23 00:00:00+00:00,Донецька область,2,1,1
2023-07-23 00:00:00+00:00,Луганська область,1,1,0
2023-07-23 00:00:00+00:00,Одеська область,9,7,2
2023-07-23 00:00:00+00:00,Сумська область,1,0,1
2023-07-23 00:00:00+00:00,Харківська область,2,0,2
2023-07-23 00:00:00+00:00,Херсонська область,2,1,1
2023-07-24 00:00:00+00:00,Автономна Республіка Крим,7,5,3
2023-07-24 00:00:00+00:00,Дніпропетровська область,1,1,0
2023-07-24 00:00:00+00:00,Донецька область,7,2,6
2023-07-24 00:00:00+00:00,Закарпатська область,4,0,4
2023-07-24 00:00:00+00:00,Київська область,1,1,0
2023-07-24 00:00:00+00:00,Луганська область,1,1,0
2023-07-24 00:00:00+00:00,Миколаївська область,1,0,1
2023-07-24 00:00:00+00:00,Одеська область,11,7,8
2023-07-24 00:00:00+00:00,Сумська область,3,2,1
2023-07-24 00:00:00+00:00,Херсонська область,2,1,1
2023-07-25 00:00:00+00:00,Автономна Республіка Крим,3,3,0
2023-07-25 00:00:00+00:00,Донецька область,5,2,3
2023-07-25 00:00:00+00:00,Житомирська область,4,2,3
2023-07-25 00:00:00+00:00,Закарпатська область,2,0,2
2023-07-25 00:00:00+00:00,Запорізька область,2,1,2
2023-07-25 00:00:00+00:00,Київська область,8,7,4
2023-07-25 00:00:00+00:00,Одеська область,2,0,2
2023-07-25 00:00:00+00:00,Харківська область,1,0,1
2023-07-25 00:00:00+00:00,Херсонська область,1,0,1
2023-07-25 00:00:00+00:00,Черкаська область,2,1,2
2023-07-26 00:00:00+00:00,Автономна Республіка Крим,3,2,1
2023-07-26 00:00:00+00:00,Дніпропетровська область,2,0,2
2023-07-26 00:00:00+00:00,Донецька область,41,9,38
2023-07-26 00:00:00+00:00,Запорізька область,10,0,10
2023-07-26 00:00:00+00:00,Київська область,1,1,0
2023-07-26 00:00:00+00:00,Кіровоградська область,1,1,0
2023-07-26 00:00:00+00:00,Луганська область,4,0,4
2023-07-26 00:00:00+00:00,Одеська область,4,0,4
2023-07-26 00:00:00+00:00,Харківська область,6,3,4
2023-07-26 00:00:00+00:00,Херсонська область,8,2,7
2023-07-26 00:00:00+00:00,Хмельницька область,1,1,0
2023-07-27 00:00:00+00:00,Вінницька область,2,1,1
2023-07-27 00:00:00+00:00,Дніпропетровська область,1,1,0
2023-07-27 00:00:00+00:00,Донецька область,4,0,4
2023-07-27 00:00:00+00:00,Житомирська область,2,2,0
2023-07-27 00:00:00+00:00,Запорізька область,2,1,1
2023-07-27 00:00:00+00:00,Київська область,1,0,1
2023-07-27 00:00:00+00:00,Одеська область,2,1,1
2023-07-27 00:00:00+00:00,Харківська область,2,0,2
2023-07-27 00:00:00+00:00,Херсонська область,1,0,1
2023-07-27 00:00:00+00:00,Хмельницька область,5,2,4
2023-07-28 00:00:00+00:00,Дніпропетровська область,9,1,9
2023-07-28 00:00:00+00:00,Донецька область,4,0,4
2023-07-28 00:00:00+00:00,Житомирська область,2,2,0
2023-07-28 00:00:00+00:00,Запорізька область,1,0,1
2023-07-28 00:00:00+00:00,Київська область,1,1,0
2023-07-28 00:00:00+00:00,Харківська область,1,0,1
2023-07-28 00:00:00+00:00,Хмельницька область,1,0,1
2023-07-29 00:00:00+00:00,Автономна Республіка Крим,4,1,3
2023-07-29 00:00:00+00:00,Дніпропетровська область,3,0,3
2023-07-29 00:00:00+00:00,Донецька область,5,2,3
2023-07-29 00:00:00+00:00,Запорізька область,2,0,2
2023-07-29 00:00:00+00:00,Луганська область,1,0,1
2023-07-29 00:00:00+00:00,Харківська область,1,0,1
2023-07-29 00:00:00+00:00,Хмельницька область,1,0,1
2023-07-30 00:00:00+00:00,Автономна Республіка Крим,1,1,0
2023-07-30 00:00:00+00:00,Дніпропетровська область,3,2,2
2023-07-30 00:00:00+00:00,Донецька область,5,1,4
2023-07-30 00:00:00+00:00,Запорізька область,3,0,3
2023-07-30 00:00:00+00:00,Луганська область,1,0,1
2023-07-30 00:00:00+00:00,Харківська область,1,1,1
2023-07-30 00:00:00+00:00,Херсонська область,1,0,1
2023-07-31 00:00:00+00:00,Автономна Республіка Крим,2,2,0
2023-07-31 00:00:00+00:00,Дніпропетровська область,1,1,0
2023-07-31 00:00:00+00:00,Донецька область,2,0,2
2023-07-31 00:00:00+00:00,Запорізька область,2,1,1
2023-07-31 00:00:00+00:00,Київська область,2,0,2
2023-07-31 00:00:00+00:00,Сумська область,1,1,0
2023-07-31 00:00:00+00:00,Херсонська область,4,0,4
2023-08-01 00:00:00+00:00,Автономна Республіка Крим,7,4,4
2023-08-01 00:00:00+00:00,Дніпропетровська область,3,1,2
2023-08-01 00:00:00+00:00,Донецька область,3,1,2
2023-08-01 00:00:00+00:00,Запорізька область,1,0,1
2023-08-01 00:00:00+00:00,Харківська область,12,8,7
2023-08-01 00:00:00+00:00,Херсонська область,2,0,2
2023-08-02 00:00:00+00:00,Автономна Республіка Крим,2,0,2
2023-08-02 00:00:00+00:00,Дніпропетровська область,1,1,0
2023-08-02 00:00:00+00:00,Донецька область,5,0,5
2023-08-02 00:00:00+00:00,Запорізька область,1,0,1
2023-08-02 00:00:00+00:00,Київська область,11,10,8
2023-08-02 00:00:00+00:00,Львівська область,1,1,0
2023-08-02 00:00:00+00:00,Одеська область,6,6,1
2023-08-02 00:00:00+00:00,Сумська область,1,1,0
2023-08-02 00:00:00+00:00,Харківська область,4,1,4
2023-08-02 00:00:00+00:00,Херсонська область,1,0,1
2023-08-03 00:00:00+00:00,Автономна Республіка Крим,1,0,1
2023-08-03 00:00:00+00:00,Дніпропетровська область,1,0,1
2023-08-03 00:00:00+00:00,Донецька область,3,0,3
2023-08-03 00:00:00+00:00,Закарпатська область,1,0,1
2023-08-03 00:00:00+00:00,Запорізька область,3,0,3
2023-08-03 00:00:00+00:00,Київська область,7,5,3
2023-08-03 00:00:00+00:00,Луганська область,1,1,0
2023-08-03 00:00:00+00:00,Одеська область,2,1,1
2023-08-03 00:00:00+00:00,Харківська область,1,0,1
2023-08-03 00:00:00+00:00,Херсонська область,4,0,4
2023-08-04 00:00:00+00:00,Автономна Республіка Крим,4,3,1
2023-08-04 00:00:00+00:00,Донецька область,5,1,4
2023-08-04 00:00:00+00:00,Закарпатська область,1,0,1
2023-08-04 00:00:00+00:00,Запорізька область,1,0,1
2023-08-04 00:00:00+00:00,Київська область,2,1,1
2023-08-04 00:00:00+00:00,Одеська область,2,1,1
2023-08-04 00:00:00+00:00,Херсонська область,4,1,3
2023-08-04 00:00:00+00:00,Хмельницька область,1,0,1
2023-08-05 00:00:00+00:00,Автономна Республіка Крим,2,2,1
2023-08-05 00:00:00+00:00,Донецька область,3,0,3
2023-08-05 00:00:00+00:00,Житомирська область,1,1,0
2023-08-05 00:00:00+00:00,Запорізька область,2,0,2
2023-08-05 00:00:00+00:00,Київська область,1,1,0
2023-08-05 00:00:00+00:00,Харківська область,4,0,4
2023-08-05 00:00:00+00:00,Хмельницька область,4,3,1
2023-08-06 00:00:00+00:00,Вінницька область,1,0,1
2023-08-06 00:00:00+00:00,Донецька область,1,0,1
2023-08-06 00:00:00+00:00,Запорізька область,2,0,2
2023-08-06 00:00:00+00:00,Рівненська область,1,0,1
2023-08-06 00:00:00+00:00,Харківська область,5,0,5
2023-08-06 00:00:00+00:00,Херсонська область,2,0,2
2023-08-06 00:00:00+00:00,Хмельницька область,5,3,2
2023-08-07 00:00:00+00:00,Івано-Франківська область,1,1,0
2023-08-07 00:00:00+00:00,Вінницька область,1,0,1
2023-08-07 00:00:00+00:00,Дніпропетровська область,2,1,2
2023-08-07 00:00:00+00:00,Донецька область,2,1,1
2023-08-07 00:00:00+00:00,Запорізька область,1,0,1
2023-08-07 00:00:00+00:00,Харківська область,8,1,8
2023-08-07 00:00:00+00:00,Херсонська область,3,0,3
2023-08-07 00:00:00+00:00,Хмельницька область,1,0,1
2023-08-08 00:00:00+00:00,Вінницька область,1,0,1
2023-08-08 00:00:00+00:00,Донецька область,11,1,10
2023-08-08 00:00:00+00:00,Харківська область,3,0,3
2023-08-08 00:00:00+00:00,Херсонська область,1,0,1
2023-08-09 00:00:00+00:00,Дніпропетровська область,1,1,0
2023-08-09 00:00:00+00:00,Донецька область,4,0,4
2023-08-09 00:00:00+00:00,Запорізька область,2,0,2
2023-08-09 00:00:00+00:00,Київська область,1,1,0
2023-08-09 00:00:00+00:00,Херсонська область,3,1,2
2023-08-10 00:00:00+00:00,Автономна Республіка Крим,2,2,1
2023-08-10 00:00:00+00:00,Дніпропетровська область,2,0,2
2023-08-10 00:00:00+00:00,Донецька область,22,5,19
2023-08-10 00:00:00+00:00,Запорізька область,19,0,19
2023-08-10 00:00:00+00:00,Київська область,1,1,0
2023-08-10 00:00:00+00:00,Луганська область,9,1,9
2023-08-10 00:00:00+00:00,Миколаївська область,1,0,1
2023-08-10 00:00:00+00:00,Одеська область,1,1,0
2023-08-10 00:00:00+00:00,Рівненська область,3,2,2
2023-08-10 00:00:00+00:00,Харківська область,9,2,7
2023-08-10 00:00:00+00:00,Херсонська область,8,0,8
2023-08-11 00:00:00+00:00,Івано-Франківська область,1,0,1
2023-08-11 00:00:00+00:00,Донецька область,2,0,2
2023-08-11 00:00:00+00:00,Запорізька область,1,1,0
2023-08-11 00:00:00+00:00,Київська область,3,3,0
2023-08-11 00:00:00+00:00,Одеська область,1,1,0
2023-08-11 00:00:00+00:00,Рівненська область,2,1,2
2023-08-11 00:00:00+00:00,Сумська область,2,2,0
2023-08-11 00:00:00+00:00,Харківська область,2,0,2
2023-08-11 00:00:00+00:00,Херсонська область,2,1,2
2023-08-12 00:00:00+00:00,Автономна Республіка Крим,7,7,2
2023-08-12 00:00:00+00:00,Дніпропетровська область,1,0,1
2023-08-12 00:00:00+00:00,Донецька область,3,0,3
2023-08-12 00:00:00+00:00,Запорізька область,7,4,3
2023-08-12 00:00:00+00:00,Рівненська область,2,1,2
2023-08-12 00:00:00+00:00,Сумська область,1,1,0
2023-08-12 00:00:00+00:00,Харківська область,1,0,1
2023-08-12 00:00:00+00:00,Херсонська область,2,1,2
2023-08-13 00:00:00+00:00,Автономна Республіка Крим,1,1,0
2023-08-13 00:00:00+00:00,Донецька область,7,1,6
2023-08-13 00:00:00+00:00,Запорізька область,3,1,2
2023-08-13 00:00:00+00:00,Луганська область,1,0,1
2023-08-13 00:00:00+00:00,Харківська область,1,0,1
2023-08-13 00:00:00+00:00,Херсонська область,1,0,1
2023-08-14 00:00:00+00:00,Автономна Республіка Крим,1,1,0
2023-08-14 00:00:00+00:00,Донецька область,2,1,1
2023-08-14 00:00:00+00:00,Запорізька область,4,2,2
2023-08-14 00:00:00+00:00,Одеська область,13,10,5
2023-08-14 00:00:00+00:00,Харківська область,1,0,1
2023-08-14 00:00:00+00:00,Херсонська область,1,0,1
2023-08-15 00:00:00+00:00,Волинська область,4,1,3
2023-08-15 00:00:00+00:00,Дніпропетровська область,4,1,3
2023-08-15 00:00:00+00:00,Донецька область,4,2,3
2023-08-15 00:00:00+00:00,Запорізька область,2,1,1
2023-08-15 00:00:00+00:00,Київська область,1,0,1
2023-08-15 00:00:00+00:00,Львівська область,1,1,0
2023-08-15 00:00:00+00:00,Сумська область,1,1,0
2023-08-15 00:00:00+00:00,Харківська область,1,0,1
2023-08-15 00:00:00+00:00,Херсонська область,1,0,1
2023-08-15 00:00:00+00:00,Хмельницька область,1,1,0
2023-08-16 00:00:00+00:00,Автономна Республіка Крим,1,1,0
2023-08-16 00:00:00+00:00,Донецька область,2,1,1
2023-08-16 00:00:00+00:00,Запорізька область,2,1,1
2023-08-16 00:00:00+00:00,Львівська область,1,0,1
2023-08-16 00:00:00+00:00,Одеська область,11,7,6
2023-08-16 00:00:00+00:00,Харківська область,13,7,6
2023-08-16 00:00:00+00:00,Херсонська область,1,0,1
2023-08-17 00:00:00+00:00,Дніпропетровська область,1,1,0
2023-08-17 00:00:00+00:00,Донецька область,5,0,5
2023-08-17 00:00:00+00:00,Запорізька область,2,0,2
2023-08-17 00:00:00+00:00,Львівська область,1,0,1
2023-08-17 00:00:00+00:00,Одеська область,2,1,1
2023-08-17 00:00:00+00:00,Сумська область,1,1,0
2023-08-17 00:00:00+00:00,Харківська область,4,1,3
2023-08-18 00:00:00+00:00,Автономна Республіка Крим,1,1,0
2023-08-18 00:00:00+00:00,Донецька область,2,2,0
2023-08-18 00:00:00+00:00,Запорізька область,5,4,2
2023-08-18 00:00:00+00:00,Київська область,2,0,2
2023-08-18 00:00:00+00:00,Одеська область,2,1,1
2023-08-18 00:00:00+00:00,Харківська область,2,1,1
2023-08-18 00:00:00+00:00,Херсонська область,4,2,3
2023-08-19 00:00:00+00:00,Автономна Республіка Крим,2,2,0
2023-08-19 00:00:00+00:00,Житомирська область,2,0,2
2023-08-19 00:00:00+00:00,Запорізька область,2,1,1
2023-08-19 00:00:00+00:00,Київська область,3,3,0
2023-08-19 00:00:00+00:00,Львівська область,1,1,1
2023-08-19 00:00:00+00:00,Херсонська область,1,0,1
2023-08-19 00:00:00+00:00,Хмельницька область,1,0,1
2023-08-19 00:00:00+00:00,Чернігівська область,8,6,4
2023-08-20 00:00:00+00:00,Донецька область,2,0,2
2023-08-20 00:00:00+00:00,Запорізька область,1,1,0
2023-08-20 00:00:00+00:00,Луганська область,1,0,1
2023-08-20 00:00:00+00:00,Сумська область,1,1,0
2023-08-20 00:00:00+00:00,Херсонська область,5,0,5
2023-08-20 00:00:00+00:00,Чернігівська область,3,3,0
2023-08-21 00:00:00+00:00,Донецька область,2,1,1
2023-08-21 00:00:00+00:00,Запорізька область,1,1,0
2023-08-21 00:00:00+00:00,Харківська область,1,0,1
2023-08-21 00:00:00+00:00,Херсонська область,4,1,3
2023-08-21 00:00:00+00:00,Чернігівська область,3,3,0
2023-08-22 00:00:00+00:00,Автономна Республіка Крим,1,1,0
2023-08-22 00:00:00+00:00,Вінницька область,1,0,1
2023-08-22 00:00:00+00:00,Дніпропетровська область,1,1,0
2023-08-22 00:00:00+00:00,Запорізька область,1,1,0
2023-08-22 00:00:00+00:00,Харківська область,1,0,1
2023-08-22 00:00:00+00:00,Херсонська область,1,0,1
2023-08-22 00:00:00+00:00,Чернігівська область,2,2,1
2023-08-23 00:00:00+00:00,Автономна Республіка Крим,3,3,1
2023-08-23 00:00:00+00:00,Дніпропетровська область,2,2,0
2023-08-23 00:00:00+00:00,Донецька область,25,6,23
2023-08-23 00:00:00+00:00,Запорізька область,9,1,8
2023-08-23 00:00:00+00:00,Луганська область,6,0,6
2023-08-23 00:00:00+00:00,Одеська область,5,5,3
2023-08-23 00:00:00+00:00,Сумська область,10,2,8
2023-08-23 00:00:00+00:00,Харківська область,3,1,3
2023-08-23 00:00:00+00:00,Херсонська область,11,0,11
2023-08-24 00:00:00+00:00,Автономна Республіка Крим,8,8,0
2023-08-24 00:00:00+00:00,Дніпропетровська область,11,2,10
2023-08-24 00:00:00+00:00,Донецька область,2,0,2
2023-08-24 00:00:00+00:00,Запорізька область,3,1,2
2023-08-24 00:00:00+00:00,Львівська область,1,0,1
2023-08-24 00:00:00+00:00,Миколаївська область,1,0,1
2023-08-24 00:00:00+00:00,Одеська область,6,4,3
2023-08-24 00:00:00+00:00,Сумська область,4,3,2
2023-08-24 00:00:00+00:00,Херсонська область,3,0,3
2023-08-25 00:00:00+00:00,Автономна Республіка Крим,8,8,3
2023-08-25 00:00:00+00:00,Дніпропетровська область,2,2,0
2023-08-25 00:00:00+00:00,Донецька область,2,0,2
2023-08-25 00:00:00+00:00,Запорізька область,6,4,4
2023-08-25 00:00:00+00:00,Одеська область,7,5,3
2023-08-25 00:00:00+00:00,Сумська область,3,2,2
2023-08-25 00:00:00+00:00,Херсонська область,1,1,1
2023-08-26 00:00:00+00:00,Автономна Республіка Крим,4,3,1
2023-08-26 00:00:00+00:00,Дніпропетровська область,2,0,2
2023-08-26 00:00:00+00:00,Донецька область,1,1,0
2023-08-26 00:00:00+00:00,Житомирська область,7,0,7
2023-08-26 00:00:00+00:00,Запорізька область,1,0,1
2023-08-26 00:00:00+00:00,Київська область,1,1,0
2023-08-26 00:00:00+00:00,Херсонська область,4,0,4
2023-08-27 00:00:00+00:00,Автономна Республіка Крим,1,0,1
2023-08-27 00:00:00+00:00,Дніпропетровська область,1,0,1
2023-08-27 00:00:00+00:00,Донецька область,2,0,2
2023-08-27 00:00:00+00:00,Житомирська область,5,0,5
2023-08-27 00:00:00+00:00,Запорізька область,2,2,0
2023-08-27 00:00:00+00:00,Київська область,3,1,2
2023-08-27 00:00:00+00:00,Харківська область,2,0,2
2023-08-27 00:00:00+00:00,Херсонська область,7,2,6
2023-08-27 00:00:00+00:00,Черкаська область,1,1,0
2023-08-28 00:00:00+00:00,Автономна Республіка Крим,8,6,2
2023-08-28 00:00:00+00:00,Дніпропетровська область,1,1,0
2023-08-28 00:00:00+00:00,Донецька область,4,1,3
2023-08-28 00:00:00+00:00,Житомирська область,4,0,4
2023-08-28 00:00:00+00:00,Запорізька область,4,3,3
2023-08-28 00:00:00+00:00,Полтавська область,3,1,2
2023-08-28 00:00:00+00:00,Харківська область,1,0,1
2023-08-28 00:00:00+00:00,Херсонська область,3,3,0
2023-08-29 00:00:00+00:00,Автономна Республіка Крим,3,1,2
2023-08-29 00:00:00+00:00,Дніпропетровська область,2,0,2
2023-08-29 00:00:00+00:00,Житомирська область,3,1,3
2023-08-29 00:00:00+00:00,Запорізька область,2,1,1
2023-08-29 00:00:00+00:00,Київська область,1,0,1
2023-08-29 00:00:00+00:00,Луганська область,1,1,0
2023-08-29 00:00:00+00:00,Харківська область,1,0,1
2023-08-30 00:00:00+00:00,Автономна Республіка Крим,6,5,1
2023-08-30 00:00:00+00:00,Дніпропетровська область,3,0,3
2023-08-30 00:00:00+00:00,Донецька область,43,12,38
2023-08-30 00:00:00+00:00,Житомирська область,4,2,4
2023-08-30 00:00:00+00:00,Запорізька область,19,0,19
2023-08-30 00:00:00+00:00,Київська область,6,5,2
2023-08-30 00:00:00+00:00,Луганська область,8,0,8
2023-08-30 00:00:00+00:00,Одеська область,2,2,0
2023-08-30 00:00:00+00:00,Сумська область,1,1,0
2023-08-30 00:00:00+00:00,Харківська область,6,2,6
2023-08-30 00:00:00+00:00,Херсонська область,4,0,4
2023-08-30 00:00:00+00:00,Черкаська область,1,1,0
2023-08-31 00:00:00+00:00,Автономна Республіка Крим,2,2,0
2023-08-31 00:00:00+00:00,Донецька область,7,1,6
2023-08-31 00:00:00+00:00,Житомирська область,1,0,1
2023-08-31 00:00:00+00:00,Запорізька область,1,1,1
2023-08-31 00:00:00+00:00,Київська область,1,1,0
2023-08-31 00:00:00+00:00,Харківська область,2,0,2
2023-09-01 00:00:00+00:00,Автономна Республіка Крим,4,3,3
2023-09-01 00:00:00+00:00,Донецька область,5,0,5
2023-09-01 00:00:00+00:00,Житомирська область,1,0,1
2023-09-01 00:00:00+00:00,Запорізька область,1,1,0
2023-09-01 00:00:00+00:00,Київська область,1,1,0
2023-09-01 00:00:00+00:00,Львівська область,1,1,0
2023-09-01 00:00:00+00:00,Полтавська область,1,0,1
2023-09-01 00:00:00+00:00,Херсонська область,2,0,2
2023-09-02 00:00:00+00:00,Донецька область,5,0,5
2023-09-02 00:00:00+00:00,Запорізька область,3,3,0
2023-09-02 00:00:00+00:00,Одеська область,1,1,0
2023-09-02 00:00:00+00:00,Сумська область,1,1,0
2023-09-02 00:00:00+00:00,Херсонська область,6,0,6
2023-09-03 00:00:00+00:00,Донецька область,1,0,1
2023-09-03 00:00:00+00:00,Запорізька область,1,1,0
2023-09-03 00:00:00+00:00,Київська область,1,1,0
2023-09-03 00:00:00+00:00,Одеська область,13,10,4
2023-09-03 00:00:00+00:00,Херсонська область,1,0,1
2023-09-04 00:00:00+00:00,Автономна Республіка Крим,2,2,0
2023-09-04 00:00:00+00:00,Дніпропетровська область,5,2,4
2023-09-04 00:00:00+00:00,Одеська область,11,6,7
2023-09-04 00:00:00+00:00,Херсонська область,2,0,2
2023-09-05 00:00:00+00:00,Дніпропетровська область,2,0,2
2023-09-05 00:00:00+00:00,Донецька область,1,1,0
2023-09-05 00:00:00+00:00,Київська область,1,0,1
2023-09-05 00:00:00+00:00,Одеська область,6,2,4
2023-09-05 00:00:00+00:00,Харківська область,1,0,1
2023-09-05 00:00:00+00:00,Херсонська область,4,0,4
2023-09-06 00:00:00+00:00,Автономна Республіка Крим,1,1,0
2023-09-06 00:00:00+00:00,Донецька область,3,0,3
2023-09-06 00:00:00+00:00,Запорізька область,2,2,0
2023-09-06 00:00:00+00:00,Київська область,5,4,1
2023-09-06 00:00:00+00:00,Одеська область,10,8,2
2023-09-06 00:00:00+00:00,Херсонська область,1,0,1
2023-09-07 00:00:00+00:00,Автономна Республіка Крим,6,4,2
2023-09-07 00:00:00+00:00,Донецька область,4,2,2
2023-09-07 00:00:00+00:00,Запорізька область,1,1,0
2023-09-07 00:00:00+00:00,Одеська область,9,5,7
2023-09-07 00:00:00+00:00,Сумська область,2,2,0
2023-09-07 00:00:00+00:00,Херсонська область,2,0,2
2023-09-07 00:00:00+00:00,Черкаська область,1,1,0
2023-09-08 00:00:00+00:00,Автономна Республіка Крим,7,7,1
2023-09-08 00:00:00+00:00,Дніпропетровська область,3,1,3
2023-09-08 00:00:00+00:00,Донецька область,6,0,6
2023-09-08 00:00:00+00:00,Запорізька область,5,2,3
2023-09-08 00:00:00+00:00,Одеська область,11,4,10
2023-09-08 00:00:00+00:00,Сумська область,5,4,2
2023-09-08 00:00:00+00:00,Харківська область,1,0,1
2023-09-08 00:00:00+00:00,Херсонська область,7,0,7
2023-09-09 00:00:00+00:00,Автономна Республіка Крим,3,3,1
2023-09-09 00:00:00+00:00,Дніпропетровська область,1,0,1
2023-09-09 00:00:00+00:00,Донецька область,2,0,2
2023-09-09 00:00:00+00:00,Запорізька область,2,1,1
2023-09-09 00:00:00+00:00,Луганська область,1,1,0
2023-09-09 00:00:00+00:00,Одеська область,5,2,3
2023-09-09 00:00:00+00:00,Сумська область,4,1,4
2023-09-09 00:00:00+00:00,Харківська область,1,0,1
2023-09-09 00:00:00+00:00,Херсонська область,2,0,2
2023-09-09 00:00:00+00:00,Чернігівська область,2,0,2
2023-09-10 00:00:00+00:00,Автономна Республіка Крим,4,2,2
2023-09-10 00:00:00+00:00,Дніпропетровська область,4,0,4
2023-09-10 00:00:00+00:00,Донецька область,51,12,45
2023-09-10 00:00:00+00:00,Запорізька область,21,2,21
2023-09-10 00:00:00+00:00,Київська область,11,8,5
2023-09-10 00:00:00+00:00,Луганська область,13,2,13
2023-09-10 00:00:00+00:00,Одеська область,1,1,0
2023-09-10 00:00:00+00:00,Сумська область,1,0,1
2023-09-10 00:00:00+00:00,Харківська область,6,1,5
2023-09-10 00:00:00+00:00,Херсонська область,9,1,8
2023-09-10 00:00:00+00:00,Чернігівська область,1,0,1
2023-09-11 00:00:00+00:00,Автономна Республіка Крим,1,1,0
2023-09-11 00:00:00+00:00,Дніпропетровська область,1,1,0
2023-09-11 00:00:00+00:00,Запорізька область,3,2,1
2023-09-11 00:00:00+00:00,Київська область,2,2,0
2023-09-11 00:00:00+00:00,Херсонська область,3,1,2
2023-09-11 00:00:00+00:00,Чернігівська область,2,2,0
2023-09-12 00:00:00+00:00,Автономна Республіка Крим,1,1,0
2023-09-12 00:00:00+00:00,Дніпропетровська область,2,1,1
2023-09-12 00:00:00+00:00,Донецька область,3,0,3
2023-09-12 00:00:00+00:00,Запорізька область,5,1,5
2023-09-12 00:00:00+00:00,Київська область,1,1,0
2023-09-12 00:00:00+00:00,Луганська область,3,0,3
2023-09-12 00:00:00+00:00,Херсонська область,2,0,2
2023-09-13 00:00:00+00:00,Автономна Республіка Крим,17,11,7
2023-09-13 00:00:00+00:00,Дніпропетровська область,3,1,2
2023-09-13 00:00:00+00:00,Донецька область,1,0,1
2023-09-13 00:00:00+00:00,Луганська область,2,1,2
2023-09-13 00:00:00+00:00,Одеська область,12,8,8
2023-09-13 00:00:00+00:00,Сумська область,1,1,0
2023-09-13 00:00:00+00:00,Херсонська область,3,0,3
2023-09-13 00:00:00+00:00,Черкаська область,1,0,1
2023-09-13 00:00:00+00:00,Чернігівська область,1,0,1
2023-09-14 00:00:00+00:00,Автономна Республіка Крим,7,5,2
2023-09-14 00:00:00+00:00,Дніпропетровська область,3,3,0
2023-09-14 00:00:00+00:00,Донецька область,3,1,2
2023-09-14 00:00:00+00:00,Запорізька область,1,1,1
2023-09-14 00:00:00+00:00,Київська область,2,1,1
2023-09-14 00:00:00+00:00,Луганська область,1,0,1
2023-09-14 00:00:00+00:00,Одеська область,3,0,3
2023-09-14 00:00:00+00:00,Сумська область,1,1,0
2023-09-14 00:00:00+00:00,Херсонська область,3,0,3
2023-09-14 00:00:00+00:00,Чернігівська область,1,0,1
2023-09-15 00:00:00+00:00,Автономна Республіка Крим,5,3,3
2023-09-15 00:00:00+00:00,Дніпропетровська область,1,0,1
2023-09-15 00:00:00+00:00,Донецька область,1,0,1
2023-09-15 00:00:00+00:00,Київська область,2,2,0
2023-09-15 00:00:00+00:00,Львівська область,1,1,0
2023-09-15 00:00:00+00:00,Миколаївська область,2,2,0
2023-09-15 00:00:00+00:00,Одеська область,2,0,2
2023-09-15 00:00:00+00:00,Сумська область,2,1,1
2023-09-15 00:00:00+00:00,Харківська область,2,2,0
2023-09-15 00:00:00+00:00,Херсонська область,3,0,3
2023-09-15 00:00:00+00:00,Хмельницька область,7,5,4
2023-09-16 00:00:00+00:00,Автономна Республіка Крим,4,1,3
2023-09-16 00:00:00+00:00,Дніпропетровська область,1,0,1
2023-09-16 00:00:00+00:00,Донецька область,3,1,2
2023-09-16 00:00:00+00:00,Запорізька область,2,0,2
2023-09-16 00:00:00+00:00,Київська область,2,2,1
2023-09-16 00:00:00+00:00,Кіровоградська область,1,1,0
2023-09-16 00:00:00+00:00,Луганська область,1,0,1
2023-09-16 00:00:00+00:00,Миколаївська область,1,1,0
2023-09-16 00:00:00+00:00,Сумська область,1,0,1
2023-09-16 00:00:00+00:00,Харківська область,3,1,2
2023-09-16 00:00:00+00:00,Херсонська область,5,0,5
2023-09-16 00:00:00+00:00,Хмельницька область,3,1,3
2023-09-17 00:00:00+00:00,Автономна Республіка Крим,5,3,3
2023-09-17 00:00:00+00:00,Дніпропетровська область,1,1,0
2023-09-17 00:00:00+00:00,Запорізька область,3,0,3
2023-09-17 00:00:00+00:00,Кіровоградська область,1,1,0
2023-09-17 00:00:00+00:00,Одеська область,3,3,0
2023-09-17 00:00:00+00:00,Сумська область,1,0,1
2023-09-17 00:00:00+00:00,Харківська область,3,1,2
2023-09-17 00:00:00+00:00,Херсонська область,2,1,1
2023-09-17 00:00:00+00:00,Хмельницька область,3,1,3
2023-09-18 00:00:00+00:00,Автономна Республіка Крим,6,3,3
2023-09-18 00:00:00+00:00,Дніпропетровська область,6,1,5
2023-09-18 00:00:00+00:00,Донецька область,48,9,45
2023-09-18 00:00:00+00:00,Запорізька область,32,0,32
2023-09-18 00:00:00+00:00,Кіровоградська область,2,0,2
2023-09-18 00:00:00+00:00,Луганська область,10,2,10
2023-09-18 00:00:00+00:00,Миколаївська область,5,1,4
2023-09-18 00:00:00+00:00,Одеська область,1,0,1
2023-09-18 00:00:00+00:00,Харківська область,11,1,11
2023-09-18 00:00:00+00:00,Херсонська область,13,1,12
2023-09-18 00:00:00+00:00,Хмельницька область,2,0,2
2023-09-18 00:00:00+00:00,Чернігівська область,1,0,1
2023-09-19 00:00:00+00:00,Автономна Республіка Крим,4,0,4
2023-09-19 00:00:00+00:00,Дніпропетровська область,1,0,1
2023-09-19 00:00:00+00:00,Донецька область,4,3,1
2023-09-19 00:00:00+00:00,Запорізька область,1,0,1
2023-09-19 00:00:00+00:00,Кіровоградська область,1,0,1
2023-09-19 00:00:00+00:00,Львівська область,13,8,9
2023-09-19 00:00:00+00:00,Миколаївська область,2,1,1
2023-09-19 00:00:00+00:00,Одеська область,1,1,0
2023-09-19 00:00:00+00:00,Полтавська область,1,1,0
2023-09-19 00:00:00+00:00,Сумська область,2,0,2
2023-09-19 00:00:00+00:00,Харківська область,5,0,5
2023-09-19 00:00:00+00:00,Херсонська область,7,2,6
2023-09-19 00:00:00+00:00,Хмельницька область,1,1,1
2023-09-20 00:00:00+00:00,Автономна Республіка Крим,9,3,7
2023-09-20 00:00:00+00:00,Донецька область,6,1,5
2023-09-20 00:00:00+00:00,Запорізька область,8,2,6
2023-09-20 00:00:00+00:00,Кіровоградська область,1,0,1
2023-09-20 00:00:00+00:00,Луганська область,5,0,5
2023-09-20 00:00:00+00:00,Львівська область,8,4,4
2023-09-20 00:00:00+00:00,Полтавська область,3,3,1
2023-09-20 00:00:00+00:00,Сумська область,1,0,1
2023-09-20 00:00:00+00:00,Харківська область,5,1,4
2023-09-20 00:00:00+00:00,Херсонська область,3,1,3
2023-09-21 00:00:00+00:00,Автономна Республіка Крим,7,4,3
2023-09-21 00:00:00+00:00,Дніпропетровська область,2,0,2
2023-09-21 00:00:00+00:00,Донецька область,5,0,5
2023-09-21 00:00:00+00:00,Запорізька область,3,0,3
2023-09-21 00:00:00+00:00,Київська область,4,2,2
2023-09-21 00:00:00+00:00,Кіровоградська область,1,1,0
2023-09-21 00:00:00+00:00,Луганська область,2,0,2
2023-09-21 00:00:00+00:00,Львівська область,4,1,3
2023-09-21 00:00:00+00:00,Одеська область,1,1,0
2023-09-21 00:00:00+00:00,Рівненська область,2,2,0
2023-09-21 00:00:00+00:00,Сумська область,1,0,1
2023-09-21 00:00:00+00:00,Харківська область,4,0,4
2023-09-21 00:00:00+00:00,Херсонська область,7,1,6
2023-09-21 00:00:00+00:00,Черкаська область,1,0,1
2023-09-22 00:00:00+00:00,Автономна Республіка Крим,13,6,8
2023-09-22 00:00:00+00:00,Дніпропетровська область,2,1,2
2023-09-22 00:00:00+00:00,Донецька область,4,1,3
2023-09-22 00:00:00+00:00,Запорізька область,1,1,0
2023-09-22 00:00:00+00:00,Київська область,1,0,1
2023-09-22 00:00:00+00:00,Кіровоградська область,1,1,0
2023-09-22 00:00:00+00:00,Одеська область,2,0,2
2023-09-22 00:00:00+00:00,Херсонська область,5,1,4
2023-09-23 00:00:00+00:00,Автономна Республіка Крим,8,5,3
2023-09-23 00:00:00+00:00,Дніпропетровська область,4,3,3
2023-09-23 00:00:00+00:00,Донецька область,4,1,3
2023-09-23 00:00:00+00:00,Київська область,1,0,1
2023-09-23 00:00:00+00:00,Одеська область,2,1,1
2023-09-23 00:00:00+00:00,Харківська область,1,0,1
2023-09-23 00:00:00+00:00,Херсонська область,4,0,4
2023-09-24 00:00:00+00:00,Автономна Республіка Крим,4,3,1
2023-09-24 00:00:00+00:00,Дніпропетровська область,3,1,2
2023-09-24 00:00:00+00:00,Донецька область,1,0,1
2023-09-24 00:00:00+00:00,Запорізька область,1,0,1
2023-09-24 00:00:00+00:00,Київська область,1,0,1
2023-09-24 00:00:00+00:00,Миколаївська область,1,1,0
2023-09-24 00:00:00+00:00,Харківська область,1,0,1
2023-09-24 00:00:00+00:00,Херсонська область,13,3,12
2023-09-25 00:00:00+00:00,Автономна Республіка Крим,4,3,2
2023-09-25 00:00:00+00:00,Дніпропетровська область,4,2,2
2023-09-25 00:00:00+00:00,Донецька область,1,0,1
2023-09-25 00:00:00+00:00,Луганська область,1,1,0
2023-09-25 00:00:00+00:00,Миколаївська область,1,1,0
2023-09-25 00:00:00+00:00,Одеська область,11,8,6
2023-09-25 00:00:00+00:00,Харківська область,1,0,1
2023-09-25 00:00:00+00:00,Херсонська область,15,0,15
2023-09-26 00:00:00+00:00,Дніпропетровська область,1,0,1
2023-09-26 00:00:00+00:00,Донецька область,11,0,11
2023-09-26 00:00:00+00:00,Запорізька область,3,0,3
2023-09-26 00:00:00+00:00,Луганська область,3,0,3
2023-09-26 00:00:00+00:00,Одеська область,3,2,1
2023-09-26 00:00:00+00:00,Сумська область,1,0,1
2023-09-26 00:00:00+00:00,Херсонська область,11,2,9
2023-09-26 00:00:00+00:00,Черкаська область,1,1,1
2023-09-27 00:00:00+00:00,Донецька область,2,1,1
2023-09-27 00:00:00+00:00,Миколаївська область,1,1,0
2023-09-27 00:00:00+00:00,Одеська область,4,1,4
2023-09-27 00:00:00+00:00,Сумська область,1,0,1
2023-09-27 00:00:00+00:00,Херсонська область,5,0,5
2023-09-27 00:00:00+00:00,Черкаська область,1,1,0
2023-09-28 00:00:00+00:00,Вінницька область,1,0,1
2023-09-28 00:00:00+00:00,Донецька область,4,0,4
2023-09-28 00:00:00+00:00,Запорізька область,1,0,1
2023-09-28 00:00:00+00:00,Одеська область,5,2,5
2023-09-28 00:00:00+00:00,Сумська область,1,0,1
2023-09-28 00:00:00+00:00,Херсонська область,4,0,4
2023-09-28 00:00:00+00:00,Черкаська область,1,1,0
2023-09-29 00:00:00+00:00,Дніпропетровська область,3,0,3
2023-09-29 00:00:00+00:00,Донецька область,87,18,84
2023-09-29 00:00:00+00:00,Запорізька область,35,2,34
2023-09-29 00:00:00+00:00,Київська область,1,0,1
2023-09-29 00:00:00+00:00,Кіровоградська область,2,0,2
2023-09-29 00:00:00+00:00,Луганська область,6,1,5
2023-09-29 00:00:00+00:00,Харківська область,5,0,5
2023-09-29 00:00:00+00:00,Херсонська область,24,3,24
2023-09-30 00:00:00+00:00,Івано-Франківська область,1,0,1
2023-09-30 00:00:00+00:00,Автономна Республіка Крим,1,1,0
2023-09-30 00:00:00+00:00,Волинська область,1,0,1
2023-09-30 00:00:00+00:00,Вінницька область,7,3,5
2023-09-30 00:00:00+00:00,Донецька область,6,1,5
2023-09-30 00:00:00+00:00,Запорізька область,6,4,2
2023-09-30 00:00:00+00:00,Київська область,2,1,1
2023-09-30 00:00:00+00:00,Кіровоградська область,1,0,1
2023-09-30 00:00:00+00:00,Львівська область,1,1,0
2023-09-30 00:00:00+00:00,Одеська область,4,4,1
2023-09-30 00:00:00+00:00,Сумська область,1,1,0
2023-09-30 00:00:00+00:00,Херсонська область,8,1,7
2023-10-01 00:00:00+00:00,Автономна Республіка Крим,3,3,0
2023-10-01 00:00:00+00:00,Вінницька область,3,1,2
2023-10-01 00:00:00+00:00,Донецька область,3,1,2
2023-10-01 00:00:00+00:00,Закарпатська область,1,0,1
2023-10-01 00:00:00+00:00,Запорізька область,1,1,0
2023-10-01 00:00:00+00:00,Київська область,1,0,1
2023-10-01 00:00:00+00:00,Кіровоградська область,1,0,1
2023-10-01 00:00:00+00:00,Миколаївська область,1,0,1
2023-10-01 00:00:00+00:00,Сумська область,1,0,1
2023-10-01 00:00:00+00:00,Харківська область,3,2,1
2023-10-01 00:00:00+00:00,Херсонська область,7,1,7
2023-10-01 00:00:00+00:00,Черкаська область,4,3,1
2023-10-02 00:00:00+00:00,Івано-Франківська область,1,1,0
2023-10-02 00:00:00+00:00,Автономна Республіка Крим,3,2,1
2023-10-02 00:00:00+00:00,Вінницька область,3,1,2
2023-10-02 00:00:00+00:00,Дніпропетровська область,7,3,4
2023-10-02 00:00:00+00:00,Донецька область,7,0,7
2023-10-02 00:00:00+00:00,Запорізька область,3,1,2
2023-10-02 00:00:00+00:00,Київська область,2,1,1
2023-10-02 00:00:00+00:00,Луганська область,3,0,3
2023-10-02 00:00:00+00:00,Сумська область,2,0,2
2023-10-02 00:00:00+00:00,Харківська область,6,0,6
2023-10-02 00:00:00+00:00,Херсонська область,8,2,7
2023-10-03 00:00:00+00:00,Автономна Республіка Крим,4,4,1
2023-10-03 00:00:00+00:00,Дніпропетровська область,8,5,4
2023-10-03 00:00:00+00:00,Запорізька область,1,1,0
2023-10-03 00:00:00+00:00,Київська область,1,1,0
2023-10-03 00:00:00+00:00,Миколаївська область,1,1,0
2023-10-03 00:00:00+00:00,Харківська область,1,1,0
2023-10-03 00:00:00+00:00,Херсонська область,5,1,5
2023-10-04 00:00:00+00:00,Автономна Республіка Крим,4,2,2
2023-10-04 00:00:00+00:00,Дніпропетровська область,2,1,1
2023-10-04 00:00:00+00:00,Донецька область,6,0,6
2023-10-04 00:00:00+00:00,Запорізька область,3,0,3
2023-10-04 00:00:00+00:00,Луганська область,4,0,4
2023-10-04 00:00:00+00:00,Миколаївська область,2,1,1
2023-10-04 00:00:00+00:00,Одеська область,1,1,0
2023-10-04 00:00:00+00:00,Сумська область,1,0,1
2023-10-04 00:00:00+00:00,Харківська область,1,0,1
2023-10-04 00:00:00+00:00,Херсонська область,8,1,8
2023-10-05 00:00:00+00:00,Автономна Республіка Крим,4,2,2
2023-10-05 00:00:00+00:00,Дніпропетровська область,1,1,0
2023-10-05 00:00:00+00:00,Київська область,2,0,2
2023-10-05 00:00:00+00:00,Кіровоградська область,4,2,3
2023-10-05 00:00:00+00:00,Одеська область,1,0,1
2023-10-05 00:00:00+00:00,Полтавська область,2,1,1
2023-10-05 00:00:00+00:00,Харківська область,5,2,5
2023-10-05 00:00:00+00:00,Херсонська область,11,1,10
2023-10-06 00:00:00+00:00,Автономна Республіка Крим,5,3,4
2023-10-06 00:00:00+00:00,Дніпропетровська область,1,0,1
2023-10-06 00:00:00+00:00,Донецька область,1,1,0
2023-10-06 00:00:00+00:00,Кіровоградська область,1,1,0
2023-10-06 00:00:00+00:00,Миколаївська область,1,0,1
2023-10-06 00:00:00+00:00,Одеська область,1,1,1
2023-10-06 00:00:00+00:00,Харківська область,8,1,7
2023-10-06 00:00:00+00:00,Херсонська область,4,0,4
2023-10-06 00:00:00+00:00,Черкаська область,1,1,0
2023-10-07 00:00:00+00:00,Автономна Республіка Крим,3,2,1
2023-10-07 00:00:00+00:00,Донецька область,1,1,0
2023-10-07 00:00:00+00:00,Кіровоградська область,1,1,0
2023-10-07 00:00:00+00:00,Миколаївська область,1,0,1
2023-10-07 00:00:00+00:00,Одеська область,4,3,1
2023-10-07 00:00:00+00:00,Херсонська область,8,0,8
2023-10-07 00:00:00+00:00,Хмельницька область,1,1,0
2023-10-08 00:00:00+00:00,Дніпропетровська область,1,0,1
2023-10-08 00:00:00+00:00,Донецька область,1,0,1
2023-10-08 00:00:00+00:00,Запорізька область,1,0,1
2023-10-08 00:00:00+00:00,Миколаївська область,2,0,2
2023-10-08 00:00:00+00:00,Одеська область,3,0,3
2023-10-08 00:00:00+00:00,Херсонська область,6,1,5
2023-10-08 00:00:00+00:00,Хмельницька область,1,1,0
2023-10-09 00:00:00+00:00,Запорізька область,2,1,1
2023-10-09 00:00:00+00:00,Миколаївська область,1,1,0
2023-10-09 00:00:00+00:00,Одеська область,1,0,1
2023-10-09 00:00:00+00:00,Херсонська область,1,0,1
2023-10-10 00:00:00+00:00,Автономна Республіка Крим,1,1,1
2023-10-10 00:00:00+00:00,Донецька область,4,3,1
2023-10-10 00:00:00+00:00,Запорізька область,1,0,1
2023-10-10 00:00:00+00:00,Одеська область,5,4,2
2023-10-10 00:00:00+00:00,Полтавська область,1,0,1
2023-10-10 00:00:00+00:00,Харківська область,1,1,0
2023-10-10 00:00:00+00:00,Херсонська область,2,0,2
2023-10-11 00:00:00+00:00,Івано-Франківська область,1,0,1
2023-10-11 00:00:00+00:00,Донецька область,8,2,7
2023-10-11 00:00:00+00:00,Запорізька область,1,0,1
2023-10-11 00:00:00+00:00,Київська область,2,1,1
2023-10-11 00:00:00+00:00,Луганська область,2,0,2
2023-10-11 00:00:00+00:00,Одеська область,2,0,2
2023-10-11 00:00:00+00:00,Полтавська область,4,3,1
2023-10-11 00:00:00+00:00,Сумська область,2,0,2
2023-10-11 00:00:00+00:00,Харківська область,5,1,5
2023-10-11 00:00:00+00:00,Херсонська область,9,2,8
2023-10-12 00:00:00+00:00,Автономна Республіка Крим,1,0,1
2023-10-12 00:00:00+00:00,Дніпропетровська область,1,1,0
2023-10-12 00:00:00+00:00,Донецька область,5,1,4
2023-10-12 00:00:00+00:00,Київська область,3,0,3
2023-10-12 00:00:00+00:00,Миколаївська область,1,1,0
2023-10-12 00:00:00+00:00,Одеська область,5,5,1
2023-10-12 00:00:00+00:00,Харківська область,2,1,1
2023-10-12 00:00:00+00:00,Херсонська область,7,1,6
2023-10-13 00:00:00+00:00,Автономна Республіка Крим,2,1,1
2023-10-13 00:00:00+00:00,Дніпропетровська область,3,0,3
2023-10-13 00:00:00+00:00,Донецька область,97,18,94
2023-10-13 00:00:00+00:00,Запорізька область,22,0,22
2023-10-13 00:00:00+00:00,Луганська область,9,3,8
2023-10-13 00:00:00+00:00,Миколаївська область,1,1,0
2023-10-13 00:00:00+00:00,Одеська область,2,1,1
2023-10-13 00:00:00+00:00,Харківська область,13,2,13
2023-10-13 00:00:00+00:00,Херсонська область,30,2,29
2023-10-13 00:00:00+00:00,Черкаська область,1,1,0
2023-10-14 00:00:00+00:00,Автономна Республіка Крим,2,2,0
2023-10-14 00:00:00+00:00,Донецька область,10,1,9
2023-10-14 00:00:00+00:00,Запорізька область,1,0,1
2023-10-14 00:00:00+00:00,Миколаївська область,1,1,0
2023-10-14 00:00:00+00:00,Харківська область,1,0,1
2023-10-14 00:00:00+00:00,Херсонська область,1,0,1
2023-10-14 00:00:00+00:00,Черкаська область,1,1,0
2023-10-15 00:00:00+00:00,Дніпропетровська область,1,1,0
2023-10-15 00:00:00+00:00,Донецька область,7,1,6
2023-10-15 00:00:00+00:00,Львівська область,1,0,1
2023-10-15 00:00:00+00:00,Миколаївська область,1,0,1
2023-10-15 00:00:00+00:00,Сумська область,1,1,0
2023-10-15 00:00:00+00:00,Харківська область,3,0,3
2023-10-15 00:00:00+00:00,Херсонська область,6,0,6
2023-10-16 00:00:00+00:00,Донецька область,7,2,5
2023-10-16 00:00:00+00:00,Полтавська область,3,3,1
2023-10-16 00:00:00+00:00,Херсонська область,8,1,7
2023-10-16 00:00:00+00:00,Хмельницька область,2,1,2
2023-10-17 00:00:00+00:00,Автономна Республіка Крим,2,2,1
2023-10-17 00:00:00+00:00,Донецька область,7,1,6
2023-10-17 00:00:00+00:00,Запорізька область,15,6,10
2023-10-17 00:00:00+00:00,Київська область,1,1,0
2023-10-17 00:00:00+00:00,Луганська область,10,5,5
2023-10-17 00:00:00+00:00,Одеська область,4,4,3
2023-10-17 00:00:00+00:00,Сумська область,1,1,0
2023-10-17 00:00:00+00:00,Херсонська область,7,1,7
2023-10-18 00:00:00+00:00,Автономна Республіка Крим,2,1,1
2023-10-18 00:00:00+00:00,Донецька область,6,0,6
2023-10-18 00:00:00+00:00,Запорізька область,2,2,2
2023-10-18 00:00:00+00:00,Луганська область,1,0,1
2023-10-18 00:00:00+00:00,Миколаївська область,1,0,1
2023-10-18 00:00:00+00:00,Сумська область,1,1,0
2023-10-18 00:00:00+00:00,Харківська область,2,0,2
2023-10-18 00:00:00+00:00,Херсонська область,9,0,9
2023-10-19 00:00:00+00:00,Дніпропетровська область,4,2,2
2023-10-19 00:00:00+00:00,Донецька область,8,3,6
2023-10-19 00:00:00+00:00,Запорізька область,1,1,0
2023-10-19 00:00:00+00:00,Луганська область,3,1,2
2023-10-19 00:00:00+00:00,Миколаївська область,1,0,1
2023-10-19 00:00:00+00:00,Сумська область,1,1,1
2023-10-19 00:00:00+00:00,Харківська область,1,1,0
2023-10-19 00:00:00+00:00,Херсонська область,6,0,6
2023-10-20 00:00:00+00:00,Дніпропетровська область,2,0,2
2023-10-20 00:00:00+00:00,Донецька область,7,2,7
2023-10-20 00:00:00+00:00,Запорізька область,3,3,1
2023-10-20 00:00:00+00:00,Сумська область,1,1,0
2023-10-20 00:00:00+00:00,Харківська область,2,0,2
2023-10-20 00:00:00+00:00,Херсонська область,5,0,5
2023-10-21 00:00:00+00:00,Автономна Республіка Крим,1,0,1
2023-10-21 00:00:00+00:00,Дніпропетровська область,1,0,1
2023-10-21 00:00:00+00:00,Донецька область,6,3,3
2023-10-21 00:00:00+00:00,Сумська область,1,1,0
2023-10-21 00:00:00+00:00,Харківська область,5,3,2
2023-10-21 00:00:00+00:00,Херсонська область,5,1,5
2023-10-22 00:00:00+00:00,Автономна Республіка Крим,1,1,0
2023-10-22 00:00:00+00:00,Донецька область,3,0,3
2023-10-22 00:00:00+00:00,Запорізька область,1,0,1
2023-10-22 00:00:00+00:00,Київська область,5,3,3
2023-10-22 00:00:00+00:00,Харківська область,4,2,2
2023-10-22 00:00:00+00:00,Херсонська область,6,1,6
2023-10-22 00:00:00+00:00,Хмельницька область,1,0,1
2023-10-23 00:00:00+00:00,Автономна Республіка Крим,1,0,1
2023-10-23 00:00:00+00:00,Дніпропетровська область,1,1,0
2023-10-23 00:00:00+00:00,Донецька область,6,2,4
2023-10-23 00:00:00+00:00,Запорізька область,1,0,1
2023-10-23 00:00:00+00:00,Київська область,2,2,0
2023-10-23 00:00:00+00:00,Кіровоградська область,1,1,0
2023-10-23 00:00:00+00:00,Одеська область,5,4,2
2023-10-23 00:00:00+00:00,Харківська область,3,1,2
2023-10-23 00:00:00+00:00,Херсонська область,2,0,2
2023-10-23 00:00:00+00:00,Хмельницька область,1,1,1
2023-10-23 00:00:00+00:00,Черкаська область,1,1,0
2023-10-24 00:00:00+00:00,Автономна Республіка Крим,8,8,2
2023-10-24 00:00:00+00:00,Вінницька область,1,0,1
2023-10-24 00:00:00+00:00,Донецька область,8,1,7
2023-10-24 00:00:00+00:00,Запорізька область,2,0,2
2023-10-24 00:00:00+00:00,Кіровоградська область,1,0,1
2023-10-24 00:00:00+00:00,Харківська область,2,0,2
2023-10-24 00:00:00+00:00,Черкаська область,1,0,1
2023-10-25 00:00:00+00:00,Автономна Республіка Крим,1,0,1
2023-10-25 00:00:00+00:00,Вінницька область,1,0,1
2023-10-25 00:00:00+00:00,Донецька область,5,2,3
2023-10-25 00:00:00+00:00,Київська область,1,1,0
2023-10-25 00:00:00+00:00,Кіровоградська область,1,0,1
2023-10-25 00:00:00+00:00,Миколаївська область,1,0,1
2023-10-25 00:00:00+00:00,Харківська область,1,1,0
2023-10-25 00:00:00+00:00,Херсонська область,5,1,5
2023-10-25 00:00:00+00:00,Хмельницька область,15,8,12
2023-10-25 00:00:00+00:00,Чернігівська область,2,0,2
2023-10-26 00:00:00+00:00,Івано-Франківська область,1,0,1
2023-10-26 00:00:00+00:00,Донецька область,4,2,2
2023-10-26 00:00:00+00:00,Миколаївська область,1,1,0
2023-10-26 00:00:00+00:00,Одеська область,1,1,0
2023-10-26 00:00:00+00:00,Сумська область,1,1,0
2023-10-26 00:00:00+00:00,Херсонська область,7,1,7
2023-10-26 00:00:00+00:00,Хмельницька область,3,2,2
2023-10-27 00:00:00+00:00,Автономна Республіка Крим,1,0,1
2023-10-27 00:00:00+00:00,Вінницька область,1,0,1
2023-10-27 00:00:00+00:00,Дніпропетровська область,2,0,2
2023-10-27 00:00:00+00:00,Донецька область,73,15,68
2023-10-27 00:00:00+00:00,Запорізька область,13,0,13
2023-10-27 00:00:00+00:00,Луганська область,12,0,12
2023-10-27 00:00:00+00:00,Миколаївська область,5,3,2
2023-10-27 00:00:00+00:00,Одеська область,1,0,1
2023-10-27 00:00:00+00:00,Харківська область,9,0,9
2023-10-27 00:00:00+00:00,Херсонська область,28,1,28
2023-10-28 00:00:00+00:00,Автономна Республіка Крим,1,0,1
2023-10-28 00:00:00+00:00,Дніпропетровська область,2,2,0
2023-10-28 00:00:00+00:00,Донецька область,2,1,1
2023-10-28 00:00:00+00:00,Київська область,1,1,0
2023-10-28 00:00:00+00:00,Херсонська область,9,1,8
2023-10-29 00:00:00+00:00,Автономна Республіка Крим,1,1,0
2023-10-29 00:00:00+00:00,Вінницька область,1,1,1
2023-10-29 00:00:00+00:00,Дніпропетровська область,1,0,1
2023-10-29 00:00:00+00:00,Донецька область,6,2,4
2023-10-29 00:00:00+00:00,Кіровоградська область,1,0,1
2023-10-29 00:00:00+00:00,Херсонська область,4,0,4
2023-10-29 00:00:00+00:00,Хмельницька область,3,3,1
2023-10-29 00:00:00+00:00,Черкаська область,1,1,0
2023-10-30 00:00:00+00:00,Автономна Республіка Крим,7,7,2
2023-10-30 00:00:00+00:00,Дніпропетровська область,2,2,0
2023-10-30 00:00:00+00:00,Донецька область,6,2,4
2023-10-30 00:00:00+00:00,Запорізька область,2,1,1
2023-10-30 00:00:00+00:00,Одеська область,3,1,2
2023-10-30 00:00:00+00:00,Херсонська область,4,0,4
2023-10-30 00:00:00+00:00,Хмельницька область,3,2,1
2023-10-31 00:00:00+00:00,Автономна Республіка Крим,1,1,0
2023-10-31 00:00:00+00:00,Вінницька область,1,1,0
2023-10-31 00:00:00+00:00,Дніпропетровська область,3,3,0
2023-10-31 00:00:00+00:00,Донецька область,4,2,2
2023-10-31 00:00:00+00:00,Запорізька область,1,0,1
2023-10-31 00:00:00+00:00,Київська область,1,1,0
2023-10-31 00:00:00+00:00,Миколаївська область,3,2,2
2023-10-31 00:00:00+00:00,Одеська область,1,1,0
2023-10-31 00:00:00+00:00,Полтавська область,2,2,0
2023-10-31 00:00:00+00:00,Харківська область,2,1,1
2023-10-31 00:00:00+00:00,Херсонська область,4,1,4
2023-10-31 00:00:00+00:00,Хмельницька область,5,4,3
2023-10-31 00:00:00+00:00,Черкаська область,2,2,0
2023-11-01 00:00:00+00:00,Автономна Республіка Крим,2,2,0
2023-11-01 00:00:00+00:00,Дніпропетровська область,3,1,3
2023-11-01 00:00:00+00:00,Донецька область,6,4,4
2023-11-01 00:00:00+00:00,Запорізька область,4,2,3
2023-11-01 00:00:00+00:00,Кіровоградська область,1,0,1
2023-11-01 00:00:00+00:00,Миколаївська область,2,0,2
2023-11-01 00:00:00+00:00,Одеська область,2,0,2
2023-11-01 00:00:00+00:00,Полтавська область,6,4,3
2023-11-01 00:00:00+00:00,Харківська область,1,0,1
2023-11-01 00:00:00+00:00,Херсонська область,10,3,9
2023-11-01 00:00:00+00:00,Хмельницька область,4,2,2
2023-11-01 00:00:00+00:00,Черкаська область,1,1,0
2023-11-02 00:00:00+00:00,Автономна Республіка Крим,2,1,1
2023-11-02 00:00:00+00:00,Дніпропетровська область,2,2,1
2023-11-02 00:00:00+00:00,Донецька область,7,4,3
2023-11-02 00:00:00+00:00,Запорізька область,1,0,1
2023-11-02 00:00:00+00:00,Київська область,2,1,1
2023-11-02 00:00:00+00:00,Кіровоградська область,2,1,1
2023-11-02 00:00:00+00:00,Миколаївська область,2,0,2
2023-11-02 00:00:00+00:00,Одеська область,4,1,3
2023-11-02 00:00:00+00:00,Полтавська область,3,1,3
2023-11-02 00:00:00+00:00,Тернопільська область,1,0,1
2023-11-02 00:00:00+00:00,Харківська область,1,0,1
2023-11-02 00:00:00+00:00,Херсонська область,2,0,2
2023-11-02 00:00:00+00:00,Хмельницька область,2,0,2
2023-11-02 00:00:00+00:00,Черкаська область,1,1,0
2023-11-03 00:00:00+00:00,Івано-Франківська область,2,2,1
2023-11-03 00:00:00+00:00,Автономна Республіка Крим,1,1,0
2023-11-03 00:00:00+00:00,Дніпропетровська область,2,1,1
2023-11-03 00:00:00+00:00,Донецька область,6,3,4
2023-11-03 00:00:00+00:00,Запорізька область,2,1,1
2023-11-03 00:00:00+00:00,Кіровоградська область,1,1,1
2023-11-03 00:00:00+00:00,Львівська область,7,6,5
2023-11-03 00:00:00+00:00,Одеська область,3,2,2
2023-11-03 00:00:00+00:00,Тернопільська область,1,1,1
2023-11-03 00:00:00+00:00,Харківська область,10,6,7
2023-11-03 00:00:00+00:00,Херсонська область,2,1,1
2023-11-03 00:00:00+00:00,Хмельницька область,1,0,1
2023-11-04 00:00:00+00:00,Івано-Франківська область,1,1,0
2023-11-04 00:00:00+00:00,Автономна Республіка Крим,1,1,0
2023-11-04 00:00:00+00:00,Дніпропетровська область,3,0,3
2023-11-04 00:00:00+00:00,Донецька область,6,2,4
2023-11-04 00:00:00+00:00,Запорізька область,1,0,1
2023-11-04 00:00:00+00:00,Київська область,2,1,1
2023-11-04 00:00:00+00:00,Кіровоградська область,1,0,1
2023-11-04 00:00:00+00:00,Львівська область,3,2,2
2023-11-04 00:00:00+00:00,Одеська область,2,1,2
2023-11-04 00:00:00+00:00,Сумська область,3,3,0
2023-11-04 00:00:00+00:00,Харківська область,2,0,2
2023-11-04 00:00:00+00:00,Херсонська область,1,0,1
2023-11-05 00:00:00+00:00,Дніпропетровська область,2,0,2
2023-11-05 00:00:00+00:00,Донецька область,7,2,5
2023-11-05 00:00:00+00:00,Запорізька область,2,0,2
2023-11-05 00:00:00+00:00,Одеська область,5,1,4
2023-11-05 00:00:00+00:00,Полтавська область,1,0,1
2023-11-05 00:00:00+00:00,Сумська область,1,1,0
2023-11-05 00:00:00+00:00,Харківська область,2,0,2
2023-11-05 00:00:00+00:00,Херсонська область,1,0,1
2023-11-06 00:00:00+00:00,Дніпропетровська область,3,2,1
2023-11-06 00:00:00+00:00,Донецька область,6,2,4
2023-11-06 00:00:00+00:00,Запорізька область,1,0,1
2023-11-06 00:00:00+00:00,Одеська область,7,4,5
2023-11-06 00:00:00+00:00,Херсонська область,1,0,1
2023-11-07 00:00:00+00:00,Автономна Республіка Крим,5,4,3
2023-11-07 00:00:00+00:00,Дніпропетровська область,5,3,2
2023-11-07 00:00:00+00:00,Донецька область,43,12,42
2023-11-07 00:00:00+00:00,Запорізька область,9,2,8
2023-11-07 00:00:00+00:00,Луганська область,2,0,2
2023-11-07 00:00:00+00:00,Миколаївська область,1,0,1
2023-11-07 00:00:00+00:00,Одеська область,2,0,2
2023-11-07 00:00:00+00:00,Сумська область,1,1,0
2023-11-07 00:00:00+00:00,Харківська область,3,0,3
2023-11-07 00:00:00+00:00,Херсонська область,12,1,11
2023-11-08 00:00:00+00:00,Автономна Республіка Крим,1,1,0
2023-11-08 00:00:00+00:00,Дніпропетровська область,4,2,2
2023-11-08 00:00:00+00:00,Донецька область,3,1,2
2023-11-08 00:00:00+00:00,Запорізька область,1,1,0
2023-11-08 00:00:00+00:00,Луганська область,1,0,1
2023-11-08 00:00:00+00:00,Одеська область,2,0,2
2023-11-08 00:00:00+00:00,Сумська область,1,0,1
2023-11-08 00:00:00+00:00,Харківська область,4,2,3
2023-11-08 00:00:00+00:00,Херсонська область,2,2,0
2023-11-09 00:00:00+00:00,Автономна Республіка Крим,3,2,1
2023-11-09 00:00:00+00:00,Донецька область,8,3,6
2023-11-09 00:00:00+00:00,Київська область,1,0,1
2023-11-09 00:00:00+00:00,Одеська область,1,1,1
2023-11-09 00:00:00+00:00,Сумська область,1,1,0
2023-11-09 00:00:00+00:00,Харківська область,3,2,2
2023-11-09 00:00:00+00:00,Херсонська область,2,1,1
2023-11-10 00:00:00+00:00,Автономна Республіка Крим,12,8,9
2023-11-10 00:00:00+00:00,Дніпропетровська область,6,3,5
2023-11-10 00:00:00+00:00,Донецька область,10,2,9
2023-11-10 00:00:00+00:00,Запорізька область,1,1,0
2023-11-10 00:00:00+00:00,Київська область,8,8,1
2023-11-10 00:00:00+00:00,Кіровоградська область,1,1,0
2023-11-10 00:00:00+00:00,Луганська область,1,0,1
2023-11-10 00:00:00+00:00,Одеська область,2,1,1
2023-11-10 00:00:00+00:00,Харківська область,2,1,1
2023-11-10 00:00:00+00:00,Херсонська область,2,1,1
2023-11-10 00:00:00+00:00,Черкаська область,2,1,2
2023-11-11 00:00:00+00:00,Дніпропетровська область,4,4,1
2023-11-11 00:00:00+00:00,Донецька область,6,2,4
2023-11-11 00:00:00+00:00,Запорізька область,1,1,0
2023-11-11 00:00:00+00:00,Київська область,18,13,8
2023-11-11 00:00:00+00:00,Кіровоградська область,1,1,0
2023-11-11 00:00:00+00:00,Одеська область,2,1,1
2023-11-11 00:00:00+00:00,Сумська область,1,1,0
2023-11-11 00:00:00+00:00,Харківська область,1,0,1
2023-11-11 00:00:00+00:00,Херсонська область,3,1,2
2023-11-11 00:00:00+00:00,Черкаська область,2,1,2
2023-11-12 00:00:00+00:00,Автономна Республіка Крим,1,1,0
2023-11-12 00:00:00+00:00,Дніпропетровська область,1,1,0
2023-11-12 00:00:00+00:00,Донецька область,3,2,1
2023-11-12 00:00:00+00:00,Запорізька область,3,0,3
2023-11-12 00:00:00+00:00,Київська область,2,2,0
2023-11-12 00:00:00+00:00,Миколаївська область,1,1,0
2023-11-12 00:00:00+00:00,Херсонська область,4,0,4
2023-11-12 00:00:00+00:00,Черкаська область,1,0,1
2023-11-13 00:00:00+00:00,Дніпропетровська область,2,1,1
2023-11-13 00:00:00+00:00,Донецька область,3,1,2
2023-11-13 00:00:00+00:00,Запорізька область,2,1,2
2023-11-13 00:00:00+00:00,Луганська область,1,0,1
2023-11-13 00:00:00+00:00,Миколаївська область,2,1,1
2023-11-13 00:00:00+00:00,Херсонська область,6,0,6
2023-11-14 00:00:00+00:00,Дніпропетровська область,9,6,6
2023-11-14 00:00:00+00:00,Донецька область,6,3,3
2023-11-14 00:00:00+00:00,Запорізька область,2,1,2
2023-11-14 00:00:00+00:00,Київська область,2,1,1
2023-11-14 00:00:00+00:00,Кіровоградська область,3,2,1
2023-11-14 00:00:00+00:00,Миколаївська область,2,1,1
2023-11-14 00:00:00+00:00,Сумська область,1,1,0
2023-11-14 00:00:00+00:00,Харківська область,4,3,2
2023-11-14 00:00:00+00:00,Херсонська область,6,2,6
2023-11-14 00:00:00+00:00,Хмельницька область,2,1,1
2023-11-15 00:00:00+00:00,Дніпропетровська область,4,3,2
2023-11-15 00:00:00+00:00,Донецька область,9,1,8
2023-11-15 00:00:00+00:00,Запорізька область,1,0,1
2023-11-15 00:00:00+00:00,Кіровоградська область,1,1,0
2023-11-15 00:00:00+00:00,Луганська область,1,0,1
2023-11-15 00:00:00+00:00,Миколаївська область,1,0,1
2023-11-15 00:00:00+00:00,Харківська область,3,2,1
2023-11-15 00:00:00+00:00,Херсонська область,3,0,3
2023-11-15 00:00:00+00:00,Хмельницька область,1,1,0
2023-11-16 00:00:00+00:00,Автономна Республіка Крим,3,3,0
2023-11-16 00:00:00+00:00,Вінницька область,2,1,2
2023-11-16 00:00:00+00:00,Дніпропетровська область,2,1,1
2023-11-16 00:00:00+00:00,Донецька область,9,3,7
2023-11-16 00:00:00+00:00,Запорізька область,2,1,1
2023-11-16 00:00:00+00:00,Луганська область,1,0,1
2023-11-16 00:00:00+00:00,Тернопільська область,1,1,0
2023-11-16 00:00:00+00:00,Херсонська область,5,0,5
2023-11-16 00:00:00+00:00,Хмельницька область,6,5,3
2023-11-17 00:00:00+00:00,Автономна Республіка Крим,1,1,0
2023-11-17 00:00:00+00:00,Вінницька область,2,1,2
2023-11-17 00:00:00+00:00,Дніпропетровська область,2,1,1
2023-11-17 00:00:00+00:00,Донецька область,4,3,2
2023-11-17 00:00:00+00:00,Запорізька область,3,2,1
2023-11-17 00:00:00+00:00,Миколаївська область,1,1,0
2023-11-17 00:00:00+00:00,Сумська область,1,1,1
2023-11-17 00:00:00+00:00,Херсонська область,3,3,0
2023-11-17 00:00:00+00:00,Хмельницька область,3,3,1
2023-11-18 00:00:00+00:00,Автономна Республіка Крим,1,1,0
2023-11-18 00:00:00+00:00,Вінницька область,2,1,2
2023-11-18 00:00:00+00:00,Донецька область,1,0,1
2023-11-18 00:00:00+00:00,Запорізька область,3,1,3
2023-11-18 00:00:00+00:00,Київська область,10,8,5
2023-11-18 00:00:00+00:00,Миколаївська область,1,1,0
2023-11-18 00:00:00+00:00,Одеська область,9,7,5
2023-11-18 00:00:00+00:00,Херсонська область,3,2,1
2023-11-18 00:00:00+00:00,Хмельницька область,2,1,1
2023-11-19 00:00:00+00:00,Автономна Республіка Крим,1,0,1
2023-11-19 00:00:00+00:00,Вінницька область,1,1,1
2023-11-19 00:00:00+00:00,Дніпропетровська область,1,0,1
2023-11-19 00:00:00+00:00,Донецька область,5,2,3
2023-11-19 00:00:00+00:00,Запорізька область,2,1,2
2023-11-19 00:00:00+00:00,Київська область,10,9,3
2023-11-19 00:00:00+00:00,Кіровоградська область,1,1,0
2023-11-19 00:00:00+00:00,Одеська область,3,1,3
2023-11-19 00:00:00+00:00,Сумська область,3,1,2
2023-11-19 00:00:00+00:00,Херсонська область,5,4,2
2023-11-20 00:00:00+00:00,Вінницька область,2,1,2
2023-11-20 00:00:00+00:00,Дніпропетровська область,3,3,2
2023-11-20 00:00:00+00:00,Донецька область,154,148,60
2023-11-20 00:00:00+00:00,Запорізька область,25,24,5
2023-11-20 00:00:00+00:00,Київська область,3,1,2
2023-11-20 00:00:00+00:00,Кіровоградська область,1,1,0
2023-11-20 00:00:00+00:00,Луганська область,32,29,15
2023-11-20 00:00:00+00:00,Одеська область,1,0,1
2023-11-20 00:00:00+00:00,Сумська область,2,2,0
2023-11-20 00:00:00+00:00,Харківська область,10,10,1
2023-11-20 00:00:00+00:00,Херсонська область,30,28,6
2023-11-21 00:00:00+00:00,Вінницька область,2,1,2
2023-11-21 00:00:00+00:00,Дніпропетровська область,5,4,2
2023-11-21 00:00:00+00:00,Донецька область,11,1,10
2023-11-21 00:00:00+00:00,Запорізька область,5,5,0
2023-11-21 00:00:00+00:00,Київська область,3,2,1
2023-11-21 00:00:00+00:00,Луганська область,1,0,1
2023-11-21 00:00:00+00:00,Одеська область,1,1,0
2023-11-21 00:00:00+00:00,Сумська область,3,3,0
2023-11-21 00:00:00+00:00,Харківська область,1,1,0
2023-11-21 00:00:00+00:00,Херсонська область,9,4,5
2023-11-21 00:00:00+00:00,Хмельницька область,2,1,1
2023-11-22 00:00:00+00:00,Автономна Республіка Крим,2,2,1
2023-11-22 00:00:00+00:00,Вінницька область,1,0,1
2023-11-22 00:00:00+00:00,Дніпропетровська область,6,4,3
2023-11-22 00:00:00+00:00,Донецька область,4,2,3
2023-11-22 00:00:00+00:00,Житомирська область,1,1,0
2023-11-22 00:00:00+00:00,Запорізька область,2,1,1
2023-11-22 00:00:00+00:00,Київська область,2,1,1
2023-11-22 00:00:00+00:00,Сумська область,2,2,0
2023-11-22 00:00:00+00:00,Харківська область,1,1,0
2023-11-22 00:00:00+00:00,Херсонська область,2,2,0
2023-11-22 00:00:00+00:00,Хмельницька область,2,2,2
2023-11-23 00:00:00+00:00,Автономна Республіка Крим,2,2,0
2023-11-23 00:00:00+00:00,Дніпропетровська область,1,0,1
2023-11-23 00:00:00+00:00,Донецька область,6,0,6
2023-11-23 00:00:00+00:00,Запорізька область,1,1,0
2023-11-23 00:00:00+00:00,Київська область,1,1,0
2023-11-23 00:00:00+00:00,Сумська область,1,1,0
2023-11-23 00:00:00+00:00,Харківська область,3,2,1
2023-11-23 00:00:00+00:00,Херсонська область,4,1,4
2023-11-23 00:00:00+00:00,Хмельницька область,2,1,2
2023-11-24 00:00:00+00:00,Автономна Республіка Крим,5,5,0
2023-11-24 00:00:00+00:00,Дніпропетровська область,2,2,1
2023-11-24 00:00:00+00:00,Донецька область,4,0,4
2023-11-24 00:00:00+00:00,Запорізька область,2,2,0
2023-11-24 00:00:00+00:00,Київська область,1,0,1
2023-11-24 00:00:00+00:00,Харківська область,1,1,1
2023-11-24 00:00:00+00:00,Херсонська область,8,2,8
2023-11-24 00:00:00+00:00,Хмельницька область,3,1,3
2023-11-25 00:00:00+00:00,Дніпропетровська область,4,3,2
2023-11-25 00:00:00+00:00,Донецька область,4,1,3
2023-11-25 00:00:00+00:00,Запорізька область,2,1,1
2023-11-25 00:00:00+00:00,Київська область,38,30,16
2023-11-25 00:00:00+00:00,Миколаївська область,1,1,0
2023-11-25 00:00:00+00:00,Полтавська область,2,1,2
2023-11-25 00:00:00+00:00,Харківська область,1,0,1
2023-11-25 00:00:00+00:00,Херсонська область,3,2,2
2023-11-26 00:00:00+00:00,Донецька область,4,1,3
2023-11-26 00:00:00+00:00,Київська область,16,14,8
2023-11-26 00:00:00+00:00,Одеська область,1,0,1
2023-11-26 00:00:00+00:00,Полтавська область,2,1,2
2023-11-26 00:00:00+00:00,Харківська область,1,0,1
2023-11-27 00:00:00+00:00,Донецька область,2,1,2
2023-11-27 00:00:00+00:00,Київська область,4,2,2
2023-11-27 00:00:00+00:00,Миколаївська область,1,0,1
2023-11-27 00:00:00+00:00,Одеська область,1,0,1
2023-11-28 00:00:00+00:00,Автономна Республіка Крим,1,0,1
2023-11-28 00:00:00+00:00,Дніпропетровська область,1,1,0
2023-11-28 00:00:00+00:00,Донецька область,2,1,1
2023-11-28 00:00:00+00:00,Запорізька область,5,4,2
2023-11-28 00:00:00+00:00,Київська область,3,3,0
2023-11-28 00:00:00+00:00,Одеська область,3,3,0
2023-11-28 00:00:00+00:00,Херсонська область,1,0,1
2023-11-28 00:00:00+00:00,Хмельницька область,4,3,1
2023-11-28 00:00:00+00:00,Черкаська область,1,0,1
2023-11-29 00:00:00+00:00,Автономна Республіка Крим,2,2,0
2023-11-29 00:00:00+00:00,Донецька область,5,2,4
2023-11-29 00:00:00+00:00,Запорізька область,2,2,0
2023-11-29 00:00:00+00:00,Київська область,1,1,0
2023-11-29 00:00:00+00:00,Одеська область,1,1,1
2023-11-29 00:00:00+00:00,Херсонська область,5,0,5
2023-11-29 00:00:00+00:00,Хмельницька область,4,3,1
2023-11-30 00:00:00+00:00,Автономна Республіка Крим,3,3,1
2023-11-30 00:00:00+00:00,Дніпропетровська область,1,1,0
2023-11-30 00:00:00+00:00,Донецька область,7,2,5
2023-11-30 00:00:00+00:00,Запорізька область,1,1,0
2023-11-30 00:00:00+00:00,Київська область,1,0,1
2023-11-30 00:00:00+00:00,Харківська область,1,0,1
2023-11-30 00:00:00+00:00,Херсонська область,7,4,4
2023-11-30 00:00:00+00:00,Хмельницька область,4,4,0
2023-12-01 00:00:00+00:00,Автономна Республіка Крим,1,1,0
2023-12-01 00:00:00+00:00,Дніпропетровська область,4,3,1
2023-12-01 00:00:00+00:00,Донецька область,5,2,3
2023-12-01 00:00:00+00:00,Запорізька область,1,1,0
2023-12-01 00:00:00+00:00,Київська область,1,1,0
2023-12-01 00:00:00+00:00,Кіровоградська область,1,1,0
2023-12-01 00:00:00+00:00,Миколаївська область,1,1,0
2023-12-01 00:00:00+00:00,Одеська область,2,1,1
2023-12-01 00:00:00+00:00,Харківська область,1,0,1
2023-12-01 00:00:00+00:00,Херсонська область,3,2,1
2023-12-02 00:00:00+00:00,Дніпропетровська область,7,3,5
2023-12-02 00:00:00+00:00,Донецька область,2,1,1
2023-12-02 00:00:00+00:00,Запорізька область,2,2,0
2023-12-02 00:00:00+00:00,Луганська область,1,0,1
2023-12-02 00:00:00+00:00,Одеська область,3,2,1
2023-12-02 00:00:00+00:00,Харківська область,1,0,1
2023-12-02 00:00:00+00:00,Херсонська область,2,0,2
2023-12-03 00:00:00+00:00,Автономна Республіка Крим,1,1,0
2023-12-03 00:00:00+00:00,Вінницька область,1,1,0
2023-12-03 00:00:00+00:00,Донецька область,2,1,1
2023-12-03 00:00:00+00:00,Запорізька область,1,1,0
2023-12-03 00:00:00+00:00,Луганська область,1,1,0
2023-12-03 00:00:00+00:00,Одеська область,1,1,0
2023-12-03 00:00:00+00:00,Сумська область,1,0,1
2023-12-03 00:00:00+00:00,Херсонська область,3,0,3
2023-12-03 00:00:00+00:00,Хмельницька область,2,2,0
2023-12-04 00:00:00+00:00,Автономна Республіка Крим,2,1,2
2023-12-04 00:00:00+00:00,Вінницька область,1,1,0
2023-12-04 00:00:00+00:00,Дніпропетровська область,1,1,0
2023-12-04 00:00:00+00:00,Донецька область,1,1,0
2023-12-04 00:00:00+00:00,Закарпатська область,1,1,0
2023-12-04 00:00:00+00:00,Луганська область,2,2,1
2023-12-04 00:00:00+00:00,Львівська область,3,2,2
2023-12-04 00:00:00+00:00,Миколаївська область,1,1,0
2023-12-04 00:00:00+00:00,Одеська область,1,1,0
2023-12-04 00:00:00+00:00,Сумська область,1,0,1
2023-12-04 00:00:00+00:00,Харківська область,2,2,0
2023-12-04 00:00:00+00:00,Херсонська область,1,1,0
2023-12-04 00:00:00+00:00,Хмельницька область,2,2,0
2023-12-05 00:00:00+00:00,Автономна Республіка Крим,17,14,7
2023-12-05 00:00:00+00:00,Дніпропетровська область,1,1,0
2023-12-05 00:00:00+00:00,Донецька область,2,2,0
2023-12-05 00:00:00+00:00,Запорізька область,1,0,1
2023-12-05 00:00:00+00:00,Львівська область,5,3,3
2023-12-05 00:00:00+00:00,Одеська область,1,1,0
2023-12-05 00:00:00+00:00,Харківська область,4,1,4
2023-12-05 00:00:00+00:00,Херсонська область,3,1,2
2023-12-05 00:00:00+00:00,Хмельницька область,1,1,0
2023-12-06 00:00:00+00:00,Автономна Республіка Крим,6,4,3
2023-12-06 00:00:00+00:00,Дніпропетровська область,3,3,0
2023-12-06 00:00:00+00:00,Донецька область,38,36,24
2023-12-06 00:00:00+00:00,Запорізька область,3,3,0
2023-12-06 00:00:00+00:00,Миколаївська область,1,1,0
2023-12-06 00:00:00+00:00,Одеська область,1,1,1
2023-12-06 00:00:00+00:00,Харківська область,4,1,4
2023-12-06 00:00:00+00:00,Херсонська область,20,17,11
2023-12-06 00:00:00+00:00,Хмельницька область,1,1,0
2023-12-06 00:00:00+00:00,Чернігівська область,1,1,0
2023-12-07 00:00:00+00:00,Автономна Республіка Крим,1,1,0
2023-12-07 00:00:00+00:00,Дніпропетровська область,1,1,1
2023-12-07 00:00:00+00:00,Донецька область,3,2,1
2023-12-07 00:00:00+00:00,Запорізька область,2,2,1
2023-12-07 00:00:00+00:00,Миколаївська область,1,1,0
2023-12-07 00:00:00+00:00,Одеська область,2,1,2
2023-12-07 00:00:00+00:00,Харківська область,2,0,2
2023-12-07 00:00:00+00:00,Херсонська область,5,4,1
2023-12-07 00:00:00+00:00,Хмельницька область,4,3,2
2023-12-08 00:00:00+00:00,Дніпропетровська область,4,3,2
2023-12-08 00:00:00+00:00,Донецька область,3,2,1
2023-12-08 00:00:00+00:00,Київська область,2,2,1
2023-12-08 00:00:00+00:00,Одеська область,2,1,2
2023-12-08 00:00:00+00:00,Харківська область,1,1,1
2023-12-08 00:00:00+00:00,Херсонська область,1,1,0
2023-12-08 00:00:00+00:00,Хмельницька область,1,1,0
2023-12-09 00:00:00+00:00,Дніпропетровська область,2,1,1
2023-12-09 00:00:00+00:00,Донецька область,3,1,3
2023-12-09 00:00:00+00:00,Миколаївська область,1,0,1
2023-12-09 00:00:00+00:00,Херсонська область,3,1,3
2023-12-10 00:00:00+00:00,Дніпропетровська область,2,0,2
2023-12-10 00:00:00+00:00,Донецька область,2,1,1
2023-12-10 00:00:00+00:00,Запорізька область,1,0,1
2023-12-10 00:00:00+00:00,Сумська область,1,1,0
2023-12-10 00:00:00+00:00,Херсонська область,1,0,1
2023-12-11 00:00:00+00:00,Автономна Республіка Крим,1,1,0
2023-12-11 00:00:00+00:00,Дніпропетровська область,1,1,0
2023-12-11 00:00:00+00:00,Донецька область,8,4,4
2023-12-11 00:00:00+00:00,Запорізька область,2,2,0
2023-12-11 00:00:00+00:00,Київська область,5,5,0
2023-12-11 00:00:00+00:00,Миколаївська область,1,1,0
2023-12-11 00:00:00+00:00,Одеська область,2,1,2
2023-12-11 00:00:00+00:00,Сумська область,1,1,0
2023-12-11 00:00:00+00:00,Херсонська область,1,0,1
2023-12-11 00:00:00+00:00,Хмельницька область,3,2,2
2023-12-12 00:00:00+00:00,Автономна Республіка Крим,1,1,0
2023-12-12 00:00:00+00:00,Дніпропетровська область,2,2,0
2023-12-12 00:00:00+00:00,Донецька область,1,1,0
2023-12-12 00:00:00+00:00,Київська область,2,2,0
2023-12-12 00:00:00+00:00,Одеська область,12,8,7
2023-12-12 00:00:00+00:00,Сумська область,1,1,0
2023-12-12 00:00:00+00:00,Харківська область,1,0,1
2023-12-12 00:00:00+00:00,Хмельницька область,3,2,2
2023-12-13 00:00:00+00:00,Автономна Республіка Крим,1,1,0
2023-12-13 00:00:00+00:00,Дніпропетровська область,2,2,1
2023-12-13 00:00:00+00:00,Донецька область,1,1,0
2023-12-13 00:00:00+00:00,Закарпатська область,1,1,0
2023-12-13 00:00:00+00:00,Київська область,11,10,1
2023-12-13 00:00:00+00:00,Одеська область,14,10,9
2023-12-13 00:00:00+00:00,Сумська область,1,1,0
2023-12-14 00:00:00+00:00,Івано-Франківська область,1,0,1
2023-12-14 00:00:00+00:00,Дніпропетровська область,2,2,0
2023-12-14 00:00:00+00:00,Донецька область,3,2,1
2023-12-14 00:00:00+00:00,Київська область,4,3,1
2023-12-14 00:00:00+00:00,Миколаївська область,2,1,2
2023-12-14 00:00:00+00:00,Одеська область,10,6,6
2023-12-14 00:00:00+00:00,Сумська область,1,0,1
2023-12-14 00:00:00+00:00,Херсонська область,2,1,1
2023-12-14 00:00:00+00:00,Хмельницька область,3,2,2
2023-12-15 00:00:00+00:00,Автономна Республіка Крим,7,5,5
2023-12-15 00:00:00+00:00,Волинська область,1,1,0
2023-12-15 00:00:00+00:00,Донецька область,3,2,1
2023-12-15 00:00:00+00:00,Житомирська область,1,0,1
2023-12-15 00:00:00+00:00,Запорізька область,2,1,1
2023-12-15 00:00:00+00:00,Київська область,1,1,0
2023-12-15 00:00:00+00:00,Кіровоградська область,2,2,1
2023-12-15 00:00:00+00:00,Львівська область,1,1,1
2023-12-15 00:00:00+00:00,Миколаївська область,3,2,2
2023-12-15 00:00:00+00:00,Одеська область,3,2,2
2023-12-15 00:00:00+00:00,Херсонська область,3,1,2
2023-12-15 00:00:00+00:00,Хмельницька область,3,2,2
2023-12-16 00:00:00+00:00,Автономна Республіка Крим,4,3,2
2023-12-16 00:00:00+00:00,Дніпропетровська область,1,1,0
2023-12-16 00:00:00+00:00,Донецька область,6,4,2
2023-12-16 00:00:00+00:00,Запорізька область,2,0,2
2023-12-16 00:00:00+00:00,Київська область,10,6,5
2023-12-16 00:00:00+00:00,Кіровоградська область,1,1,0
2023-12-16 00:00:00+00:00,Миколаївська область,1,1,0
2023-12-16 00:00:00+00:00,Одеська область,1,1,0
2023-12-16 00:00:00+00:00,Харківська область,4,1,4
2023-12-16 00:00:00+00:00,Херсонська область,5,3,4
2023-12-17 00:00:00+00:00,Дніпропетровська область,4,2,3
2023-12-17 00:00:00+00:00,Донецька область,3,0,3
2023-12-17 00:00:00+00:00,Кіровоградська область,1,1,0
2023-12-17 00:00:00+00:00,Одеська область,5,4,2
2023-12-17 00:00:00+00:00,Харківська область,4,1,4
2023-12-17 00:00:00+00:00,Херсонська область,8,4,7
2023-12-18 00:00:00+00:00,Дніпропетровська область,3,3,1
2023-12-18 00:00:00+00:00,Донецька область,2,0,2
2023-12-18 00:00:00+00:00,Київська область,2,0,2
2023-12-18 00:00:00+00:00,Кіровоградська область,1,1,0
2023-12-18 00:00:00+00:00,Одеська область,2,2,0
2023-12-18 00:00:00+00:00,Полтавська область,2,1,1
2023-12-18 00:00:00+00:00,Херсонська область,5,3,4
2023-12-19 00:00:00+00:00,Дніпропетровська область,2,2,1
2023-12-19 00:00:00+00:00,Донецька область,5,2,3
2023-12-19 00:00:00+00:00,Запорізька область,1,1,0
2023-12-19 00:00:00+00:00,Київська область,5,4,3
2023-12-19 00:00:00+00:00,Луганська область,1,1,0
2023-12-19 00:00:00+00:00,Львівська область,1,0,1
2023-12-19 00:00:00+00:00,Херсонська область,8,4,6
2023-12-19 00:00:00+00:00,Хмельницька область,3,3,1
2023-12-20 00:00:00+00:00,Автономна Республіка Крим,2,1,1
2023-12-20 00:00:00+00:00,Дніпропетровська область,6,5,4
2023-12-20 00:00:00+00:00,Донецька область,5,4,2
2023-12-20 00:00:00+00:00,Запорізька область,1,1,0
2023-12-20 00:00:00+00:00,Київська область,5,4,2
2023-12-20 00:00:00+00:00,Кіровоградська область,1,0,1
2023-12-20 00:00:00+00:00,Полтавська область,4,2,4
2023-12-20 00:00:00+00:00,Сумська область,3,2,2
2023-12-20 00:00:00+00:00,Харківська область,4,3,1
2023-12-20 00:00:00+00:00,Херсонська область,8,2,7
2023-12-20 00:00:00+00:00,Хмельницька область,2,2,0
2023-12-21 00:00:00+00:00,Автономна Республіка Крим,3,3,0
2023-12-21 00:00:00+00:00,Вінницька область,3,2,2
2023-12-21 00:00:00+00:00,Дніпропетровська область,2,2,0
2023-12-21 00:00:00+00:00,Донецька область,10,3,8
2023-12-21 00:00:00+00:00,Запорізька область,2,1,1
2023-12-21 00:00:00+00:00,Київська область,15,9,10
2023-12-21 00:00:00+00:00,Кіровоградська область,1,0,1
2023-12-21 00:00:00+00:00,Миколаївська область,1,1,0
2023-12-21 00:00:00+00:00,Полтавська область,3,1,3
2023-12-21 00:00:00+00:00,Сумська область,2,1,2
2023-12-21 00:00:00+00:00,Харківська область,1,1,0
2023-12-21 00:00:00+00:00,Херсонська область,7,3,5
2023-12-21 00:00:00+00:00,Чернігівська область,1,1,0
2023-12-22 00:00:00+00:00,Автономна Республіка Крим,2,2,0
2023-12-22 00:00:00+00:00,Вінницька область,3,2,2
2023-12-22 00:00:00+00:00,Дніпропетровська область,2,2,0
2023-12-22 00:00:00+00:00,Донецька область,6,4,2
2023-12-22 00:00:00+00:00,Запорізька область,1,0,1
2023-12-22 00:00:00+00:00,Київська область,18,14,11
2023-12-22 00:00:00+00:00,Миколаївська область,2,2,1
2023-12-22 00:00:00+00:00,Одеська область,11,9,6
2023-12-22 00:00:00+00:00,Харківська область,2,2,0
2023-12-22 00:00:00+00:00,Херсонська область,6,3,5
2023-12-22 00:00:00+00:00,Чернігівська область,1,1,0
2023-12-23 00:00:00+00:00,Автономна Республіка Крим,5,3,2
2023-12-23 00:00:00+00:00,Дніпропетровська область,6,4,4
2023-12-23 00:00:00+00:00,Донецька область,1,1,1
2023-12-23 00:00:00+00:00,Київська область,1,1,0
2023-12-23 00:00:00+00:00,Кіровоградська область,5,3,3
2023-12-23 00:00:00+00:00,Одеська область,5,3,4
2023-12-23 00:00:00+00:00,Херсонська область,8,1,8
2023-12-23 00:00:00+00:00,Хмельницька область,1,1,0
2023-12-24 00:00:00+00:00,Дніпропетровська область,4,3,2
2023-12-24 00:00:00+00:00,Донецька область,6,3,3
2023-12-24 00:00:00+00:00,Запорізька область,2,2,1
2023-12-24 00:00:00+00:00,Київська область,2,0,2
2023-12-24 00:00:00+00:00,Кіровоградська область,1,0,1
2023-12-24 00:00:00+00:00,Одеська область,5,3,3
2023-12-24 00:00:00+00:00,Херсонська область,3,0,3
2023-12-24 00:00:00+00:00,Хмельницька область,5,4,3
2023-12-24 00:00:00+00:00,Чернігівська область,1,1,0
2023-12-25 00:00:00+00:00,Дніпропетровська область,3,2,1
2023-12-25 00:00:00+00:00,Донецька область,3,1,2
2023-12-25 00:00:00+00:00,Запорізька область,1,1,0
2023-12-25 00:00:00+00:00,Луганська область,1,1,0
2023-12-25 00:00:00+00:00,Одеська область,4,2,4
2023-12-25 00:00:00+00:00,Херсонська область,1,1,1
2023-12-26 00:00:00+00:00,Автономна Республіка Крим,7,3,4
2023-12-26 00:00:00+00:00,Дніпропетровська область,3,2,1
2023-12-26 00:00:00+00:00,Донецька область,2,0,2
2023-12-26 00:00:00+00:00,Миколаївська область,6,4,2
2023-12-26 00:00:00+00:00,Одеська область,3,2,1
2023-12-26 00:00:00+00:00,Сумська область,1,1,0
2023-12-26 00:00:00+00:00,Херсонська область,4,1,3
2023-12-26 00:00:00+00:00,Хмельницька область,1,1,0
2023-12-27 00:00:00+00:00,Автономна Республіка Крим,3,2,1
2023-12-27 00:00:00+00:00,Дніпропетровська область,4,3,2
2023-12-27 00:00:00+00:00,Донецька область,3,2,1
2023-12-27 00:00:00+00:00,Одеська область,7,5,6
2023-12-27 00:00:00+00:00,Харківська область,1,0,1
2023-12-27 00:00:00+00:00,Херсонська область,5,4,2
2023-12-27 00:00:00+00:00,Хмельницька область,1,1,0
2023-12-28 00:00:00+00:00,Автономна Республіка Крим,2,2,1
2023-12-28 00:00:00+00:00,Дніпропетровська область,4,3,2
2023-12-28 00:00:00+00:00,Донецька область,3,3,0
2023-12-28 00:00:00+00:00,Запорізька область,4,2,2
2023-12-28 00:00:00+00:00,Київська область,1,0,1
2023-12-28 00:00:00+00:00,Одеська область,5,3,4
2023-12-28 00:00:00+00:00,Харківська область,2,0,2
2023-12-28 00:00:00+00:00,Херсонська область,3,1,3
2023-12-29 00:00:00+00:00,Дніпропетровська область,7,2,5
2023-12-29 00:00:00+00:00,Донецька область,4,4,0
2023-12-29 00:00:00+00:00,Запорізька область,2,1,1
2023-12-29 00:00:00+00:00,Київська область,5,2,3
2023-12-29 00:00:00+00:00,Львівська область,8,6,4
2023-12-29 00:00:00+00:00,Одеська область,4,1,4
2023-12-29 00:00:00+00:00,Сумська область,1,1,0
2023-12-29 00:00:00+00:00,Харківська область,5,1,4
2023-12-29 00:00:00+00:00,Херсонська область,1,0,1
2023-12-29 00:00:00+00:00,Черкаська область,3,1,2
2023-12-30 00:00:00+00:00,Автономна Республіка Крим,2,2,1
2023-12-30 00:00:00+00:00,Дніпропетровська область,3,2,1
2023-12-30 00:00:00+00:00,Донецька область,4,3,1
2023-12-30 00:00:00+00:00,Запорізька область,1,1,0
2023-12-30 00:00:00+00:00,Київська область,6,4,3
2023-12-30 00:00:00+00:00,Львівська область,2,2,0
2023-12-30 00:00:00+00:00,Одеська область,3,3,0
2023-12-30 00:00:00+00:00,Полтавська область,1,1,1
2023-12-30 00:00:00+00:00,Сумська область,1,1,0
2023-12-30 00:00:00+00:00,Харківська область,6,1,6
2023-12-30 00:00:00+00:00,Херсонська область,5,3,5
2023-12-30 00:00:00+00:00,Хмельницька область,3,2,2
2023-12-31 00:00:00+00:00,Дніпропетровська область,3,1,3
2023-12-31 00:00:00+00:00,Донецька область,4,2,2
2023-12-31 00:00:00+00:00,Запорізька область,3,3,1
2023-12-31 00:00:00+00:00,Київська область,4,3,2
2023-12-31 00:00:00+00:00,Кіровоградська область,1,0,1
2023-12-31 00:00:00+00:00,Одеська область,3,3,0
2023-12-31 00:00:00+00:00,Полтавська область,1,1,1
2023-12-31 00:00:00+00:00,Сумська область,1,1,0
2023-12-31 00:00:00+00:00,Харківська область,11,7,9
2023-12-31 00:00:00+00:00,Херсонська область,4,1,3
2023-12-31 00:00:00+00:00,Хмельницька область,2,2,1
2023-12-31 00:00:00+00:00,Черкаська область,1,0,1
2024-01-01 00:00:00+00:00,Автономна Республіка Крим,2,2,1
2024-01-01 00:00:00+00:00,Вінницька область,1,1,1
2024-01-01 00:00:00+00:00,Дніпропетровська область,4,3,2
2024-01-01 00:00:00+00:00,Донецька область,2,2,0
2024-01-01 00:00:00+00:00,Запорізька область,1,1,0
2024-01-01 00:00:00+00:00,Київська область,9,7,4
2024-01-01 00:00:00+00:00,Львівська область,7,5,4
2024-01-01 00:00:00+00:00,Миколаївська область,1,1,1
2024-01-01 00:00:00+00:00,Одеська область,8,6,4
2024-01-01 00:00:00+00:00,Сумська область,5,3,3
2024-01-01 00:00:00+00:00,Харківська область,3,1,3
2024-01-01 00:00:00+00:00,Херсонська область,2,1,1
2024-01-01 00:00:00+00:00,Хмельницька область,2,1,1
2024-01-01 00:00:00+00:00,Черкаська область,1,0,1
2024-01-02 00:00:00+00:00,Дніпропетровська область,1,0,1
2024-01-02 00:00:00+00:00,Донецька область,3,1,2
2024-01-02 00:00:00+00:00,Запорізька область,3,1,2
2024-01-02 00:00:00+00:00,Київська область,22,18,6
2024-01-02 00:00:00+00:00,Кіровоградська область,2,2,0
2024-01-02 00:00:00+00:00,Луганська область,1,0,1
2024-01-02 00:00:00+00:00,Львівська область,2,1,2
2024-01-02 00:00:00+00:00,Миколаївська область,3,2,1
2024-01-02 00:00:00+00:00,Харківська область,6,1,5
2024-01-02 00:00:00+00:00,Херсонська область,1,1,0
2024-01-03 00:00:00+00:00,Дніпропетровська область,1,0,1
2024-01-03 00:00:00+00:00,Донецька область,4,0,4
2024-01-03 00:00:00+00:00,Запорізька область,4,1,3
2024-01-03 00:00:00+00:00,Київська область,7,5,3
2024-01-03 00:00:00+00:00,Кіровоградська область,2,2,0
2024-01-03 00:00:00+00:00,Луганська область,2,0,2
2024-01-03 00:00:00+00:00,Миколаївська область,1,1,0
2024-01-03 00:00:00+00:00,Харківська область,3,1,2
2024-01-03 00:00:00+00:00,Херсонська область,2,1,1
2024-01-04 00:00:00+00:00,Автономна Республіка Крим,11,7,4
2024-01-04 00:00:00+00:00,Дніпропетровська область,5,3,2
2024-01-04 00:00:00+00:00,Донецька область,10,4,6
2024-01-04 00:00:00+00:00,Запорізька область,1,1,0
2024-01-04 00:00:00+00:00,Київська область,1,0,1
2024-01-04 00:00:00+00:00,Кіровоградська область,5,2,4
2024-01-04 00:00:00+00:00,Луганська область,1,0,1
2024-01-04 00:00:00+00:00,Сумська область,1,1,1
2024-01-04 00:00:00+00:00,Харківська область,3,2,1
2024-01-04 00:00:00+00:00,Херсонська область,2,1,1
2024-01-04 00:00:00+00:00,Хмельницька область,2,2,0
2024-01-05 00:00:00+00:00,Автономна Республіка Крим,5,5,1
2024-01-05 00:00:00+00:00,Дніпропетровська область,7,6,2
2024-01-05 00:00:00+00:00,Донецька область,4,3,1
2024-01-05 00:00:00+00:00,Запорізька область,1,1,0
2024-01-05 00:00:00+00:00,Київська область,2,1,2
2024-01-05 00:00:00+00:00,Кіровоградська область,3,1,3
2024-01-05 00:00:00+00:00,Харківська область,3,3,0
2024-01-05 00:00:00+00:00,Херсонська область,4,2,4
2024-01-05 00:00:00+00:00,Хмельницька область,2,2,0
2024-01-06 00:00:00+00:00,Автономна Республіка Крим,5,2,5
2024-01-06 00:00:00+00:00,Дніпропетровська область,8,6,4
2024-01-06 00:00:00+00:00,Донецька область,14,1,13
2024-01-06 00:00:00+00:00,Київська область,1,1,1
2024-01-06 00:00:00+00:00,Миколаївська область,1,1,0
2024-01-06 00:00:00+00:00,Полтавська область,1,1,0
2024-01-06 00:00:00+00:00,Херсонська область,1,1,0
2024-01-06 00:00:00+00:00,Хмельницька область,2,2,0
2024-01-07 00:00:00+00:00,Автономна Республіка Крим,3,2,1
2024-01-07 00:00:00+00:00,Дніпропетровська область,9,7,5
2024-01-07 00:00:00+00:00,Донецька область,6,2,5
2024-01-07 00:00:00+00:00,Київська область,2,2,0
2024-01-07 00:00:00+00:00,Миколаївська область,4,4,0
2024-01-07 00:00:00+00:00,Одеська область,1,1,0
2024-01-07 00:00:00+00:00,Сумська область,2,2,0
2024-01-07 00:00:00+00:00,Харківська область,1,0,1
2024-01-07 00:00:00+00:00,Херсонська область,1,1,0
2024-01-08 00:00:00+00:00,Дніпропетровська область,5,4,2
2024-01-08 00:00:00+00:00,Донецька область,2,2,1
2024-01-08 00:00:00+00:00,Запорізька область,2,2,0
2024-01-08 00:00:00+00:00,Луганська область,4,1,4
2024-01-08 00:00:00+00:00,Миколаївська область,2,1,1
2024-01-08 00:00:00+00:00,Одеська область,2,1,1
2024-01-08 00:00:00+00:00,Сумська область,1,1,0
2024-01-08 00:00:00+00:00,Харківська область,3,3,0
2024-01-08 00:00:00+00:00,Херсонська область,2,1,1
2024-01-08 00:00:00+00:00,Хмельницька область,2,1,1
2024-01-09 00:00:00+00:00,Автономна Республіка Крим,3,2,1
2024-01-09 00:00:00+00:00,Дніпропетровська область,3,3,0
2024-01-09 00:00:00+00:00,Донецька область,29,23,20
2024-01-09 00:00:00+00:00,Запорізька область,2,2,0
2024-01-09 00:00:00+00:00,Київська область,1,0,1
2024-01-09 00:00:00+00:00,Луганська область,5,3,3
2024-01-09 00:00:00+00:00,Одеська область,4,3,2
2024-01-09 00:00:00+00:00,Сумська область,1,1,0
2024-01-09 00:00:00+00:00,Харківська область,10,8,4
2024-01-09 00:00:00+00:00,Херсонська область,4,4,3
2024-01-10 00:00:00+00:00,Дніпропетровська область,7,3,5
2024-01-10 00:00:00+00:00,Запорізька область,1,1,0
2024-01-10 00:00:00+00:00,Київська область,1,0,1
2024-01-10 00:00:00+00:00,Луганська область,1,0,1
2024-01-10 00:00:00+00:00,Харківська область,7,1,6
2024-01-10 00:00:00+00:00,Херсонська область,1,1,1
2024-01-11 00:00:00+00:00,Дніпропетровська область,3,1,3
2024-01-11 00:00:00+00:00,Донецька область,2,1,1
2024-01-11 00:00:00+00:00,Запорізька область,1,1,0
2024-01-11 00:00:00+00:00,Сумська область,1,0,1
2024-01-11 00:00:00+00:00,Харківська область,7,2,6
2024-01-12 00:00:00+00:00,Дніпропетровська область,2,1,2
2024-01-12 00:00:00+00:00,Донецька область,5,0,5
2024-01-12 00:00:00+00:00,Київська область,8,7,2
2024-01-12 00:00:00+00:00,Харківська область,4,4,0
2024-01-12 00:00:00+00:00,Херсонська область,2,2,1
2024-01-13 00:00:00+00:00,Дніпропетровська область,2,1,1
2024-01-13 00:00:00+00:00,Донецька область,4,1,3
2024-01-13 00:00:00+00:00,Запорізька область,2,2,0
2024-01-13 00:00:00+00:00,Київська область,5,3,3
2024-01-13 00:00:00+00:00,Кіровоградська область,1,1,0
2024-01-13 00:00:00+00:00,Полтавська область,2,2,0
2024-01-13 00:00:00+00:00,Харківська область,1,0,1
2024-01-13 00:00:00+00:00,Херсонська область,3,0,3
2024-01-14 00:00:00+00:00,Автономна Республіка Крим,1,1,1
2024-01-14 00:00:00+00:00,Дніпропетровська область,2,1,1
2024-01-14 00:00:00+00:00,Запорізька область,1,1,0
2024-01-14 00:00:00+00:00,Київська область,1,1,1
2024-01-14 00:00:00+00:00,Полтавська область,1,1,0
2024-01-14 00:00:00+00:00,Харківська область,4,0,4
2024-01-14 00:00:00+00:00,Херсонська область,10,3,9
2024-01-15 00:00:00+00:00,Дніпропетровська область,3,2,1
2024-01-15 00:00:00+00:00,Донецька область,5,1,5
2024-01-15 00:00:00+00:00,Запорізька область,2,1,1
2024-01-15 00:00:00+00:00,Харківська область,1,0,1
2024-01-15 00:00:00+00:00,Херсонська область,5,1,5
2024-01-16 00:00:00+00:00,Дніпропетровська область,1,1,1
2024-01-16 00:00:00+00:00,Донецька область,7,2,5
2024-01-16 00:00:00+00:00,Запорізька область,1,0,1
2024-01-16 00:00:00+00:00,Кіровоградська область,1,0,1
2024-01-16 00:00:00+00:00,Луганська область,1,1,0
2024-01-16 00:00:00+00:00,Харківська область,5,0,5
2024-01-16 00:00:00+00:00,Херсонська область,2,0,2
2024-01-17 00:00:00+00:00,Автономна Республіка Крим,1,1,0
2024-01-17 00:00:00+00:00,Дніпропетровська область,9,8,7
2024-01-17 00:00:00+00:00,Донецька область,7,1,6
2024-01-17 00:00:00+00:00,Київська область,1,1,0
2024-01-17 00:00:00+00:00,Кіровоградська область,1,0,1
2024-01-17 00:00:00+00:00,Одеська область,15,10,9
2024-01-17 00:00:00+00:00,Сумська область,2,2,0
2024-01-17 00:00:00+00:00,Харківська область,7,1,6
2024-01-17 00:00:00+00:00,Херсонська область,7,2,6
2024-01-18 00:00:00+00:00,Автономна Республіка Крим,1,0,1
2024-01-18 00:00:00+00:00,Дніпропетровська область,7,6,2
2024-01-18 00:00:00+00:00,Донецька область,6,3,3
2024-01-18 00:00:00+00:00,Запорізька область,3,1,2
2024-01-18 00:00:00+00:00,Київська область,2,1,1
2024-01-18 00:00:00+00:00,Миколаївська область,1,1,1
2024-01-18 00:00:00+00:00,Одеська область,2,2,1
2024-01-18 00:00:00+00:00,Сумська область,1,1,0
2024-01-18 00:00:00+00:00,Харківська область,4,0,4
2024-01-18 00:00:00+00:00,Херсонська область,4,4,2
2024-01-18 00:00:00+00:00,Хмельницька область,1,1,0
2024-01-19 00:00:00+00:00,Автономна Республіка Крим,3,2,2
2024-01-19 00:00:00+00:00,Вінницька область,1,1,1
2024-01-19 00:00:00+00:00,Дніпропетровська область,1,1,0
2024-01-19 00:00:00+00:00,Донецька область,5,1,4
2024-01-19 00:00:00+00:00,Запорізька область,1,0,1
2024-01-19 00:00:00+00:00,Херсонська область,6,2,4
2024-01-20 00:00:00+00:00,Автономна Республіка Крим,2,2,0
2024-01-20 00:00:00+00:00,Вінницька область,1,1,1
2024-01-20 00:00:00+00:00,Дніпропетровська область,1,1,0
2024-01-20 00:00:00+00:00,Донецька область,2,0,2
2024-01-20 00:00:00+00:00,Запорізька область,3,1,2
2024-01-20 00:00:00+00:00,Одеська область,1,1,0
2024-01-20 00:00:00+00:00,Херсонська область,3,1,2
2024-01-21 00:00:00+00:00,Автономна Республіка Крим,2,1,1
2024-01-21 00:00:00+00:00,Дніпропетровська область,1,1,0
2024-01-21 00:00:00+00:00,Донецька область,13,3,10
2024-01-21 00:00:00+00:00,Запорізька область,1,0,1
2024-01-21 00:00:00+00:00,Київська область,1,0,1
2024-01-21 00:00:00+00:00,Миколаївська область,1,0,1
2024-01-21 00:00:00+00:00,Одеська область,1,1,0
2024-01-21 00:00:00+00:00,Харківська область,4,1,3
2024-01-22 00:00:00+00:00,Дніпропетровська область,2,1,1
2024-01-22 00:00:00+00:00,Донецька область,10,4,6
2024-01-22 00:00:00+00:00,Миколаївська область,1,1,0
2024-01-22 00:00:00+00:00,Харківська область,4,2,2
2024-01-22 00:00:00+00:00,Херсонська область,4,1,4
2024-01-23 00:00:00+00:00,Автономна Республіка Крим,1,0,1
2024-01-23 00:00:00+00:00,Дніпропетровська область,3,1,3
2024-01-23 00:00:00+00:00,Донецька область,7,4,3
2024-01-23 00:00:00+00:00,Київська область,9,6,3
2024-01-23 00:00:00+00:00,Миколаївська область,1,1,0
2024-01-23 00:00:00+00:00,Полтавська область,1,1,0
2024-01-23 00:00:00+00:00,Сумська область,3,1,2
2024-01-23 00:00:00+00:00,Харківська область,11,3,8
2024-01-23 00:00:00+00:00,Херсонська область,12,1,12
2024-01-24 00:00:00+00:00,Автономна Республіка Крим,1,1,0
2024-01-24 00:00:00+00:00,Дніпропетровська область,2,0,2
2024-01-24 00:00:00+00:00,Донецька область,5,1,4
2024-01-24 00:00:00+00:00,Запорізька область,1,1,0
2024-01-24 00:00:00+00:00,Київська область,2,2,0
2024-01-24 00:00:00+00:00,Одеська область,5,5,3
2024-01-24 00:00:00+00:00,Сумська область,3,1,2
2024-01-24 00:00:00+00:00,Харківська область,9,2,7
2024-01-24 00:00:00+00:00,Херсонська область,7,2,7
2024-01-25 00:00:00+00:00,Автономна Республіка Крим,1,0,1
2024-01-25 00:00:00+00:00,Дніпропетровська область,1,1,0
2024-01-25 00:00:00+00:00,Донецька область,6,3,3
2024-01-25 00:00:00+00:00,Закарпатська область,1,0,1
2024-01-25 00:00:00+00:00,Запорізька область,2,2,0
2024-01-25 00:00:00+00:00,Київська область,1,1,0
2024-01-25 00:00:00+00:00,Миколаївська область,1,0,1
2024-01-25 00:00:00+00:00,Одеська область,14,9,11
2024-01-25 00:00:00+00:00,Харківська область,2,0,2
2024-01-25 00:00:00+00:00,Херсонська область,2,1,2
2024-01-26 00:00:00+00:00,Донецька область,11,5,7
2024-01-26 00:00:00+00:00,Запорізька область,1,1,0
2024-01-26 00:00:00+00:00,Київська область,1,1,0
2024-01-26 00:00:00+00:00,Кіровоградська область,1,1,1
2024-01-26 00:00:00+00:00,Одеська область,1,1,0
2024-01-26 00:00:00+00:00,Харківська область,4,2,3
2024-01-27 00:00:00+00:00,Дніпропетровська область,3,1,2
2024-01-27 00:00:00+00:00,Донецька область,7,2,6
2024-01-27 00:00:00+00:00,Запорізька область,6,6,4
2024-01-27 00:00:00+00:00,Київська область,1,1,0
2024-01-27 00:00:00+00:00,Кіровоградська область,1,0,1
2024-01-27 00:00:00+00:00,Полтавська область,2,2,0
2024-01-27 00:00:00+00:00,Сумська область,1,1,0
2024-01-27 00:00:00+00:00,Харківська область,4,3,1
2024-01-27 00:00:00+00:00,Херсонська область,2,1,2
2024-01-28 00:00:00+00:00,Дніпропетровська область,2,1,1
2024-01-28 00:00:00+00:00,Донецька область,2,1,1
2024-01-28 00:00:00+00:00,Запорізька область,3,3,2
2024-01-28 00:00:00+00:00,Київська область,3,3,0
2024-01-28 00:00:00+00:00,Сумська область,2,1,1
2024-01-28 00:00:00+00:00,Харківська область,1,0,1
2024-01-28 00:00:00+00:00,Херсонська область,2,0,2
2024-01-29 00:00:00+00:00,Автономна Республіка Крим,2,1,1
2024-01-29 00:00:00+00:00,Дніпропетровська область,6,3,4
2024-01-29 00:00:00+00:00,Донецька область,4,2,2
2024-01-29 00:00:00+00:00,Запорізька область,3,3,0
2024-01-29 00:00:00+00:00,Миколаївська область,1,1,0
2024-01-29 00:00:00+00:00,Полтавська область,1,0,1
2024-01-29 00:00:00+00:00,Сумська область,1,1,1
2024-01-29 00:00:00+00:00,Харківська область,2,0,2
2024-01-29 00:00:00+00:00,Херсонська область,4,1,3
2024-01-30 00:00:00+00:00,Автономна Республіка Крим,5,2,3
2024-01-30 00:00:00+00:00,Дніпропетровська область,4,3,3
2024-01-30 00:00:00+00:00,Донецька область,7,4,3
2024-01-30 00:00:00+00:00,Запорізька область,2,2,0
2024-01-30 00:00:00+00:00,Київська область,3,3,0
2024-01-30 00:00:00+00:00,Миколаївська область,2,1,1
2024-01-30 00:00:00+00:00,Полтавська область,2,1,1
2024-01-30 00:00:00+00:00,Сумська область,1,0,1
2024-01-30 00:00:00+00:00,Харківська область,13,10,5
2024-01-30 00:00:00+00:00,Херсонська область,14,5,12
2024-01-31 00:00:00+00:00,Автономна Республіка Крим,8,7,1
2024-01-31 00:00:00+00:00,Донецька область,20,13,10
2024-01-31 00:00:00+00:00,Запорізька область,3,3,2
2024-01-31 00:00:00+00:00,Луганська область,4,4,2
2024-01-31 00:00:00+00:00,Миколаївська область,3,2,2
2024-01-31 00:00:00+00:00,Полтавська область,1,1,0
2024-01-31 00:00:00+00:00,Сумська область,1,1,0
2024-01-31 00:00:00+00:00,Харківська область,24,12,18
2024-01-31 00:00:00+00:00,Херсонська область,14,9,11
2024-02-01 00:00:00+00:00,Автономна Республіка Крим,4,2,2
2024-02-01 00:00:00+00:00,Дніпропетровська область,1,0,1
2024-02-01 00:00:00+00:00,Донецька область,5,3,2
2024-02-01 00:00:00+00:00,Київська область,1,0,1
2024-02-01 00:00:00+00:00,Сумська область,1,1,0
2024-02-01 00:00:00+00:00,Харківська область,9,4,7
2024-02-01 00:00:00+00:00,Херсонська область,6,1,5
2024-02-02 00:00:00+00:00,Автономна Республіка Крим,1,1,0
2024-02-02 00:00:00+00:00,Дніпропетровська область,2,2,1
2024-02-02 00:00:00+00:00,Донецька область,3,2,1
2024-02-02 00:00:00+00:00,Запорізька область,2,0,2
2024-02-02 00:00:00+00:00,Київська область,3,2,2
2024-02-02 00:00:00+00:00,Кіровоградська область,5,4,3
2024-02-02 00:00:00+00:00,Луганська область,1,0,1
2024-02-02 00:00:00+00:00,Миколаївська область,1,1,0
2024-02-02 00:00:00+00:00,Харківська область,1,1,0
2024-02-02 00:00:00+00:00,Херсонська область,7,0,7
2024-02-03 00:00:00+00:00,Дніпропетровська область,6,5,4
2024-02-03 00:00:00+00:00,Запорізька область,3,2,2
2024-02-03 00:00:00+00:00,Київська область,2,2,1
2024-02-03 00:00:00+00:00,Миколаївська область,1,1,0
2024-02-03 00:00:00+00:00,Харківська область,3,0,3
2024-02-03 00:00:00+00:00,Херсонська область,2,0,2
2024-02-04 00:00:00+00:00,Дніпропетровська область,5,5,1
2024-02-04 00:00:00+00:00,Донецька область,1,1,0
2024-02-04 00:00:00+00:00,Запорізька область,3,2,2
2024-02-04 00:00:00+00:00,Луганська область,1,0,1
2024-02-04 00:00:00+00:00,Харківська область,5,0,5
2024-02-04 00:00:00+00:00,Херсонська область,3,0,3
2024-02-05 00:00:00+00:00,Дніпропетровська область,2,1,1
2024-02-05 00:00:00+00:00,Донецька область,2,1,1
2024-02-05 00:00:00+00:00,Житомирська область,1,0,1
2024-02-05 00:00:00+00:00,Запорізька область,1,1,0
2024-02-05 00:00:00+00:00,Київська область,1,0,1
2024-02-05 00:00:00+00:00,Сумська область,2,0,2
2024-02-05 00:00:00+00:00,Харківська область,4,0,4
2024-02-05 00:00:00+00:00,Херсонська область,3,1,2
2024-02-06 00:00:00+00:00,Автономна Республіка Крим,2,1,1
2024-02-06 00:00:00+00:00,Волинська область,1,1,0
2024-02-06 00:00:00+00:00,Дніпропетровська область,2,1,2
2024-02-06 00:00:00+00:00,Донецька область,6,3,3
2024-02-06 00:00:00+00:00,Запорізька область,1,0,1
2024-02-06 00:00:00+00:00,Харківська область,4,0,4
2024-02-06 00:00:00+00:00,Херсонська область,3,3,1
2024-02-07 00:00:00+00:00,Автономна Республіка Крим,2,1,1
2024-02-07 00:00:00+00:00,Дніпропетровська область,9,5,8
2024-02-07 00:00:00+00:00,Донецька область,5,1,5
2024-02-07 00:00:00+00:00,Закарпатська область,1,0,1
2024-02-07 00:00:00+00:00,Запорізька область,1,0,1
2024-02-07 00:00:00+00:00,Київська область,10,8,2
2024-02-07 00:00:00+00:00,Львівська область,4,1,3
2024-02-07 00:00:00+00:00,Миколаївська область,3,1,2
2024-02-07 00:00:00+00:00,Сумська область,1,0,1
2024-02-07 00:00:00+00:00,Харківська область,8,3,5
2024-02-07 00:00:00+00:00,Херсонська область,2,1,1
2024-02-07 00:00:00+00:00,Черкаська область,5,3,3
2024-02-08 00:00:00+00:00,Дніпропетровська область,3,3,1
2024-02-08 00:00:00+00:00,Донецька область,9,4,7
2024-02-08 00:00:00+00:00,Київська область,7,5,2
2024-02-08 00:00:00+00:00,Миколаївська область,6,5,4
2024-02-08 00:00:00+00:00,Одеська область,8,5,5
2024-02-08 00:00:00+00:00,Сумська область,1,1,0
2024-02-08 00:00:00+00:00,Харківська область,4,2,2
2024-02-08 00:00:00+00:00,Херсонська область,1,1,0
2024-02-08 00:00:00+00:00,Черкаська область,1,1,0
2024-02-09 00:00:00+00:00,Автономна Республіка Крим,1,1,0
2024-02-09 00:00:00+00:00,Дніпропетровська область,4,3,1
2024-02-09 00:00:00+00:00,Донецька область,2,0,2
2024-02-09 00:00:00+00:00,Запорізька область,1,1,0
2024-02-09 00:00:00+00:00,Київська область,2,1,1
2024-02-09 00:00:00+00:00,Миколаївська область,2,2,1
2024-02-09 00:00:00+00:00,Одеська область,4,3,4
2024-02-09 00:00:00+00:00,Сумська область,9,2,8
2024-02-09 00:00:00+00:00,Харківська область,13,9,8
2024-02-09 00:00:00+00:00,Херсонська область,5,1,4
2024-02-10 00:00:00+00:00,Автономна Республіка Крим,3,1,2
2024-02-10 00:00:00+00:00,Дніпропетровська область,1,1,0
2024-02-10 00:00:00+00:00,Донецька область,5,3,2
2024-02-10 00:00:00+00:00,Запорізька область,1,1,0
2024-02-10 00:00:00+00:00,Миколаївська область,1,1,0
2024-02-10 00:00:00+00:00,Одеська область,10,10,5
2024-02-10 00:00:00+00:00,Сумська область,1,0,1
2024-02-10 00:00:00+00:00,Харківська область,12,7,8
2024-02-10 00:00:00+00:00,Херсонська область,3,0,3
2024-02-11 00:00:00+00:00,Дніпропетровська область,3,1,2
2024-02-11 00:00:00+00:00,Донецька область,3,2,1
2024-02-11 00:00:00+00:00,Київська область,5,4,2
2024-02-11 00:00:00+00:00,Миколаївська область,2,1,1
2024-02-11 00:00:00+00:00,Одеська область,4,3,2
2024-02-11 00:00:00+00:00,Харківська область,6,4,4
2024-02-11 00:00:00+00:00,Херсонська область,2,1,1
2024-02-11 00:00:00+00:00,Черкаська область,1,0,1
2024-02-12 00:00:00+00:00,Дніпропетровська область,12,11,6
2024-02-12 00:00:00+00:00,Донецька область,6,1,5
2024-02-12 00:00:00+00:00,Київська область,1,1,0
2024-02-12 00:00:00+00:00,Кіровоградська область,1,1,0
2024-02-12 00:00:00+00:00,Миколаївська область,1,1,0
2024-02-12 00:00:00+00:00,Харківська область,3,1,2
2024-02-12 00:00:00+00:00,Херсонська область,1,0,1
2024-02-13 00:00:00+00:00,Дніпропетровська область,13,7,7
2024-02-13 00:00:00+00:00,Донецька область,9,8,2
2024-02-13 00:00:00+00:00,Одеська область,3,1,3
2024-02-13 00:00:00+00:00,Харківська область,2,1,1
2024-02-13 00:00:00+00:00,Херсонська область,2,1,1
2024-02-14 00:00:00+00:00,Автономна Республіка Крим,1,0,1
2024-02-14 00:00:00+00:00,Дніпропетровська область,2,2,0
2024-02-14 00:00:00+00:00,Донецька область,14,6,10
2024-02-14 00:00:00+00:00,Запорізька область,2,2,1
2024-02-14 00:00:00+00:00,Харківська область,1,0,1
2024-02-15 00:00:00+00:00,Івано-Франківська область,1,1,0
2024-02-15 00:00:00+00:00,Дніпропетровська область,3,3,0
2024-02-15 00:00:00+00:00,Донецька область,10,4,7
2024-02-15 00:00:00+00:00,Запорізька область,3,3,0
2024-02-15 00:00:00+00:00,Київська область,2,2,0
2024-02-15 00:00:00+00:00,Львівська область,5,4,1
2024-02-15 00:00:00+00:00,Полтавська область,1,1,0
2024-02-15 00:00:00+00:00,Харківська область,11,2,9
2024-02-16 00:00:00+00:00,Івано-Франківська область,1,1,0
2024-02-16 00:00:00+00:00,Автономна Республіка Крим,1,0,1
2024-02-16 00:00:00+00:00,Дніпропетровська область,4,3,2
2024-02-16 00:00:00+00:00,Донецька область,15,5,11
2024-02-16 00:00:00+00:00,Запорізька область,2,1,1
2024-02-16 00:00:00+00:00,Київська область,3,3,0
2024-02-16 00:00:00+00:00,Львівська область,2,2,0
2024-02-16 00:00:00+00:00,Полтавська область,2,1,1
2024-02-16 00:00:00+00:00,Харківська область,4,1,3
2024-02-16 00:00:00+00:00,Херсонська область,2,2,0
2024-02-17 00:00:00+00:00,Дніпропетровська область,3,1,2
2024-02-17 00:00:00+00:00,Донецька область,18,4,15
2024-02-17 00:00:00+00:00,Запорізька область,2,1,1
2024-02-17 00:00:00+00:00,Київська область,1,1,0
2024-02-17 00:00:00+00:00,Сумська область,1,1,0
2024-02-17 00:00:00+00:00,Харківська область,8,3,7
2024-02-17 00:00:00+00:00,Херсонська область,3,1,2
2024-02-18 00:00:00+00:00,Дніпропетровська область,1,0,1
2024-02-18 00:00:00+00:00,Донецька область,7,4,4
2024-02-18 00:00:00+00:00,Запорізька область,1,0,1
2024-02-18 00:00:00+00:00,Луганська область,3,2,2
2024-02-18 00:00:00+00:00,Львівська область,1,1,0
2024-02-18 00:00:00+00:00,Полтавська область,3,2,2
2024-02-18 00:00:00+00:00,Харківська область,4,1,3
2024-02-18 00:00:00+00:00,Херсонська область,1,1,0
2024-02-19 00:00:00+00:00,Донецька область,16,10,6
2024-02-19 00:00:00+00:00,Запорізька область,5,1,5
2024-02-19 00:00:00+00:00,Полтавська область,2,2,0
2024-02-19 00:00:00+00:00,Харківська область,7,3,5
2024-02-19 00:00:00+00:00,Херсонська область,4,2,3
2024-02-20 00:00:00+00:00,Дніпропетровська область,3,3,0
2024-02-20 00:00:00+00:00,Донецька область,25,12,17
2024-02-20 00:00:00+00:00,Запорізька область,4,4,1
2024-02-20 00:00:00+00:00,Київська область,1,0,1
2024-02-20 00:00:00+00:00,Полтавська область,4,4,0
2024-02-20 00:00:00+00:00,Сумська область,5,4,2
2024-02-20 00:00:00+00:00,Харківська область,11,4,9
2024-02-20 00:00:00+00:00,Херсонська область,7,4,6
2024-02-21 00:00:00+00:00,Дніпропетровська область,3,3,0
2024-02-21 00:00:00+00:00,Донецька область,11,3,9
2024-02-21 00:00:00+00:00,Запорізька область,2,1,1
2024-02-21 00:00:00+00:00,Полтавська область,3,2,1
2024-02-21 00:00:00+00:00,Сумська область,1,1,1
2024-02-21 00:00:00+00:00,Харківська область,1,0,1
2024-02-21 00:00:00+00:00,Херсонська область,10,6,8
2024-02-22 00:00:00+00:00,Автономна Республіка Крим,1,1,0
2024-02-22 00:00:00+00:00,Дніпропетровська область,1,1,0
2024-02-22 00:00:00+00:00,Донецька область,16,6,11
2024-02-22 00:00:00+00:00,Київська область,1,1,0
2024-02-22 00:00:00+00:00,Полтавська область,2,2,0
2024-02-22 00:00:00+00:00,Херсонська область,8,4,7
2024-02-23 00:00:00+00:00,Дніпропетровська область,17,12,10
2024-02-23 00:00:00+00:00,Донецька область,17,7,10
2024-02-23 00:00:00+00:00,Запорізька область,1,0,1
2024-02-23 00:00:00+00:00,Київська область,2,2,0
2024-02-23 00:00:00+00:00,Львівська область,1,1,0
2024-02-23 00:00:00+00:00,Одеська область,11,8,9
2024-02-23 00:00:00+00:00,Полтавська область,1,1,0
2024-02-23 00:00:00+00:00,Харківська область,1,0,1
2024-02-23 00:00:00+00:00,Херсонська область,3,2,1
2024-02-24 00:00:00+00:00,Дніпропетровська область,5,5,1
2024-02-24 00:00:00+00:00,Донецька область,5,3,2
2024-02-24 00:00:00+00:00,Київська область,1,1,0
2024-02-24 00:00:00+00:00,Миколаївська область,1,0,1
2024-02-24 00:00:00+00:00,Одеська область,6,1,6
2024-02-24 00:00:00+00:00,Сумська область,2,2,0
2024-02-24 00:00:00+00:00,Харківська область,1,0,1
2024-02-24 00:00:00+00:00,Херсонська область,5,1,4
2024-02-25 00:00:00+00:00,Автономна Республіка Крим,1,1,0
2024-02-25 00:00:00+00:00,Дніпропетровська область,7,5,4
2024-02-25 00:00:00+00:00,Донецька область,3,1,2
2024-02-25 00:00:00+00:00,Запорізька область,4,2,2
2024-02-25 00:00:00+00:00,Київська область,4,3,1
2024-02-25 00:00:00+00:00,Кіровоградська область,2,2,0
2024-02-25 00:00:00+00:00,Миколаївська область,3,3,1
2024-02-25 00:00:00+00:00,Одеська область,2,1,2
2024-02-25 00:00:00+00:00,Полтавська область,1,0,1
2024-02-25 00:00:00+00:00,Сумська область,2,2,0
2024-02-25 00:00:00+00:00,Харківська область,3,2,2
2024-02-25 00:00:00+00:00,Хмельницька область,2,2,0
2024-02-26 00:00:00+00:00,Дніпропетровська область,6,5,3
2024-02-26 00:00:00+00:00,Донецька область,5,2,3
2024-02-26 00:00:00+00:00,Запорізька область,2,2,1
2024-02-26 00:00:00+00:00,Кіровоградська область,1,1,0
2024-02-26 00:00:00+00:00,Львівська область,1,0,1
2024-02-26 00:00:00+00:00,Миколаївська область,1,0,1
2024-02-26 00:00:00+00:00,Одеська область,1,1,0
2024-02-26 00:00:00+00:00,Сумська область,3,0,3
2024-02-26 00:00:00+00:00,Харківська область,2,1,2
2024-02-26 00:00:00+00:00,Херсонська область,2,0,2
2024-02-26 00:00:00+00:00,Хмельницька область,1,1,0
2024-02-27 00:00:00+00:00,Автономна Республіка Крим,1,0,1
2024-02-27 00:00:00+00:00,Дніпропетровська область,4,4,1
2024-02-27 00:00:00+00:00,Донецька область,14,4,11
2024-02-27 00:00:00+00:00,Запорізька область,2,2,0
2024-02-27 00:00:00+00:00,Львівська область,1,0,1
2024-02-27 00:00:00+00:00,Одеська область,4,3,1
2024-02-27 00:00:00+00:00,Полтавська область,1,1,0
2024-02-27 00:00:00+00:00,Сумська область,2,1,1
2024-02-27 00:00:00+00:00,Харківська область,3,1,2
2024-02-28 00:00:00+00:00,Дніпропетровська область,2,1,1
2024-02-28 00:00:00+00:00,Донецька область,9,5,4
2024-02-28 00:00:00+00:00,Запорізька область,2,2,0
2024-02-28 00:00:00+00:00,Одеська область,5,4,2
2024-02-28 00:00:00+00:00,Сумська область,1,1,0
2024-02-28 00:00:00+00:00,Харківська область,9,1,9
2024-02-28 00:00:00+00:00,Херсонська область,1,1,0
2024-02-29 00:00:00+00:00,Автономна Республіка Крим,1,0,1
2024-02-29 00:00:00+00:00,Дніпропетровська область,2,2,1
2024-02-29 00:00:00+00:00,Донецька область,30,16,20
2024-02-29 00:00:00+00:00,Запорізька область,6,3,4
2024-02-29 00:00:00+00:00,Одеська область,1,1,0
2024-02-29 00:00:00+00:00,Харківська область,5,2,4
2024-02-29 00:00:00+00:00,Херсонська область,5,2,4
2024-03-01 00:00:00+00:00,Автономна Республіка Крим,5,4,1
2024-03-01 00:00:00+00:00,Дніпропетровська область,3,3,0
2024-03-01 00:00:00+00:00,Донецька область,8,2,6
2024-03-01 00:00:00+00:00,Запорізька область,2,0,2
2024-03-01 00:00:00+00:00,Харківська область,1,0,1
2024-03-01 00:00:00+00:00,Херсонська область,3,2,2
2024-03-02 00:00:00+00:00,Автономна Республіка Крим,1,1,0
2024-03-02 00:00:00+00:00,Дніпропетровська область,2,2,0
2024-03-02 00:00:00+00:00,Донецька область,3,1,2
2024-03-02 00:00:00+00:00,Луганська область,1,1,0
2024-03-02 00:00:00+00:00,Миколаївська область,1,1,0
2024-03-02 00:00:00+00:00,Одеська область,19,14,11
2024-03-02 00:00:00+00:00,Харківська область,7,4,6
2024-03-02 00:00:00+00:00,Херсонська область,3,2,2
2024-03-03 00:00:00+00:00,Автономна Республіка Крим,8,6,2
2024-03-03 00:00:00+00:00,Дніпропетровська область,1,0,1
2024-03-03 00:00:00+00:00,Донецька область,17,5,13
2024-03-03 00:00:00+00:00,Миколаївська область,1,1,0
2024-03-03 00:00:00+00:00,Одеська область,12,7,8
2024-03-03 00:00:00+00:00,Харківська область,2,1,2
2024-03-03 00:00:00+00:00,Херсонська область,4,0,4
2024-03-04 00:00:00+00:00,Автономна Республіка Крим,3,2,1
2024-03-04 00:00:00+00:00,Дніпропетровська область,2,0,2
2024-03-04 00:00:00+00:00,Донецька область,8,5,4
2024-03-04 00:00:00+00:00,Київська область,1,0,1
2024-03-04 00:00:00+00:00,Луганська область,1,0,1
2024-03-04 00:00:00+00:00,Одеська область,1,1,0
2024-03-04 00:00:00+00:00,Харківська область,1,1,1
2024-03-04 00:00:00+00:00,Херсонська область,5,2,5
2024-03-05 00:00:00+00:00,Автономна Республіка Крим,2,1,1
2024-03-05 00:00:00+00:00,Дніпропетровська область,1,0,1
2024-03-05 00:00:00+00:00,Донецька область,8,1,7
2024-03-05 00:00:00+00:00,Запорізька область,2,0,2
2024-03-05 00:00:00+00:00,Луганська область,1,0,1
2024-03-05 00:00:00+00:00,Одеська область,8,6,3
2024-03-05 00:00:00+00:00,Сумська область,1,1,0
2024-03-05 00:00:00+00:00,Харківська область,1,0,1
2024-03-05 00:00:00+00:00,Херсонська область,2,1,2
2024-03-06 00:00:00+00:00,Дніпропетровська область,2,1,1
2024-03-06 00:00:00+00:00,Донецька область,29,23,15
2024-03-06 00:00:00+00:00,Запорізька область,7,5,5
2024-03-06 00:00:00+00:00,Київська область,1,1,0
2024-03-06 00:00:00+00:00,Луганська область,2,1,1
2024-03-06 00:00:00+00:00,Одеська область,6,4,3
2024-03-06 00:00:00+00:00,Сумська область,5,2,5
2024-03-06 00:00:00+00:00,Харківська область,2,0,2
2024-03-06 00:00:00+00:00,Хмельницька область,2,2,0
2024-03-07 00:00:00+00:00,Донецька область,13,5,9
2024-03-07 00:00:00+00:00,Запорізька область,2,2,0
2024-03-07 00:00:00+00:00,Київська область,2,2,0
2024-03-07 00:00:00+00:00,Луганська область,1,1,0
2024-03-07 00:00:00+00:00,Одеська область,4,1,3
2024-03-07 00:00:00+00:00,Сумська область,3,3,2
2024-03-07 00:00:00+00:00,Харківська область,9,2,7
2024-03-07 00:00:00+00:00,Херсонська область,1,0,1
2024-03-07 00:00:00+00:00,Хмельницька область,2,2,0
2024-03-08 00:00:00+00:00,Автономна Республіка Крим,1,1,0
2024-03-08 00:00:00+00:00,Дніпропетровська область,1,1,1
2024-03-08 00:00:00+00:00,Донецька область,7,3,4
2024-03-08 00:00:00+00:00,Запорізька область,2,1,1
2024-03-08 00:00:00+00:00,Київська область,1,1,0
2024-03-08 00:00:00+00:00,Миколаївська область,2,2,0
2024-03-08 00:00:00+00:00,Одеська область,3,3,2
2024-03-08 00:00:00+00:00,Сумська область,1,1,0
2024-03-08 00:00:00+00:00,Харківська область,8,4,5
2024-03-08 00:00:00+00:00,Херсонська область,1,1,0
2024-03-09 00:00:00+00:00,Дніпропетровська область,2,2,1
2024-03-09 00:00:00+00:00,Донецька область,8,4,4
2024-03-09 00:00:00+00:00,Запорізька область,2,0,2
2024-03-09 00:00:00+00:00,Миколаївська область,1,1,0
2024-03-09 00:00:00+00:00,Одеська область,2,2,0
2024-03-09 00:00:00+00:00,Харківська область,2,1,2
2024-03-09 00:00:00+00:00,Херсонська область,3,1,2
2024-03-09 00:00:00+00:00,Чернігівська область,1,1,0
2024-03-10 00:00:00+00:00,Вінницька область,1,1,0
2024-03-10 00:00:00+00:00,Дніпропетровська область,5,4,2
2024-03-10 00:00:00+00:00,Донецька область,11,6,6
2024-03-10 00:00:00+00:00,Київська область,1,1,0
2024-03-10 00:00:00+00:00,Луганська область,1,0,1
2024-03-10 00:00:00+00:00,Миколаївська область,3,3,1
2024-03-10 00:00:00+00:00,Одеська область,4,3,2
2024-03-10 00:00:00+00:00,Херсонська область,1,0,1
2024-03-10 00:00:00+00:00,Хмельницька область,2,2,0
2024-03-10 00:00:00+00:00,Чернігівська область,1,1,0
2024-03-11 00:00:00+00:00,Дніпропетровська область,1,1,0
2024-03-11 00:00:00+00:00,Донецька область,8,2,6
2024-03-11 00:00:00+00:00,Запорізька область,3,0,3
2024-03-11 00:00:00+00:00,Київська область,1,0,1
2024-03-11 00:00:00+00:00,Луганська область,1,0,1
2024-03-11 00:00:00+00:00,Одеська область,7,7,2
2024-03-11 00:00:00+00:00,Харківська область,6,4,5
2024-03-11 00:00:00+00:00,Херсонська область,2,0,2
2024-03-11 00:00:00+00:00,Хмельницька область,3,2,1
2024-03-12 00:00:00+00:00,Дніпропетровська область,1,1,0
2024-03-12 00:00:00+00:00,Донецька область,14,4,11
2024-03-12 00:00:00+00:00,Запорізька область,4,2,2
2024-03-12 00:00:00+00:00,Київська область,3,1,2
2024-03-12 00:00:00+00:00,Одеська область,1,1,0
2024-03-12 00:00:00+00:00,Сумська область,6,1,5
2024-03-12 00:00:00+00:00,Тернопільська область,2,1,1
2024-03-12 00:00:00+00:00,Харківська область,4,1,4
2024-03-12 00:00:00+00:00,Херсонська область,2,0,2
2024-03-12 00:00:00+00:00,Хмельницька область,2,2,0
2024-03-13 00:00:00+00:00,Дніпропетровська область,1,0,1
2024-03-13 00:00:00+00:00,Донецька область,8,3,5
2024-03-13 00:00:00+00:00,Запорізька область,4,1,3
2024-03-13 00:00:00+00:00,Сумська область,3,3,2
2024-03-13 00:00:00+00:00,Харківська область,4,0,4
2024-03-13 00:00:00+00:00,Хмельницька область,1,1,0
2024-03-14 00:00:00+00:00,Автономна Республіка Крим,2,0,2
2024-03-14 00:00:00+00:00,Вінницька область,5,3,4
2024-03-14 00:00:00+00:00,Дніпропетровська область,3,2,3
2024-03-14 00:00:00+00:00,Донецька область,7,2,5
2024-03-14 00:00:00+00:00,Запорізька область,2,1,1
2024-03-14 00:00:00+00:00,Одеська область,1,1,1
2024-03-14 00:00:00+00:00,Сумська область,6,5,4
2024-03-14 00:00:00+00:00,Харківська область,7,5,3
2024-03-14 00:00:00+00:00,Херсонська область,2,0,2
2024-03-14 00:00:00+00:00,Хмельницька область,3,2,1
2024-03-15 00:00:00+00:00,Вінницька область,6,5,5
2024-03-15 00:00:00+00:00,Дніпропетровська область,2,1,2
2024-03-15 00:00:00+00:00,Донецька область,18,12,12
2024-03-15 00:00:00+00:00,Київська область,5,4,1
2024-03-15 00:00:00+00:00,Луганська область,1,1,0
2024-03-15 00:00:00+00:00,Львівська область,1,0,1
2024-03-15 00:00:00+00:00,Миколаївська область,3,3,3
2024-03-15 00:00:00+00:00,Одеська область,8,3,7
2024-03-15 00:00:00+00:00,Полтавська область,1,0,1
2024-03-15 00:00:00+00:00,Сумська область,6,2,5
2024-03-15 00:00:00+00:00,Харківська область,6,2,5
2024-03-15 00:00:00+00:00,Херсонська область,4,2,3
2024-03-15 00:00:00+00:00,Хмельницька область,2,2,0
2024-03-16 00:00:00+00:00,Дніпропетровська область,2,0,2
2024-03-16 00:00:00+00:00,Донецька область,7,2,5
2024-03-16 00:00:00+00:00,Запорізька область,3,0,3
2024-03-16 00:00:00+00:00,Київська область,1,1,0
2024-03-16 00:00:00+00:00,Одеська область,4,3,2
2024-03-16 00:00:00+00:00,Сумська область,1,1,0
2024-03-16 00:00:00+00:00,Харківська область,5,4,1
2024-03-16 00:00:00+00:00,Херсонська область,4,2,2
2024-03-17 00:00:00+00:00,Дніпропетровська область,3,1,2
2024-03-17 00:00:00+00:00,Донецька область,9,4,7
2024-03-17 00:00:00+00:00,Кіровоградська область,1,0,1
2024-03-17 00:00:00+00:00,Луганська область,2,2,1
2024-03-17 00:00:00+00:00,Львівська область,1,0,1
2024-03-17 00:00:00+00:00,Миколаївська область,3,0,3
2024-03-17 00:00:00+00:00,Одеська область,7,6,3
2024-03-17 00:00:00+00:00,Полтавська область,1,1,0
2024-03-17 00:00:00+00:00,Сумська область,5,1,4
2024-03-17 00:00:00+00:00,Харківська область,5,3,3
2024-03-17 00:00:00+00:00,Херсонська область,3,2,1
2024-03-17 00:00:00+00:00,Хмельницька область,1,1,1
2024-03-18 00:00:00+00:00,Дніпропетровська область,2,2,0
2024-03-18 00:00:00+00:00,Донецька область,7,3,4
2024-03-18 00:00:00+00:00,Кіровоградська область,2,1,2
2024-03-18 00:00:00+00:00,Луганська область,2,2,1
2024-03-18 00:00:00+00:00,Миколаївська область,1,0,1
2024-03-18 00:00:00+00:00,Одеська область,1,1,0
2024-03-18 00:00:00+00:00,Полтавська область,5,3,2
2024-03-18 00:00:00+00:00,Сумська область,3,0,3
2024-03-18 00:00:00+00:00,Харківська область,5,4,3
2024-03-18 00:00:00+00:00,Херсонська область,7,4,4
2024-03-18 00:00:00+00:00,Хмельницька область,4,4,1
2024-03-19 00:00:00+00:00,Автономна Республіка Крим,1,1,0
2024-03-19 00:00:00+00:00,Вінницька область,1,1,0
2024-03-19 00:00:00+00:00,Дніпропетровська область,2,2,0
2024-03-19 00:00:00+00:00,Донецька область,6,3,3
2024-03-19 00:00:00+00:00,Одеська область,2,0,2
2024-03-19 00:00:00+00:00,Сумська область,5,2,4
2024-03-19 00:00:00+00:00,Харківська область,6,4,3
2024-03-19 00:00:00+00:00,Херсонська область,8,2,7
2024-03-19 00:00:00+00:00,Хмельницька область,1,1,0
2024-03-20 00:00:00+00:00,Автономна Республіка Крим,1,1,0
2024-03-20 00:00:00+00:00,Дніпропетровська область,2,1,2
2024-03-20 00:00:00+00:00,Донецька область,9,2,7
2024-03-20 00:00:00+00:00,Київська область,1,1,0
2024-03-20 00:00:00+00:00,Одеська область,1,1,1
2024-03-20 00:00:00+00:00,Сумська область,2,1,1
2024-03-20 00:00:00+00:00,Харківська область,14,4,10
2024-03-20 00:00:00+00:00,Херсонська область,6,3,5
2024-03-21 00:00:00+00:00,Автономна Республіка Крим,1,1,0
2024-03-21 00:00:00+00:00,Донецька область,8,3,5
2024-03-21 00:00:00+00:00,Київська область,11,8,4
2024-03-21 00:00:00+00:00,Луганська область,2,0,2
2024-03-21 00:00:00+00:00,Львівська область,1,0,1
2024-03-21 00:00:00+00:00,Миколаївська область,1,1,0
2024-03-21 00:00:00+00:00,Харківська область,1,0,1
2024-03-21 00:00:00+00:00,Херсонська область,6,4,4
2024-03-22 00:00:00+00:00,Івано-Франківська область,1,1,0
2024-03-22 00:00:00+00:00,Вінницька область,1,1,1
2024-03-22 00:00:00+00:00,Дніпропетровська область,5,3,4
2024-03-22 00:00:00+00:00,Донецька область,19,13,9
2024-03-22 00:00:00+00:00,Запорізька область,3,1,2
2024-03-22 00:00:00+00:00,Київська область,2,1,1
2024-03-22 00:00:00+00:00,Кіровоградська область,1,0,1
2024-03-22 00:00:00+00:00,Львівська область,4,2,3
2024-03-22 00:00:00+00:00,Одеська область,5,5,0
2024-03-22 00:00:00+00:00,Полтавська область,3,2,1
2024-03-22 00:00:00+00:00,Сумська область,1,1,1
2024-03-22 00:00:00+00:00,Тернопільська область,1,1,0
2024-03-22 00:00:00+00:00,Харківська область,3,3,1
2024-03-22 00:00:00+00:00,Херсонська область,2,2,1
2024-03-22 00:00:00+00:00,Хмельницька область,4,1,3
2024-03-22 00:00:00+00:00,Чернігівська область,7,4,5
2024-03-23 00:00:00+00:00,Автономна Республіка Крим,3,2,1
2024-03-23 00:00:00+00:00,Дніпропетровська область,3,3,1
2024-03-23 00:00:00+00:00,Донецька область,3,1,2
2024-03-23 00:00:00+00:00,Запорізька область,4,2,3
2024-03-23 00:00:00+00:00,Кіровоградська область,1,0,1
2024-03-23 00:00:00+00:00,Львівська область,2,2,1
2024-03-23 00:00:00+00:00,Одеська область,2,2,1
2024-03-23 00:00:00+00:00,Полтавська область,3,3,0
2024-03-23 00:00:00+00:00,Сумська область,2,2,1
2024-03-23 00:00:00+00:00,Тернопільська область,1,1,0
2024-03-23 00:00:00+00:00,Харківська область,14,9,8
2024-03-23 00:00:00+00:00,Херсонська область,7,1,7
2024-03-23 00:00:00+00:00,Хмельницька область,1,1,0
2024-03-23 00:00:00+00:00,Чернігівська область,2,2,1
2024-03-24 00:00:00+00:00,Автономна Республіка Крим,12,4,8
2024-03-24 00:00:00+00:00,Дніпропетровська область,4,3,2
2024-03-24 00:00:00+00:00,Донецька область,3,0,3
2024-03-24 00:00:00+00:00,Запорізька область,1,0,1
2024-03-24 00:00:00+00:00,Київська область,3,2,1
2024-03-24 00:00:00+00:00,Львівська область,13,9,5
2024-03-24 00:00:00+00:00,Миколаївська область,1,1,0
2024-03-24 00:00:00+00:00,Одеська область,3,3,1
2024-03-24 00:00:00+00:00,Полтавська область,1,1,0
2024-03-24 00:00:00+00:00,Харківська область,5,3,2
2024-03-24 00:00:00+00:00,Херсонська область,3,1,3
2024-03-25 00:00:00+00:00,Автономна Республіка Крим,2,1,1
2024-03-25 00:00:00+00:00,Дніпропетровська область,2,1,2
2024-03-25 00:00:00+00:00,Донецька область,2,2,0
2024-03-25 00:00:00+00:00,Запорізька область,1,0,1
2024-03-25 00:00:00+00:00,Київська область,6,5,1
2024-03-25 00:00:00+00:00,Львівська область,6,3,3
2024-03-25 00:00:00+00:00,Миколаївська область,2,1,1
2024-03-25 00:00:00+00:00,Одеська область,12,10,4
2024-03-25 00:00:00+00:00,Сумська область,3,0,3
2024-03-25 00:00:00+00:00,Харківська область,2,2,0
2024-03-25 00:00:00+00:00,Херсонська область,3,1,3
2024-03-26 00:00:00+00:00,Автономна Республіка Крим,2,2,0
2024-03-26 00:00:00+00:00,Дніпропетровська область,2,2,0
2024-03-26 00:00:00+00:00,Донецька область,4,2,2
2024-03-26 00:00:00+00:00,Запорізька область,2,0,2
2024-03-26 00:00:00+00:00,Київська область,4,1,3
2024-03-26 00:00:00+00:00,Миколаївська область,2,2,0
2024-03-26 00:00:00+00:00,Харківська область,11,9,4
2024-03-26 00:00:00+00:00,Херсонська область,2,1,2
2024-03-27 00:00:00+00:00,Автономна Республіка Крим,2,2,0
2024-03-27 00:00:00+00:00,Дніпропетровська область,7,6,2
2024-03-27 00:00:00+00:00,Донецька область,5,1,4
2024-03-27 00:00:00+00:00,Запорізька область,3,1,2
2024-03-27 00:00:00+00:00,Луганська область,1,0,1
2024-03-27 00:00:00+00:00,Миколаївська область,4,2,2
2024-03-27 00:00:00+00:00,Сумська область,2,1,1
2024-03-27 00:00:00+00:00,Харківська область,14,7,11
2024-03-27 00:00:00+00:00,Херсонська область,5,3,5
2024-03-28 00:00:00+00:00,Автономна Республіка Крим,3,0,3
2024-03-28 00:00:00+00:00,Дніпропетровська область,4,2,2
2024-03-28 00:00:00+00:00,Донецька область,20,16,11
2024-03-28 00:00:00+00:00,Запорізька область,7,4,6
2024-03-28 00:00:00+00:00,Київська область,3,3,0
2024-03-28 00:00:00+00:00,Луганська область,2,1,2
2024-03-28 00:00:00+00:00,Миколаївська область,2,0,2
2024-03-28 00:00:00+00:00,Одеська область,1,1,0
2024-03-28 00:00:00+00:00,Полтавська область,1,0,1
2024-03-28 00:00:00+00:00,Сумська область,2,2,0
2024-03-28 00:00:00+00:00,Харківська область,7,5,3
2024-03-28 00:00:00+00:00,Херсонська область,4,3,4
2024-03-28 00:00:00+00:00,Черкаська область,1,1,0
2024-03-29 00:00:00+00:00,Івано-Франківська область,3,1,2
2024-03-29 00:00:00+00:00,Автономна Республіка Крим,3,1,2
2024-03-29 00:00:00+00:00,Дніпропетровська область,14,7,8
2024-03-29 00:00:00+00:00,Донецька область,5,2,3
2024-03-29 00:00:00+00:00,Запорізька область,2,1,1
2024-03-29 00:00:00+00:00,Київська область,1,0,1
2024-03-29 00:00:00+00:00,Львівська область,5,3,2
2024-03-29 00:00:00+00:00,Одеська область,5,4,2
2024-03-29 00:00:00+00:00,Полтавська область,3,1,2
2024-03-29 00:00:00+00:00,Харківська область,5,4,2
2024-03-29 00:00:00+00:00,Херсонська область,2,2,2
2024-03-29 00:00:00+00:00,Хмельницька область,1,1,0
2024-03-29 00:00:00+00:00,Черкаська область,1,1,0
2024-03-30 00:00:00+00:00,Івано-Франківська область,1,1,0
2024-03-30 00:00:00+00:00,Автономна Республіка Крим,1,1,0
2024-03-30 00:00:00+00:00,Дніпропетровська область,3,2,1
2024-03-30 00:00:00+00:00,Донецька область,7,2,5
2024-03-30 00:00:00+00:00,Запорізька область,2,0,2
2024-03-30 00:00:00+00:00,Київська область,4,3,1
2024-03-30 00:00:00+00:00,Львівська область,1,1,0
2024-03-30 00:00:00+00:00,Одеська область,2,1,2
2024-03-30 00:00:00+00:00,Полтавська область,2,2,1
2024-03-30 00:00:00+00:00,Харківська область,8,2,6
2024-03-30 00:00:00+00:00,Херсонська область,5,3,2
2024-03-31 00:00:00+00:00,Автономна Республіка Крим,1,0,1
2024-03-31 00:00:00+00:00,Дніпропетровська область,1,1,0
2024-03-31 00:00:00+00:00,Донецька область,5,1,4
2024-03-31 00:00:00+00:00,Запорізька область,1,0,1
2024-03-31 00:00:00+00:00,Київська область,2,2,0
2024-03-31 00:00:00+00:00,Львівська область,2,0,2
2024-03-31 00:00:00+00:00,Одеська область,3,3,1
2024-03-31 00:00:00+00:00,Рівненська область,1,1,0
2024-03-31 00:00:00+00:00,Сумська область,3,1,2
2024-03-31 00:00:00+00:00,Тернопільська область,1,1,0
2024-03-31 00:00:00+00:00,Харківська область,7,2,5
2024-03-31 00:00:00+00:00,Херсонська область,7,3,5
2024-04-01 00:00:00+00:00,Дніпропетровська область,4,2,2
2024-04-01 00:00:00+00:00,Донецька область,2,2,0
2024-04-01 00:00:00+00:00,Київська область,4,4,0
2024-04-01 00:00:00+00:00,Одеська область,1,0,1
2024-04-01 00:00:00+00:00,Сумська область,1,1,0
2024-04-01 00:00:00+00:00,Тернопільська область,1,1,0
2024-04-01 00:00:00+00:00,Харківська область,9,7,4
2024-04-02 00:00:00+00:00,Автономна Республіка Крим,4,1,3
2024-04-02 00:00:00+00:00,Дніпропетровська область,11,4,8
2024-04-02 00:00:00+00:00,Донецька область,10,3,7
2024-04-02 00:00:00+00:00,Запорізька область,1,0,1
2024-04-02 00:00:00+00:00,Київська область,1,1,1
2024-04-02 00:00:00+00:00,Кіровоградська область,3,1,2
2024-04-02 00:00:00+00:00,Луганська область,2,1,2
2024-04-02 00:00:00+00:00,Сумська область,2,0,2
2024-04-02 00:00:00+00:00,Харківська область,4,2,4
2024-04-02 00:00:00+00:00,Херсонська область,2,0,2
2024-04-03 00:00:00+00:00,Дніпропетровська область,3,2,1
2024-04-03 00:00:00+00:00,Донецька область,5,1,4
2024-04-03 00:00:00+00:00,Київська область,1,1,0
2024-04-03 00:00:00+00:00,Луганська область,1,1,0
2024-04-03 00:00:00+00:00,Сумська область,1,0,1
2024-04-03 00:00:00+00:00,Харківська область,9,4,6
2024-04-03 00:00:00+00:00,Херсонська область,1,0,1
2024-04-03 00:00:00+00:00,Чернігівська область,1,0,1
2024-04-04 00:00:00+00:00,Дніпропетровська область,4,1,3
2024-04-04 00:00:00+00:00,Донецька область,7,1,6
2024-04-04 00:00:00+00:00,Київська область,1,1,0
2024-04-04 00:00:00+00:00,Кіровоградська область,1,0,1
2024-04-04 00:00:00+00:00,Харківська область,17,10,11
2024-04-04 00:00:00+00:00,Херсонська область,1,0,1
2024-04-05 00:00:00+00:00,Донецька область,10,2,8
2024-04-05 00:00:00+00:00,Запорізька область,5,3,2
2024-04-05 00:00:00+00:00,Одеська область,1,0,1
2024-04-05 00:00:00+00:00,Харківська область,8,6,2
2024-04-05 00:00:00+00:00,Херсонська область,2,0,2
2024-04-06 00:00:00+00:00,Автономна Республіка Крим,1,1,1
2024-04-06 00:00:00+00:00,Дніпропетровська область,3,1,2
2024-04-06 00:00:00+00:00,Донецька область,5,0,5
2024-04-06 00:00:00+00:00,Запорізька область,5,2,3
2024-04-06 00:00:00+00:00,Київська область,3,2,2
2024-04-06 00:00:00+00:00,Одеська область,6,1,5
2024-04-06 00:00:00+00:00,Харківська область,12,7,6
2024-04-06 00:00:00+00:00,Херсонська область,7,5,5
2024-04-07 00:00:00+00:00,Автономна Республіка Крим,1,0,1
2024-04-07 00:00:00+00:00,Дніпропетровська область,3,3,1
2024-04-07 00:00:00+00:00,Донецька область,13,10,9
2024-04-07 00:00:00+00:00,Запорізька область,10,6,4
2024-04-07 00:00:00+00:00,Луганська область,4,3,1
2024-04-07 00:00:00+00:00,Одеська область,3,1,3
2024-04-07 00:00:00+00:00,Харківська область,14,7,8
2024-04-07 00:00:00+00:00,Херсонська область,4,2,4
2024-04-08 00:00:00+00:00,Дніпропетровська область,2,2,0
2024-04-08 00:00:00+00:00,Донецька область,8,3,5
2024-04-08 00:00:00+00:00,Житомирська область,1,1,1
2024-04-08 00:00:00+00:00,Запорізька область,5,5,1
2024-04-08 00:00:00+00:00,Київська область,2,2,0
2024-04-08 00:00:00+00:00,Одеська область,6,6,1
2024-04-08 00:00:00+00:00,Полтавська область,4,2,2
2024-04-08 00:00:00+00:00,Сумська область,5,1,5
2024-04-08 00:00:00+00:00,Тернопільська область,1,1,0
2024-04-08 00:00:00+00:00,Харківська область,11,6,7
2024-04-08 00:00:00+00:00,Херсонська область,6,2,6
2024-04-09 00:00:00+00:00,Дніпропетровська область,3,2,1
2024-04-09 00:00:00+00:00,Донецька область,9,3,6
2024-04-09 00:00:00+00:00,Житомирська область,1,1,1
2024-04-09 00:00:00+00:00,Запорізька область,4,3,3
2024-04-09 00:00:00+00:00,Київська область,1,1,0
2024-04-09 00:00:00+00:00,Львівська область,4,4,2
2024-04-09 00:00:00+00:00,Одеська область,8,4,4
2024-04-09 00:00:00+00:00,Полтавська область,3,1,2
2024-04-09 00:00:00+00:00,Сумська область,4,1,3
2024-04-09 00:00:00+00:00,Харківська область,10,2,9
2024-04-09 00:00:00+00:00,Херсонська область,5,3,4
2024-04-10 00:00:00+00:00,Автономна Республіка Крим,1,1,0
2024-04-10 00:00:00+00:00,Дніпропетровська область,3,2,1
2024-04-10 00:00:00+00:00,Донецька область,13,6,7
2024-04-10 00:00:00+00:00,Житомирська область,2,1,2
2024-04-10 00:00:00+00:00,Запорізька область,2,0,2
2024-04-10 00:00:00+00:00,Луганська область,1,0,1
2024-04-10 00:00:00+00:00,Львівська область,1,1,0
2024-04-10 00:00:00+00:00,Миколаївська область,2,0,2
2024-04-10 00:00:00+00:00,Одеська область,7,3,4
2024-04-10 00:00:00+00:00,Полтавська область,1,0,1
2024-04-10 00:00:00+00:00,Сумська область,4,1,3
2024-04-10 00:00:00+00:00,Харківська область,4,3,1
2024-04-10 00:00:00+00:00,Херсонська область,1,1,1
2024-04-11 00:00:00+00:00,Дніпропетровська область,3,2,1
2024-04-11 00:00:00+00:00,Донецька область,9,5,4
2024-04-11 00:00:00+00:00,Запорізька область,1,1,0
2024-04-11 00:00:00+00:00,Київська область,5,5,0
2024-04-11 00:00:00+00:00,Львівська область,4,3,1
2024-04-11 00:00:00+00:00,Миколаївська область,3,2,2
2024-04-11 00:00:00+00:00,Одеська область,1,0,1
2024-04-11 00:00:00+00:00,Сумська область,2,0,2
2024-04-11 00:00:00+00:00,Харківська область,10,2,8
2024-04-12 00:00:00+00:00,Івано-Франківська область,1,1,0
2024-04-12 00:00:00+00:00,Автономна Республіка Крим,1,0,1
2024-04-12 00:00:00+00:00,Дніпропетровська область,3,2,1
2024-04-12 00:00:00+00:00,Донецька область,8,2,6
2024-04-12 00:00:00+00:00,Запорізька область,2,1,1
2024-04-12 00:00:00+00:00,Київська область,4,2,2
2024-04-12 00:00:00+00:00,Львівська область,1,1,0
2024-04-12 00:00:00+00:00,Миколаївська область,2,1,1
2024-04-12 00:00:00+00:00,Одеська область,1,1,0
2024-04-12 00:00:00+00:00,Сумська область,3,0,3
2024-04-12 00:00:00+00:00,Харківська область,6,0,6
2024-04-12 00:00:00+00:00,Херсонська область,3,0,3
2024-04-13 00:00:00+00:00,Івано-Франківська область,1,1,0
2024-04-13 00:00:00+00:00,Автономна Республіка Крим,1,0,1
2024-04-13 00:00:00+00:00,Донецька область,26,20,7
2024-04-13 00:00:00+00:00,Запорізька область,6,5,2
2024-04-13 00:00:00+00:00,Київська область,1,1,0
2024-04-13 00:00:00+00:00,Львівська область,1,1,0
2024-04-13 00:00:00+00:00,Миколаївська область,1,1,0
2024-04-13 00:00:00+00:00,Сумська область,1,0,1
2024-04-13 00:00:00+00:00,Харківська область,7,1,6
2024-04-13 00:00:00+00:00,Херсонська область,3,2,2
2024-04-14 00:00:00+00:00,Дніпропетровська область,6,0,6
2024-04-14 00:00:00+00:00,Донецька область,7,2,5
2024-04-14 00:00:00+00:00,Запорізька область,4,2,2
2024-04-14 00:00:00+00:00,Київська область,2,1,1
2024-04-14 00:00:00+00:00,Луганська область,1,1,0
2024-04-14 00:00:00+00:00,Львівська область,1,0,1
2024-04-14 00:00:00+00:00,Миколаївська область,1,1,0
2024-04-14 00:00:00+00:00,Сумська область,3,1,2
2024-04-14 00:00:00+00:00,Харківська область,10,7,4
2024-04-14 00:00:00+00:00,Херсонська область,4,2,3
2024-04-15 00:00:00+00:00,Дніпропетровська область,3,2,1
2024-04-15 00:00:00+00:00,Донецька область,11,2,9
2024-04-15 00:00:00+00:00,Запорізька область,2,2,0
2024-04-15 00:00:00+00:00,Кіровоградська область,2,1,1
2024-04-15 00:00:00+00:00,Луганська область,2,0,2
2024-04-15 00:00:00+00:00,Львівська область,1,0,1
2024-04-15 00:00:00+00:00,Полтавська область,1,0,1
2024-04-15 00:00:00+00:00,Сумська область,2,1,1
2024-04-15 00:00:00+00:00,Харківська область,12,5,7
2024-04-15 00:00:00+00:00,Херсонська область,1,0,1
2024-04-16 00:00:00+00:00,Донецька область,7,4,3
2024-04-16 00:00:00+00:00,Запорізька область,3,1,2
2024-04-16 00:00:00+00:00,Київська область,2,1,1
2024-04-16 00:00:00+00:00,Львівська область,1,0,1
2024-04-16 00:00:00+00:00,Сумська область,2,0,2
2024-04-16 00:00:00+00:00,Харківська область,6,1,5
2024-04-16 00:00:00+00:00,Херсонська область,4,0,4
2024-04-17 00:00:00+00:00,Автономна Республіка Крим,10,5,7
2024-04-17 00:00:00+00:00,Дніпропетровська область,1,1,1
2024-04-17 00:00:00+00:00,Донецька область,5,1,4
2024-04-17 00:00:00+00:00,Запорізька область,1,0,1
2024-04-17 00:00:00+00:00,Миколаївська область,1,1,0
2024-04-17 00:00:00+00:00,Одеська область,1,1,0
2024-04-17 00:00:00+00:00,Сумська область,3,0,3
2024-04-17 00:00:00+00:00,Херсонська область,5,1,4
2024-04-18 00:00:00+00:00,Івано-Франківська область,3,2,2
2024-04-18 00:00:00+00:00,Автономна Республіка Крим,8,5,5
2024-04-18 00:00:00+00:00,Дніпропетровська область,2,2,2
2024-04-18 00:00:00+00:00,Донецька область,5,1,4
2024-04-18 00:00:00+00:00,Запорізька область,3,1,2
2024-04-18 00:00:00+00:00,Миколаївська область,1,1,0
2024-04-18 00:00:00+00:00,Сумська область,2,0,2
2024-04-18 00:00:00+00:00,Харківська область,2,2,0
2024-04-18 00:00:00+00:00,Херсонська область,3,1,2
2024-04-18 00:00:00+00:00,Чернігівська область,4,1,4
2024-04-19 00:00:00+00:00,Дніпропетровська область,11,6,6
2024-04-19 00:00:00+00:00,Донецька область,5,1,4
2024-04-19 00:00:00+00:00,Запорізька область,3,0,3
2024-04-19 00:00:00+00:00,Луганська область,1,0,1
2024-04-19 00:00:00+00:00,Одеська область,4,2,2
2024-04-19 00:00:00+00:00,Сумська область,1,1,0
2024-04-19 00:00:00+00:00,Херсонська область,1,1,0
2024-04-19 00:00:00+00:00,Хмельницька область,1,1,0
2024-04-20 00:00:00+00:00,Автономна Республіка Крим,1,1,1
2024-04-20 00:00:00+00:00,Дніпропетровська область,8,4,4
2024-04-20 00:00:00+00:00,Донецька область,3,0,3
2024-04-20 00:00:00+00:00,Запорізька область,2,1,1
2024-04-20 00:00:00+00:00,Луганська область,1,0,1
2024-04-20 00:00:00+00:00,Одеська область,2,0,2
2024-04-20 00:00:00+00:00,Сумська область,3,1,2
2024-04-20 00:00:00+00:00,Харківська область,4,0,4
2024-04-20 00:00:00+00:00,Херсонська область,1,0,1
2024-04-20 00:00:00+00:00,Хмельницька область,1,1,0
2024-04-21 00:00:00+00:00,Автономна Республіка Крим,5,2,3
2024-04-21 00:00:00+00:00,Дніпропетровська область,5,4,1
2024-04-21 00:00:00+00:00,Донецька область,9,1,8
2024-04-21 00:00:00+00:00,Запорізька область,3,2,1
2024-04-21 00:00:00+00:00,Одеська область,5,0,5
2024-04-21 00:00:00+00:00,Сумська область,3,1,2
2024-04-21 00:00:00+00:00,Харківська область,2,0,2
2024-04-21 00:00:00+00:00,Херсонська область,2,0,2
2024-04-22 00:00:00+00:00,Автономна Республіка Крим,1,1,0
2024-04-22 00:00:00+00:00,Дніпропетровська область,1,1,0
2024-04-22 00:00:00+00:00,Донецька область,4,2,2
2024-04-22 00:00:00+00:00,Запорізька область,4,2,2
2024-04-22 00:00:00+00:00,Київська область,3,0,3
2024-04-22 00:00:00+00:00,Одеська область,3,2,2
2024-04-22 00:00:00+00:00,Сумська область,1,1,1
2024-04-22 00:00:00+00:00,Харківська область,6,4,3
2024-04-22 00:00:00+00:00,Херсонська область,1,0,1
2024-04-23 00:00:00+00:00,Автономна Республіка Крим,1,1,0
2024-04-23 00:00:00+00:00,Дніпропетровська область,3,2,1
2024-04-23 00:00:00+00:00,Донецька область,11,4,7
2024-04-23 00:00:00+00:00,Запорізька область,3,1,2
2024-04-23 00:00:00+00:00,Київська область,3,3,0
2024-04-23 00:00:00+00:00,Одеська область,9,7,5
2024-04-23 00:00:00+00:00,Полтавська область,1,0,1
2024-04-23 00:00:00+00:00,Харківська область,9,5,4
2024-04-23 00:00:00+00:00,Херсонська область,3,2,3
2024-04-24 00:00:00+00:00,Дніпропетровська область,6,4,2
2024-04-24 00:00:00+00:00,Донецька область,5,1,4
2024-04-24 00:00:00+00:00,Запорізька область,1,1,0
2024-04-24 00:00:00+00:00,Миколаївська область,1,1,1
2024-04-24 00:00:00+00:00,Одеська область,6,3,3
2024-04-24 00:00:00+00:00,Полтавська область,1,1,0
2024-04-24 00:00:00+00:00,Сумська область,4,3,1
2024-04-24 00:00:00+00:00,Харківська область,8,4,4
2024-04-24 00:00:00+00:00,Херсонська область,3,2,3
2024-04-24 00:00:00+00:00,Черкаська область,1,1,0
2024-04-25 00:00:00+00:00,Автономна Республіка Крим,1,0,1
2024-04-25 00:00:00+00:00,Дніпропетровська область,3,1,2
2024-04-25 00:00:00+00:00,Донецька область,6,1,5
2024-04-25 00:00:00+00:00,Запорізька область,2,1,1
2024-04-25 00:00:00+00:00,Київська область,1,1,0
2024-04-25 00:00:00+00:00,Луганська область,2,0,2
2024-04-25 00:00:00+00:00,Миколаївська область,2,1,2
2024-04-25 00:00:00+00:00,Полтавська область,1,1,0
2024-04-25 00:00:00+00:00,Сумська область,3,2,1
2024-04-25 00:00:00+00:00,Харківська область,8,2,6
2024-04-25 00:00:00+00:00,Херсонська область,5,3,4
2024-04-25 00:00:00+00:00,Черкаська область,2,1,1
2024-04-26 00:00:00+00:00,Донецька область,9,3,6
2024-04-26 00:00:00+00:00,Запорізька область,3,0,3
2024-04-26 00:00:00+00:00,Сумська область,3,1,2
2024-04-26 00:00:00+00:00,Харківська область,8,2,6
2024-04-26 00:00:00+00:00,Херсонська область,3,1,2
2024-04-26 00:00:00+00:00,Черкаська область,1,0,1
2024-04-27 00:00:00+00:00,Івано-Франківська область,3,2,1
2024-04-27 00:00:00+00:00,Автономна Республіка Крим,1,0,1
2024-04-27 00:00:00+00:00,Дніпропетровська область,4,2,3
2024-04-27 00:00:00+00:00,Донецька область,17,13,9
2024-04-27 00:00:00+00:00,Житомирська область,1,1,0
2024-04-27 00:00:00+00:00,Київська область,1,1,0
2024-04-27 00:00:00+00:00,Львівська область,2,1,2
2024-04-27 00:00:00+00:00,Одеська область,3,2,2
2024-04-27 00:00:00+00:00,Сумська область,1,0,1
2024-04-27 00:00:00+00:00,Харківська область,6,1,6
2024-04-28 00:00:00+00:00,Івано-Франківська область,2,2,0
2024-04-28 00:00:00+00:00,Дніпропетровська область,4,1,3
2024-04-28 00:00:00+00:00,Донецька область,5,1,4
2024-04-28 00:00:00+00:00,Житомирська область,1,1,0
2024-04-28 00:00:00+00:00,Запорізька область,1,1,0
2024-04-28 00:00:00+00:00,Кіровоградська область,1,1,1
2024-04-28 00:00:00+00:00,Львівська область,1,1,0
2024-04-28 00:00:00+00:00,Миколаївська область,2,1,1
2024-04-28 00:00:00+00:00,Одеська область,1,1,0
2024-04-28 00:00:00+00:00,Сумська область,1,0,1
2024-04-28 00:00:00+00:00,Харківська область,5,2,3
2024-04-28 00:00:00+00:00,Херсонська область,3,0,3
2024-04-29 00:00:00+00:00,Автономна Республіка Крим,1,0,1
2024-04-29 00:00:00+00:00,Донецька область,6,3,3
2024-04-29 00:00:00+00:00,Київська область,1,1,0
2024-04-29 00:00:00+00:00,Кіровоградська область,1,1,1
2024-04-29 00:00:00+00:00,Луганська область,1,0,1
2024-04-29 00:00:00+00:00,Львівська область,1,1,0
2024-04-29 00:00:00+00:00,Миколаївська область,1,1,0
2024-04-29 00:00:00+00:00,Одеська область,2,0,2
2024-04-29 00:00:00+00:00,Полтавська область,1,0,1
2024-04-29 00:00:00+00:00,Сумська область,1,0,1
2024-04-29 00:00:00+00:00,Харківська область,4,2,3
2024-04-29 00:00:00+00:00,Херсонська область,3,0,3
2024-04-29 00:00:00+00:00,Чернігівська область,1,1,0
2024-04-30 00:00:00+00:00,Автономна Республіка Крим,4,4,0
2024-04-30 00:00:00+00:00,Дніпропетровська область,1,0,1
2024-04-30 00:00:00+00:00,Донецька область,6,0,6
2024-04-30 00:00:00+00:00,Київська область,1,1,0
2024-04-30 00:00:00+00:00,Одеська область,4,4,0
2024-04-30 00:00:00+00:00,Сумська область,2,2,0
2024-04-30 00:00:00+00:00,Харківська область,7,2,6
2024-04-30 00:00:00+00:00,Херсонська область,1,0,1
2024-05-01 00:00:00+00:00,Автономна Республіка Крим,1,1,0
2024-05-01 00:00:00+00:00,Дніпропетровська область,1,0,1
2024-05-01 00:00:00+00:00,Донецька область,8,3,5
2024-05-01 00:00:00+00:00,Запорізька область,2,2,0
2024-05-01 00:00:00+00:00,Київська область,1,1,0
2024-05-01 00:00:00+00:00,Одеська область,9,4,7
2024-05-01 00:00:00+00:00,Сумська область,2,1,1
2024-05-01 00:00:00+00:00,Харківська область,9,1,8
2024-05-01 00:00:00+00:00,Херсонська область,5,3,3
2024-05-02 00:00:00+00:00,Автономна Республіка Крим,3,3,2
2024-05-02 00:00:00+00:00,Дніпропетровська область,1,0,1
2024-05-02 00:00:00+00:00,Донецька область,9,5,4
2024-05-02 00:00:00+00:00,Запорізька область,4,4,0
2024-05-02 00:00:00+00:00,Миколаївська область,1,1,0
2024-05-02 00:00:00+00:00,Одеська область,3,3,0
2024-05-02 00:00:00+00:00,Сумська область,2,2,0
2024-05-02 00:00:00+00:00,Харківська область,8,1,7
2024-05-02 00:00:00+00:00,Херсонська область,3,0,3
2024-05-03 00:00:00+00:00,Автономна Республіка Крим,1,1,0
2024-05-03 00:00:00+00:00,Дніпропетровська область,1,1,0
2024-05-03 00:00:00+00:00,Донецька область,7,3,4
2024-05-03 00:00:00+00:00,Запорізька область,6,3,4
2024-05-03 00:00:00+00:00,Київська область,1,0,1
2024-05-03 00:00:00+00:00,Кіровоградська область,2,0,2
2024-05-03 00:00:00+00:00,Луганська область,1,0,1
2024-05-03 00:00:00+00:00,Львівська область,1,0,1
2024-05-03 00:00:00+00:00,Сумська область,1,1,0
2024-05-03 00:00:00+00:00,Харківська область,12,2,10
2024-05-03 00:00:00+00:00,Херсонська область,2,0,2
2024-05-04 00:00:00+00:00,Автономна Республіка Крим,1,1,0
2024-05-04 00:00:00+00:00,Дніпропетровська область,3,2,2
2024-05-04 00:00:00+00:00,Донецька область,11,8,6
2024-05-04 00:00:00+00:00,Закарпатська область,1,0,1
2024-05-04 00:00:00+00:00,Запорізька область,6,4,3
2024-05-04 00:00:00+00:00,Київська область,3,3,0
2024-05-04 00:00:00+00:00,Луганська область,1,1,0
2024-05-04 00:00:00+00:00,Львівська область,1,1,0
2024-05-04 00:00:00+00:00,Миколаївська область,1,0,1
2024-05-04 00:00:00+00:00,Одеська область,4,1,4
2024-05-04 00:00:00+00:00,Харківська область,21,13,12
2024-05-04 00:00:00+00:00,Херсонська область,5,0,5
2024-05-05 00:00:00+00:00,Дніпропетровська область,3,3,2
2024-05-05 00:00:00+00:00,Донецька область,10,1,9
2024-05-05 00:00:00+00:00,Запорізька область,2,1,1
2024-05-05 00:00:00+00:00,Київська область,1,1,0
2024-05-05 00:00:00+00:00,Одеська область,1,1,0
2024-05-05 00:00:00+00:00,Полтавська область,2,0,2
2024-05-05 00:00:00+00:00,Сумська область,1,1,1
2024-05-05 00:00:00+00:00,Харківська область,16,7,10
2024-05-05 00:00:00+00:00,Херсонська область,4,2,4
2024-05-06 00:00:00+00:00,Автономна Республіка Крим,9,9,2
2024-05-06 00:00:00+00:00,Дніпропетровська область,5,3,4
2024-05-06 00:00:00+00:00,Донецька область,11,4,7
2024-05-06 00:00:00+00:00,Запорізька область,3,1,2
2024-05-06 00:00:00+00:00,Кіровоградська область,2,1,1
2024-05-06 00:00:00+00:00,Львівська область,1,0,1
2024-05-06 00:00:00+00:00,Одеська область,1,1,0
2024-05-06 00:00:00+00:00,Сумська область,8,7,3
2024-05-06 00:00:00+00:00,Харківська область,7,3,5
2024-05-06 00:00:00+00:00,Херсонська область,4,2,3
2024-05-07 00:00:00+00:00,Автономна Республіка Крим,2,2,1
2024-05-07 00:00:00+00:00,Дніпропетровська область,4,1,4
2024-05-07 00:00:00+00:00,Донецька область,7,3,4
2024-05-07 00:00:00+00:00,Запорізька область,3,1,2
2024-05-07 00:00:00+00:00,Луганська область,1,1,0
2024-05-07 00:00:00+00:00,Одеська область,1,0,1
2024-05-07 00:00:00+00:00,Сумська область,5,3,3
2024-05-07 00:00:00+00:00,Харківська область,7,2,6
2024-05-07 00:00:00+00:00,Херсонська область,3,1,2
2024-05-08 00:00:00+00:00,Івано-Франківська область,1,1,0
2024-05-08 00:00:00+00:00,Автономна Республіка Крим,1,1,1
2024-05-08 00:00:00+00:00,Дніпропетровська область,4,3,3
2024-05-08 00:00:00+00:00,Донецька область,3,1,2
2024-05-08 00:00:00+00:00,Запорізька область,1,1,0
2024-05-08 00:00:00+00:00,Київська область,4,3,1
2024-05-08 00:00:00+00:00,Луганська область,1,0,1
2024-05-08 00:00:00+00:00,Львівська область,3,2,1
2024-05-08 00:00:00+00:00,Сумська область,4,1,3
2024-05-08 00:00:00+00:00,Харківська область,10,3,9
2024-05-08 00:00:00+00:00,Херсонська область,5,1,4
2024-05-09 00:00:00+00:00,Івано-Франківська область,2,2,0
2024-05-09 00:00:00+00:00,Автономна Республіка Крим,1,1,0
2024-05-09 00:00:00+00:00,Дніпропетровська область,1,1,1
2024-05-09 00:00:00+00:00,Донецька область,1,0,1
2024-05-09 00:00:00+00:00,Запорізька область,2,1,1
2024-05-09 00:00:00+00:00,Київська область,3,3,0
2024-05-09 00:00:00+00:00,Луганська область,1,1,1
2024-05-09 00:00:00+00:00,Львівська область,1,1,0
2024-05-09 00:00:00+00:00,Миколаївська область,1,0,1
2024-05-09 00:00:00+00:00,Одеська область,3,3,1
2024-05-09 00:00:00+00:00,Сумська область,2,0,2
2024-05-09 00:00:00+00:00,Харківська область,2,0,2
2024-05-09 00:00:00+00:00,Херсонська область,2,1,1
2024-05-09 00:00:00+00:00,Чернігівська область,1,1,0
2024-05-10 00:00:00+00:00,Івано-Франківська область,2,2,0
2024-05-10 00:00:00+00:00,Автономна Республіка Крим,1,1,0
2024-05-10 00:00:00+00:00,Волинська область,1,1,0
2024-05-10 00:00:00+00:00,Дніпропетровська область,2,1,2
2024-05-10 00:00:00+00:00,Донецька область,5,2,4
2024-05-10 00:00:00+00:00,Запорізька область,4,1,3
2024-05-10 00:00:00+00:00,Київська область,3,2,1
2024-05-10 00:00:00+00:00,Луганська область,3,3,0
2024-05-10 00:00:00+00:00,Львівська область,1,1,0
2024-05-10 00:00:00+00:00,Миколаївська область,1,1,0
2024-05-10 00:00:00+00:00,Одеська область,1,1,0
2024-05-10 00:00:00+00:00,Сумська область,1,0,1
2024-05-10 00:00:00+00:00,Харківська область,10,9,3
2024-05-11 00:00:00+00:00,Дніпропетровська область,2,1,2
2024-05-11 00:00:00+00:00,Донецька область,9,3,7
2024-05-11 00:00:00+00:00,Запорізька область,1,0,1
2024-05-11 00:00:00+00:00,Київська область,2,2,0
2024-05-11 00:00:00+00:00,Одеська область,2,2,0
2024-05-11 00:00:00+00:00,Сумська область,5,0,5
2024-05-11 00:00:00+00:00,Харківська область,14,9,6
2024-05-11 00:00:00+00:00,Херсонська область,3,0,3
2024-05-11 00:00:00+00:00,Чернігівська область,1,0,1
2024-05-12 00:00:00+00:00,Дніпропетровська область,3,3,1
2024-05-12 00:00:00+00:00,Донецька область,4,1,3
2024-05-12 00:00:00+00:00,Запорізька область,3,3,0
2024-05-12 00:00:00+00:00,Луганська область,2,0,2
2024-05-12 00:00:00+00:00,Одеська область,1,1,0
2024-05-12 00:00:00+00:00,Сумська область,3,0,3
2024-05-12 00:00:00+00:00,Харківська область,12,9,3
2024-05-13 00:00:00+00:00,Автономна Республіка Крим,1,1,0
2024-05-13 00:00:00+00:00,Дніпропетровська область,3,2,1
2024-05-13 00:00:00+00:00,Донецька область,6,3,3
2024-05-13 00:00:00+00:00,Луганська область,1,0,1
2024-05-13 00:00:00+00:00,Сумська область,1,0,1
2024-05-13 00:00:00+00:00,Харківська область,15,11,4
2024-05-13 00:00:00+00:00,Херсонська область,1,1,0
2024-05-14 00:00:00+00:00,Автономна Республіка Крим,1,1,0
2024-05-14 00:00:00+00:00,Дніпропетровська область,1,1,0
2024-05-14 00:00:00+00:00,Донецька область,21,18,5
2024-05-14 00:00:00+00:00,Запорізька область,1,1,0
2024-05-14 00:00:00+00:00,Київська область,1,0,1
2024-05-14 00:00:00+00:00,Луганська область,6,6,2
2024-05-14 00:00:00+00:00,Харківська область,32,23,11
2024-05-14 00:00:00+00:00,Херсонська область,5,3,3
2024-05-15 00:00:00+00:00,Автономна Республіка Крим,4,3,1
2024-05-15 00:00:00+00:00,Дніпропетровська область,5,1,4
2024-05-15 00:00:00+00:00,Донецька область,6,2,4
2024-05-15 00:00:00+00:00,Запорізька область,1,0,1
2024-05-15 00:00:00+00:00,Київська область,2,1,1
2024-05-15 00:00:00+00:00,Луганська область,1,0,1
2024-05-15 00:00:00+00:00,Миколаївська область,2,0,2
2024-05-15 00:00:00+00:00,Одеська область,1,0,1
2024-05-15 00:00:00+00:00,Полтавська область,1,0,1
2024-05-15 00:00:00+00:00,Сумська область,2,2,0
2024-05-15 00:00:00+00:00,Харківська область,18,8,10
2024-05-15 00:00:00+00:00,Херсонська область,12,1,12
2024-05-15 00:00:00+00:00,Хмельницька область,1,1,0
2024-05-16 00:00:00+00:00,Автономна Республіка Крим,3,3,1
2024-05-16 00:00:00+00:00,Донецька область,10,3,7
2024-05-16 00:00:00+00:00,Запорізька область,3,0,3
2024-05-16 00:00:00+00:00,Київська область,3,0,3
2024-05-16 00:00:00+00:00,Луганська область,1,0,1
2024-05-16 00:00:00+00:00,Миколаївська область,1,0,1
2024-05-16 00:00:00+00:00,Полтавська область,1,1,1
2024-05-16 00:00:00+00:00,Сумська область,2,2,0
2024-05-16 00:00:00+00:00,Харківська область,21,9,13
2024-05-16 00:00:00+00:00,Херсонська область,2,0,2
2024-05-16 00:00:00+00:00,Хмельницька область,1,1,0
2024-05-17 00:00:00+00:00,Автономна Республіка Крим,8,7,2
2024-05-17 00:00:00+00:00,Вінницька область,1,0,1
2024-05-17 00:00:00+00:00,Дніпропетровська область,2,0,2
2024-05-17 00:00:00+00:00,Донецька область,7,1,6
2024-05-17 00:00:00+00:00,Київська область,1,1,0
2024-05-17 00:00:00+00:00,Одеська область,2,1,1
2024-05-17 00:00:00+00:00,Сумська область,2,2,0
2024-05-17 00:00:00+00:00,Харківська область,22,10,12
2024-05-17 00:00:00+00:00,Херсонська область,1,1,1
2024-05-18 00:00:00+00:00,Автономна Республіка Крим,2,1,1
2024-05-18 00:00:00+00:00,Дніпропетровська область,1,0,1
2024-05-18 00:00:00+00:00,Донецька область,3,0,3
2024-05-18 00:00:00+00:00,Київська область,1,0,1
2024-05-18 00:00:00+00:00,Львівська область,1,0,1
2024-05-18 00:00:00+00:00,Одеська область,2,1,1
2024-05-18 00:00:00+00:00,Полтавська область,2,2,0
2024-05-18 00:00:00+00:00,Сумська область,1,1,0
2024-05-18 00:00:00+00:00,Харківська область,11,6,6
2024-05-18 00:00:00+00:00,Херсонська область,2,2,2
2024-05-19 00:00:00+00:00,Автономна Республіка Крим,6,5,1
2024-05-19 00:00:00+00:00,Дніпропетровська область,1,1,0
2024-05-19 00:00:00+00:00,Донецька область,3,2,1
2024-05-19 00:00:00+00:00,Одеська область,3,3,2
2024-05-19 00:00:00+00:00,Полтавська область,1,1,0
2024-05-19 00:00:00+00:00,Сумська область,2,1,1
2024-05-19 00:00:00+00:00,Харківська область,10,3,8
2024-05-19 00:00:00+00:00,Херсонська область,2,1,2
2024-05-20 00:00:00+00:00,Автономна Республіка Крим,3,3,0
2024-05-20 00:00:00+00:00,Вінницька область,1,1,0
2024-05-20 00:00:00+00:00,Дніпропетровська область,3,2,1
2024-05-20 00:00:00+00:00,Донецька область,6,3,4
2024-05-20 00:00:00+00:00,Запорізька область,1,0,1
2024-05-20 00:00:00+00:00,Київська область,1,0,1
2024-05-20 00:00:00+00:00,Львівська область,2,2,1
2024-05-20 00:00:00+00:00,Миколаївська область,1,1,0
2024-05-20 00:00:00+00:00,Сумська область,2,1,1
2024-05-20 00:00:00+00:00,Харківська область,10,5,5
2024-05-20 00:00:00+00:00,Херсонська область,3,1,3
2024-05-20 00:00:00+00:00,Чернігівська область,1,0,1
2024-05-21 00:00:00+00:00,Автономна Республіка Крим,1,1,1
2024-05-21 00:00:00+00:00,Вінницька область,1,1,0
2024-05-21 00:00:00+00:00,Дніпропетровська область,1,1,0
2024-05-21 00:00:00+00:00,Запорізька область,3,0,3
2024-05-21 00:00:00+00:00,Луганська область,2,2,0
2024-05-21 00:00:00+00:00,Львівська область,1,1,0
2024-05-21 00:00:00+00:00,Одеська область,1,1,0
2024-05-21 00:00:00+00:00,Сумська область,1,1,0
2024-05-21 00:00:00+00:00,Харківська область,12,5,9
2024-05-21 00:00:00+00:00,Херсонська область,2,1,2
2024-05-22 00:00:00+00:00,Дніпропетровська область,2,1,1
2024-05-22 00:00:00+00:00,Донецька область,1,1,0
2024-05-22 00:00:00+00:00,Запорізька область,1,0,1
2024-05-22 00:00:00+00:00,Київська область,1,0,1
2024-05-22 00:00:00+00:00,Луганська область,1,1,0
2024-05-22 00:00:00+00:00,Львівська область,1,1,0
2024-05-22 00:00:00+00:00,Полтавська область,1,1,0
2024-05-22 00:00:00+00:00,Сумська область,6,4,2
2024-05-22 00:00:00+00:00,Харківська область,15,5,12
2024-05-22 00:00:00+00:00,Херсонська область,2,1,2
2024-05-22 00:00:00+00:00,Чернігівська область,1,1,0
2024-05-23 00:00:00+00:00,Автономна Республіка Крим,2,2,0
2024-05-23 00:00:00+00:00,Дніпропетровська область,1,0,1
2024-05-23 00:00:00+00:00,Донецька область,9,2,7
2024-05-23 00:00:00+00:00,Запорізька область,1,1,0
2024-05-23 00:00:00+00:00,Київська область,1,1,0
2024-05-23 00:00:00+00:00,Львівська область,1,0,1
2024-05-23 00:00:00+00:00,Сумська область,6,6,1
2024-05-23 00:00:00+00:00,Харківська область,30,14,20
2024-05-23 00:00:00+00:00,Херсонська область,1,1,1
2024-05-23 00:00:00+00:00,Чернігівська область,1,0,1
2024-05-24 00:00:00+00:00,Автономна Республіка Крим,4,3,2
2024-05-24 00:00:00+00:00,Дніпропетровська область,3,2,3
2024-05-24 00:00:00+00:00,Донецька область,10,2,8
2024-05-24 00:00:00+00:00,Запорізька область,2,1,1
2024-05-24 00:00:00+00:00,Харківська область,21,9,14
2024-05-24 00:00:00+00:00,Черкаська область,1,1,0
2024-05-25 00:00:00+00:00,Автономна Республіка Крим,2,1,1
2024-05-25 00:00:00+00:00,Дніпропетровська область,2,2,2
2024-05-25 00:00:00+00:00,Донецька область,6,1,5
2024-05-25 00:00:00+00:00,Запорізька область,3,0,3
2024-05-25 00:00:00+00:00,Київська область,1,0,1
2024-05-25 00:00:00+00:00,Сумська область,1,1,0
2024-05-25 00:00:00+00:00,Харківська область,37,10,30
2024-05-25 00:00:00+00:00,Херсонська область,2,1,2
2024-05-25 00:00:00+00:00,Черкаська область,2,1,1
2024-05-26 00:00:00+00:00,Вінницька область,1,1,0
2024-05-26 00:00:00+00:00,Дніпропетровська область,2,2,2
2024-05-26 00:00:00+00:00,Донецька область,8,0,8
2024-05-26 00:00:00+00:00,Запорізька область,3,0,3
2024-05-26 00:00:00+00:00,Луганська область,1,0,1
2024-05-26 00:00:00+00:00,Харківська область,20,4,17
2024-05-26 00:00:00+00:00,Херсонська область,5,2,5
2024-05-26 00:00:00+00:00,Хмельницька область,1,1,0
2024-05-27 00:00:00+00:00,Вінницька область,2,1,2
2024-05-27 00:00:00+00:00,Дніпропетровська область,1,1,1
2024-05-27 00:00:00+00:00,Донецька область,14,11,3
2024-05-27 00:00:00+00:00,Запорізька область,2,2,1
2024-05-27 00:00:00+00:00,Луганська область,4,3,2
2024-05-27 00:00:00+00:00,Сумська область,3,3,1
2024-05-27 00:00:00+00:00,Харківська область,26,9,20
2024-05-27 00:00:00+00:00,Херсонська область,3,1,3
2024-05-28 00:00:00+00:00,Вінницька область,2,1,2
2024-05-28 00:00:00+00:00,Дніпропетровська область,1,1,0
2024-05-28 00:00:00+00:00,Донецька область,5,1,4
2024-05-28 00:00:00+00:00,Запорізька область,1,1,0
2024-05-28 00:00:00+00:00,Луганська область,2,1,1
2024-05-28 00:00:00+00:00,Львівська область,1,0,1
2024-05-28 00:00:00+00:00,Рівненська область,1,1,0
2024-05-28 00:00:00+00:00,Сумська область,1,1,0
2024-05-28 00:00:00+00:00,Харківська область,13,3,12
2024-05-28 00:00:00+00:00,Херсонська область,1,0,1
2024-05-29 00:00:00+00:00,Донецька область,7,4,4
2024-05-29 00:00:00+00:00,Луганська область,1,1,0
2024-05-29 00:00:00+00:00,Миколаївська область,2,1,2
2024-05-29 00:00:00+00:00,Одеська область,1,1,0
2024-05-29 00:00:00+00:00,Рівненська область,1,1,0
2024-05-29 00:00:00+00:00,Сумська область,1,0,1
2024-05-29 00:00:00+00:00,Харківська область,11,1,11
2024-05-29 00:00:00+00:00,Херсонська область,1,1,1
2024-05-30 00:00:00+00:00,Автономна Республіка Крим,11,10,1
2024-05-30 00:00:00+00:00,Вінницька область,2,1,2
2024-05-30 00:00:00+00:00,Дніпропетровська область,1,1,0
2024-05-30 00:00:00+00:00,Донецька область,10,2,8
2024-05-30 00:00:00+00:00,Запорізька область,2,1,2
2024-05-30 00:00:00+00:00,Миколаївська область,1,1,1
2024-05-30 00:00:00+00:00,Харківська область,12,5,8
2024-05-30 00:00:00+00:00,Херсонська область,2,1,2
2024-05-30 00:00:00+00:00,Хмельницька область,1,1,0
2024-05-31 00:00:00+00:00,Автономна Республіка Крим,5,4,2
2024-05-31 00:00:00+00:00,Вінницька область,1,0,1
2024-05-31 00:00:00+00:00,Дніпропетровська область,1,1,0
2024-05-31 00:00:00+00:00,Донецька область,6,0,6
2024-05-31 00:00:00+00:00,Запорізька область,2,2,2
2024-05-31 00:00:00+00:00,Київська область,3,3,0
2024-05-31 00:00:00+00:00,Луганська область,1,1,0
2024-05-31 00:00:00+00:00,Одеська область,3,0,3
2024-05-31 00:00:00+00:00,Харківська область,12,2,11
2024-05-31 00:00:00+00:00,Херсонська область,3,2,2
2024-06-01 00:00:00+00:00,Дніпропетровська область,1,0,1
2024-06-01 00:00:00+00:00,Донецька область,6,3,6
2024-06-01 00:00:00+00:00,Запорізька область,1,1,0
2024-06-01 00:00:00+00:00,Київська область,1,1,0
2024-06-01 00:00:00+00:00,Луганська область,3,3,1
2024-06-01 00:00:00+00:00,Харківська область,6,2,4
2024-06-01 00:00:00+00:00,Херсонська область,3,2,2
2024-06-01 00:00:00+00:00,Хмельницька область,1,0,1
2024-06-01 00:00:00+00:00,Черкаська область,1,1,1
2024-06-02 00:00:00+00:00,Дніпропетровська область,2,1,1
2024-06-02 00:00:00+00:00,Донецька область,1,0,1
2024-06-02 00:00:00+00:00,Запорізька область,1,1,0
2024-06-02 00:00:00+00:00,Київська область,1,0,1
2024-06-02 00:00:00+00:00,Миколаївська область,1,1,0
2024-06-02 00:00:00+00:00,Харківська область,5,1,4
2024-06-03 00:00:00+00:00,Автономна Республіка Крим,2,1,1
2024-06-03 00:00:00+00:00,Волинська область,1,0,1
2024-06-03 00:00:00+00:00,Дніпропетровська область,1,1,0
2024-06-03 00:00:00+00:00,Донецька область,15,13,4
2024-06-03 00:00:00+00:00,Луганська область,1,1,0
2024-06-03 00:00:00+00:00,Одеська область,1,1,0
2024-06-03 00:00:00+00:00,Харківська область,11,6,7
2024-06-03 00:00:00+00:00,Херсонська область,1,1,0
2024-06-04 00:00:00+00:00,Вінницька область,1,0,1
2024-06-04 00:00:00+00:00,Дніпропетровська область,4,0,4
2024-06-04 00:00:00+00:00,Донецька область,2,0,2
2024-06-04 00:00:00+00:00,Запорізька область,1,0,1
2024-06-04 00:00:00+00:00,Київська область,1,1,0
2024-06-04 00:00:00+00:00,Сумська область,2,1,1
2024-06-04 00:00:00+00:00,Харківська область,7,2,5
2024-06-04 00:00:00+00:00,Херсонська область,1,0,1
2024-06-05 00:00:00+00:00,Донецька область,4,0,4
2024-06-05 00:00:00+00:00,Запорізька область,1,0,1
2024-06-05 00:00:00+00:00,Київська область,1,1,0
2024-06-05 00:00:00+00:00,Полтавська область,2,1,1
2024-06-05 00:00:00+00:00,Харківська область,4,1,3
2024-06-05 00:00:00+00:00,Херсонська область,2,0,2
2024-06-06 00:00:00+00:00,Автономна Республіка Крим,1,1,0
2024-06-06 00:00:00+00:00,Вінницька область,1,0,1
2024-06-06 00:00:00+00:00,Дніпропетровська область,3,2,3
2024-06-06 00:00:00+00:00,Донецька область,6,1,5
2024-06-06 00:00:00+00:00,Житомирська область,1,0,1
2024-06-06 00:00:00+00:00,Запорізька область,2,2,0
2024-06-06 00:00:00+00:00,Київська область,1,1,0
2024-06-06 00:00:00+00:00,Миколаївська область,1,0,1
2024-06-06 00:00:00+00:00,Харківська область,3,0,3
2024-06-06 00:00:00+00:00,Херсонська область,1,0,1
2024-06-06 00:00:00+00:00,Хмельницька область,1,1,0
2024-06-07 00:00:00+00:00,Дніпропетровська область,2,1,1
2024-06-07 00:00:00+00:00,Донецька область,4,0,4
2024-06-07 00:00:00+00:00,Київська область,5,5,0
2024-06-07 00:00:00+00:00,Миколаївська область,1,0,1
2024-06-07 00:00:00+00:00,Одеська область,1,1,0
2024-06-07 00:00:00+00:00,Харківська область,2,1,1
2024-06-07 00:00:00+00:00,Херсонська область,1,0,1
2024-06-08 00:00:00+00:00,Автономна Республіка Крим,3,2,1
2024-06-08 00:00:00+00:00,Дніпропетровська область,3,0,3
2024-06-08 00:00:00+00:00,Донецька область,4,1,3
2024-06-08 00:00:00+00:00,Запорізька область,1,0,1
2024-06-08 00:00:00+00:00,Київська область,1,0,1
2024-06-08 00:00:00+00:00,Харківська область,3,2,1
2024-06-08 00:00:00+00:00,Херсонська область,3,0,3
2024-06-09 00:00:00+00:00,Автономна Республіка Крим,1,1,0
2024-06-09 00:00:00+00:00,Дніпропетровська область,1,1,0
2024-06-09 00:00:00+00:00,Донецька область,3,0,3
2024-06-09 00:00:00+00:00,Запорізька область,1,1,0
2024-06-09 00:00:00+00:00,Київська область,1,0,1
2024-06-09 00:00:00+00:00,Луганська область,1,0,1
2024-06-09 00:00:00+00:00,Харківська область,5,3,2
2024-06-09 00:00:00+00:00,Херсонська область,1,1,0
2024-06-10 00:00:00+00:00,Автономна Республіка Крим,3,2,1
2024-06-10 00:00:00+00:00,Донецька область,5,0,5
2024-06-10 00:00:00+00:00,Запорізька область,1,1,0
2024-06-10 00:00:00+00:00,Сумська область,1,1,0
2024-06-10 00:00:00+00:00,Харківська область,6,0,6
2024-06-11 00:00:00+00:00,Автономна Республіка Крим,2,2,0
2024-06-11 00:00:00+00:00,Дніпропетровська область,3,0,3
2024-06-11 00:00:00+00:00,Донецька область,20,13,13
2024-06-11 00:00:00+00:00,Харківська область,8,3,6
2024-06-12 00:00:00+00:00,Автономна Республіка Крим,4,4,0
2024-06-12 00:00:00+00:00,Дніпропетровська область,3,0,3
2024-06-12 00:00:00+00:00,Донецька область,4,0,4
2024-06-12 00:00:00+00:00,Запорізька область,2,1,1
2024-06-12 00:00:00+00:00,Київська область,8,4,4
2024-06-12 00:00:00+00:00,Одеська область,1,0,1
2024-06-12 00:00:00+00:00,Сумська область,1,1,0
2024-06-12 00:00:00+00:00,Харківська область,5,1,4
2024-06-13 00:00:00+00:00,Автономна Республіка Крим,6,6,0
2024-06-13 00:00:00+00:00,Дніпропетровська область,2,1,1
2024-06-13 00:00:00+00:00,Донецька область,4,1,3
2024-06-13 00:00:00+00:00,Київська область,4,3,1
2024-06-13 00:00:00+00:00,Миколаївська область,1,0,1
2024-06-13 00:00:00+00:00,Харківська область,6,3,3
2024-06-13 00:00:00+00:00,Херсонська область,1,1,0
2024-06-14 00:00:00+00:00,Автономна Республіка Крим,3,3,0
2024-06-14 00:00:00+00:00,Дніпропетровська область,1,0,1
2024-06-14 00:00:00+00:00,Донецька область,1,0,1
2024-06-14 00:00:00+00:00,Запорізька область,3,2,1
2024-06-14 00:00:00+00:00,Київська область,5,2,3
2024-06-14 00:00:00+00:00,Сумська область,4,2,3
2024-06-14 00:00:00+00:00,Харківська область,7,0,7
2024-06-14 00:00:00+00:00,Херсонська область,1,0,1
2024-06-15 00:00:00+00:00,Автономна Республіка Крим,1,1,0
2024-06-15 00:00:00+00:00,Донецька область,3,0,3
2024-06-15 00:00:00+00:00,Запорізька область,1,0,1
2024-06-15 00:00:00+00:00,Київська область,2,2,0
2024-06-15 00:00:00+00:00,Луганська область,1,1,0
2024-06-15 00:00:00+00:00,Сумська область,1,0,1
2024-06-15 00:00:00+00:00,Харківська область,6,0,6
2024-06-15 00:00:00+00:00,Херсонська область,1,0,1
2024-06-16 00:00:00+00:00,Донецька область,3,0,3
2024-06-16 00:00:00+00:00,Запорізька область,2,1,1
2024-06-16 00:00:00+00:00,Полтавська область,1,0,1
2024-06-16 00:00:00+00:00,Сумська область,2,1,1
2024-06-16 00:00:00+00:00,Харківська область,3,0,3
2024-06-16 00:00:00+00:00,Херсонська область,2,0,2
2024-06-17 00:00:00+00:00,Автономна Республіка Крим,4,4,0
2024-06-17 00:00:00+00:00,Дніпропетровська область,1,0,1
2024-06-17 00:00:00+00:00,Донецька область,4,0,4
2024-06-17 00:00:00+00:00,Одеська область,3,3,0
2024-06-17 00:00:00+00:00,Полтавська область,4,0,4
2024-06-17 00:00:00+00:00,Харківська область,2,0,2
2024-06-17 00:00:00+00:00,Херсонська область,3,1,3
2024-06-18 00:00:00+00:00,Дніпропетровська область,1,1,1
2024-06-18 00:00:00+00:00,Донецька область,5,0,5
2024-06-18 00:00:00+00:00,Луганська область,1,0,1
2024-06-18 00:00:00+00:00,Миколаївська область,1,0,1
2024-06-18 00:00:00+00:00,Одеська область,1,0,1
2024-06-18 00:00:00+00:00,Харківська область,3,0,3
2024-06-18 00:00:00+00:00,Херсонська область,2,0,2
2024-06-19 00:00:00+00:00,Донецька область,20,19,5
2024-06-19 00:00:00+00:00,Запорізька область,3,2,1
2024-06-19 00:00:00+00:00,Кіровоградська область,1,0,1
2024-06-19 00:00:00+00:00,Львівська область,12,9,5
2024-06-19 00:00:00+00:00,Полтавська область,2,2,2
2024-06-19 00:00:00+00:00,Харківська область,14,8,10
2024-06-19 00:00:00+00:00,Херсонська область,2,0,2
2024-06-20 00:00:00+00:00,Автономна Республіка Крим,2,2,0
2024-06-20 00:00:00+00:00,Вінницька область,2,2,0
2024-06-20 00:00:00+00:00,Донецька область,3,0,3
2024-06-20 00:00:00+00:00,Запорізька область,1,0,1
2024-06-20 00:00:00+00:00,Київська область,3,3,0
2024-06-20 00:00:00+00:00,Львівська область,1,0,1
2024-06-20 00:00:00+00:00,Сумська область,1,1,1
2024-06-20 00:00:00+00:00,Харківська область,3,2,1
2024-06-20 00:00:00+00:00,Херсонська область,1,0,1
2024-06-21 00:00:00+00:00,Автономна Республіка Крим,4,3,2
2024-06-21 00:00:00+00:00,Донецька область,2,0,2
2024-06-21 00:00:00+00:00,Київська область,1,0,1
2024-06-21 00:00:00+00:00,Львівська область,1,0,1
2024-06-21 00:00:00+00:00,Харківська область,2,0,2
2024-06-21 00:00:00+00:00,Херсонська область,2,0,2
2024-06-22 00:00:00+00:00,Івано-Франківська область,2,1,1
2024-06-22 00:00:00+00:00,Волинська область,1,1,0
2024-06-22 00:00:00+00:00,Вінницька область,1,1,0
2024-06-22 00:00:00+00:00,Дніпропетровська область,1,0,1
2024-06-22 00:00:00+00:00,Донецька область,5,1,4
2024-06-22 00:00:00+00:00,Запорізька область,1,0,1
2024-06-22 00:00:00+00:00,Львівська область,3,2,1
2024-06-22 00:00:00+00:00,Харківська область,7,2,5
2024-06-22 00:00:00+00:00,Херсонська область,3,2,3
2024-06-23 00:00:00+00:00,Автономна Республіка Крим,6,5,2
2024-06-23 00:00:00+00:00,Дніпропетровська область,1,0,1
2024-06-23 00:00:00+00:00,Донецька область,4,1,3
2024-06-23 00:00:00+00:00,Закарпатська область,1,0,1
2024-06-23 00:00:00+00:00,Запорізька область,2,0,2
2024-06-23 00:00:00+00:00,Київська область,1,1,0
2024-06-23 00:00:00+00:00,Харківська область,9,2,7
2024-06-23 00:00:00+00:00,Херсонська область,2,0,2
2024-06-24 00:00:00+00:00,Автономна Республіка Крим,5,5,0
2024-06-24 00:00:00+00:00,Донецька область,6,1,5
2024-06-24 00:00:00+00:00,Запорізька область,3,1,3
2024-06-24 00:00:00+00:00,Київська область,1,1,0
2024-06-24 00:00:00+00:00,Одеська область,3,0,3
2024-06-24 00:00:00+00:00,Харківська область,10,1,9
2024-06-24 00:00:00+00:00,Херсонська область,1,0,1
2024-06-24 00:00:00+00:00,Чернігівська область,1,1,1
2024-06-25 00:00:00+00:00,Автономна Республіка Крим,2,2,0
2024-06-25 00:00:00+00:00,Дніпропетровська область,2,2,2
2024-06-25 00:00:00+00:00,Донецька область,5,0,5
2024-06-25 00:00:00+00:00,Запорізька область,2,0,2
2024-06-25 00:00:00+00:00,Харківська область,7,0,7
2024-06-26 00:00:00+00:00,Автономна Республіка Крим,3,3,0
2024-06-26 00:00:00+00:00,Донецька область,5,1,4
2024-06-26 00:00:00+00:00,Харківська область,10,4,10
2024-06-26 00:00:00+00:00,Херсонська область,4,1,4
2024-06-27 00:00:00+00:00,Автономна Республіка Крим,6,6,1
2024-06-27 00:00:00+00:00,Донецька область,6,2,4
2024-06-27 00:00:00+00:00,Київська область,2,1,1
2024-06-27 00:00:00+00:00,Луганська область,1,0,1
2024-06-27 00:00:00+00:00,Тернопільська область,1,1,0
2024-06-27 00:00:00+00:00,Харківська область,6,1,5
2024-06-27 00:00:00+00:00,Херсонська область,6,3,5
2024-06-28 00:00:00+00:00,Автономна Республіка Крим,1,0,1
2024-06-28 00:00:00+00:00,Дніпропетровська область,6,1,6
2024-06-28 00:00:00+00:00,Донецька область,8,0,8
2024-06-28 00:00:00+00:00,Запорізька область,1,0,1
2024-06-28 00:00:00+00:00,Луганська область,1,0,1
2024-06-28 00:00:00+00:00,Миколаївська область,2,1,2
2024-06-28 00:00:00+00:00,Харківська область,5,0,5
2024-06-28 00:00:00+00:00,Херсонська область,3,1,3
2024-06-29 00:00:00+00:00,Автономна Республіка Крим,5,3,2
2024-06-29 00:00:00+00:00,Дніпропетровська область,2,1,1
2024-06-29 00:00:00+00:00,Донецька область,5,0,5
2024-06-29 00:00:00+00:00,Запорізька область,1,0,1
2024-06-29 00:00:00+00:00,Сумська область,4,3,3
2024-06-29 00:00:00+00:00,Харківська область,4,0,4
2024-06-29 00:00:00+00:00,Херсонська область,2,0,2
2024-06-30 00:00:00+00:00,Донецька область,3,0,3
2024-06-30 00:00:00+00:00,Київська область,2,2,0
2024-06-30 00:00:00+00:00,Кіровоградська область,2,0,2
2024-06-30 00:00:00+00:00,Сумська область,2,0,2
2024-06-30 00:00:00+00:00,Харківська область,5,0,5
2024-06-30 00:00:00+00:00,Херсонська область,3,0,3
2024-07-01 00:00:00+00:00,Автономна Республіка Крим,2,2,0
2024-07-01 00:00:00+00:00,Дніпропетровська область,5,0,5
2024-07-01 00:00:00+00:00,Донецька область,4,0,4
2024-07-01 00:00:00+00:00,Київська область,3,2,2
2024-07-01 00:00:00+00:00,Луганська область,1,0,1
2024-07-01 00:00:00+00:00,Сумська область,2,0,2
2024-07-01 00:00:00+00:00,Харківська область,8,0,8
2024-07-01 00:00:00+00:00,Херсонська область,3,0,3
2024-07-02 00:00:00+00:00,Автономна Республіка Крим,4,3,1
2024-07-02 00:00:00+00:00,Дніпропетровська область,2,1,1
2024-07-02 00:00:00+00:00,Донецька область,6,0,6
2024-07-02 00:00:00+00:00,Київська область,3,2,1
2024-07-02 00:00:00+00:00,Луганська область,1,0,1
2024-07-02 00:00:00+00:00,Полтавська область,2,2,1
2024-07-02 00:00:00+00:00,Сумська область,1,1,1
2024-07-02 00:00:00+00:00,Харківська область,9,2,8
2024-07-02 00:00:00+00:00,Херсонська область,3,0,3
2024-07-03 00:00:00+00:00,Автономна Республіка Крим,1,1,0
2024-07-03 00:00:00+00:00,Дніпропетровська область,11,3,10
2024-07-03 00:00:00+00:00,Донецька область,18,15,6
2024-07-03 00:00:00+00:00,Запорізька область,6,3,4
2024-07-03 00:00:00+00:00,Київська область,1,1,0
2024-07-03 00:00:00+00:00,Луганська область,1,0,1
2024-07-03 00:00:00+00:00,Полтавська область,3,3,1
2024-07-03 00:00:00+00:00,Харківська область,16,4,13
2024-07-03 00:00:00+00:00,Херсонська область,3,1,2
2024-07-04 00:00:00+00:00,Автономна Республіка Крим,1,1,0
2024-07-04 00:00:00+00:00,Дніпропетровська область,8,2,6
2024-07-04 00:00:00+00:00,Донецька область,4,2,2
2024-07-04 00:00:00+00:00,Житомирська область,2,2,0
2024-07-04 00:00:00+00:00,Запорізька область,4,3,1
2024-07-04 00:00:00+00:00,Київська область,4,4,0
2024-07-04 00:00:00+00:00,Одеська область,4,2,3
2024-07-04 00:00:00+00:00,Полтавська область,3,2,1
2024-07-04 00:00:00+00:00,Харківська область,10,0,10
2024-07-04 00:00:00+00:00,Херсонська область,5,2,5
2024-07-04 00:00:00+00:00,Чернігівська область,4,3,1
2024-07-05 00:00:00+00:00,Автономна Республіка Крим,1,1,0
2024-07-05 00:00:00+00:00,Дніпропетровська область,4,0,4
2024-07-05 00:00:00+00:00,Житомирська область,1,0,1
2024-07-05 00:00:00+00:00,Київська область,6,4,4
2024-07-05 00:00:00+00:00,Полтавська область,1,1,0
2024-07-05 00:00:00+00:00,Харківська область,5,0,5
2024-07-05 00:00:00+00:00,Херсонська область,2,0,2
2024-07-05 00:00:00+00:00,Чернігівська область,2,1,2
2024-07-06 00:00:00+00:00,Дніпропетровська область,2,0,2
2024-07-06 00:00:00+00:00,Донецька область,5,3,2
2024-07-06 00:00:00+00:00,Житомирська область,1,0,1
2024-07-06 00:00:00+00:00,Київська область,3,3,1
2024-07-06 00:00:00+00:00,Кіровоградська область,2,0,2
2024-07-06 00:00:00+00:00,Полтавська область,1,0,1
2024-07-06 00:00:00+00:00,Рівненська область,1,0,1
2024-07-06 00:00:00+00:00,Сумська область,2,1,1
2024-07-06 00:00:00+00:00,Харківська область,2,0,2
2024-07-06 00:00:00+00:00,Херсонська область,2,0,2
2024-07-06 00:00:00+00:00,Чернігівська область,1,1,1
2024-07-07 00:00:00+00:00,Дніпропетровська область,3,1,3
2024-07-07 00:00:00+00:00,Донецька область,3,1,2
2024-07-07 00:00:00+00:00,Запорізька область,3,0,3
2024-07-07 00:00:00+00:00,Кіровоградська область,2,2,2
2024-07-07 00:00:00+00:00,Полтавська область,2,1,2
2024-07-07 00:00:00+00:00,Рівненська область,2,0,2
2024-07-07 00:00:00+00:00,Сумська область,2,2,1
2024-07-07 00:00:00+00:00,Харківська область,4,0,4
2024-07-07 00:00:00+00:00,Херсонська область,2,1,2
2024-07-08 00:00:00+00:00,Дніпропетровська область,6,1,5
2024-07-08 00:00:00+00:00,Донецька область,2,0,2
2024-07-08 00:00:00+00:00,Запорізька область,2,0,2
2024-07-08 00:00:00+00:00,Київська область,6,2,4
2024-07-08 00:00:00+00:00,Миколаївська область,2,1,1
2024-07-08 00:00:00+00:00,Рівненська область,1,0,1
2024-07-08 00:00:00+00:00,Сумська область,1,1,0
2024-07-08 00:00:00+00:00,Харківська область,6,3,4
2024-07-08 00:00:00+00:00,Чернігівська область,1,0,1
2024-07-09 00:00:00+00:00,Автономна Республіка Крим,1,1,0
2024-07-09 00:00:00+00:00,Донецька область,3,1,2
2024-07-09 00:00:00+00:00,Київська область,2,0,2
2024-07-09 00:00:00+00:00,Харківська область,4,1,3
2024-07-09 00:00:00+00:00,Херсонська область,2,0,2
2024-07-09 00:00:00+00:00,Чернігівська область,1,0,1
2024-07-10 00:00:00+00:00,Автономна Республіка Крим,1,1,0
2024-07-10 00:00:00+00:00,Дніпропетровська область,1,1,0
2024-07-10 00:00:00+00:00,Донецька область,8,1,7
2024-07-10 00:00:00+00:00,Київська область,2,1,1
2024-07-10 00:00:00+00:00,Кіровоградська область,1,0,1
2024-07-10 00:00:00+00:00,Миколаївська область,3,1,2
2024-07-10 00:00:00+00:00,Одеська область,1,1,0
2024-07-10 00:00:00+00:00,Харківська область,4,2,2
2024-07-10 00:00:00+00:00,Херсонська область,4,0,4
2024-07-11 00:00:00+00:00,Донецька область,25,22,6
2024-07-11 00:00:00+00:00,Київська область,2,2,0
2024-07-11 00:00:00+00:00,Луганська область,2,2,0
2024-07-11 00:00:00+00:00,Сумська область,2,1,1
2024-07-11 00:00:00+00:00,Харківська область,16,12,10
2024-07-11 00:00:00+00:00,Херсонська область,5,2,5
2024-07-12 00:00:00+00:00,Донецька область,11,0,11
2024-07-12 00:00:00+00:00,Запорізька область,1,1,0
2024-07-12 00:00:00+00:00,Київська область,2,1,1
2024-07-12 00:00:00+00:00,Миколаївська область,1,1,0
2024-07-12 00:00:00+00:00,Полтавська область,1,0,1
2024-07-12 00:00:00+00:00,Сумська область,1,0,1
2024-07-12 00:00:00+00:00,Харківська область,5,1,5
2024-07-12 00:00:00+00:00,Херсонська область,5,3,4
2024-07-12 00:00:00+00:00,Хмельницька область,1,1,0
2024-07-12 00:00:00+00:00,Чернігівська область,1,0,1
2024-07-13 00:00:00+00:00,Дніпропетровська область,2,1,2
2024-07-13 00:00:00+00:00,Донецька область,13,1,13
2024-07-13 00:00:00+00:00,Запорізька область,2,0,2
2024-07-13 00:00:00+00:00,Київська область,1,0,1
2024-07-13 00:00:00+00:00,Полтавська область,1,0,1
2024-07-13 00:00:00+00:00,Сумська область,1,0,1
2024-07-13 00:00:00+00:00,Харківська область,13,3,10
2024-07-13 00:00:00+00:00,Херсонська область,4,1,4
2024-07-13 00:00:00+00:00,Чернігівська область,1,0,1
2024-07-14 00:00:00+00:00,Автономна Республіка Крим,1,1,0
2024-07-14 00:00:00+00:00,Дніпропетровська область,3,2,1
2024-07-14 00:00:00+00:00,Донецька область,15,3,13
2024-07-14 00:00:00+00:00,Запорізька область,4,1,3
2024-07-14 00:00:00+00:00,Київська область,1,1,0
2024-07-14 00:00:00+00:00,Луганська область,1,0,1
2024-07-14 00:00:00+00:00,Львівська область,1,1,0
2024-07-14 00:00:00+00:00,Тернопільська область,1,0,1
2024-07-14 00:00:00+00:00,Харківська область,10,1,10
2024-07-14 00:00:00+00:00,Херсонська область,7,4,3
2024-07-15 00:00:00+00:00,Автономна Республіка Крим,3,3,1
2024-07-15 00:00:00+00:00,Дніпропетровська область,2,2,0
2024-07-15 00:00:00+00:00,Донецька область,13,0,13
2024-07-15 00:00:00+00:00,Луганська область,1,0,1
2024-07-15 00:00:00+00:00,Львівська область,1,0,1
2024-07-15 00:00:00+00:00,Одеська область,1,1,0
2024-07-15 00:00:00+00:00,Харківська область,9,2,7
2024-07-15 00:00:00+00:00,Херсонська область,2,2,0
2024-07-16 00:00:00+00:00,Автономна Республіка Крим,3,2,1
2024-07-16 00:00:00+00:00,Дніпропетровська область,3,1,2
2024-07-16 00:00:00+00:00,Донецька область,12,0,12
2024-07-16 00:00:00+00:00,Київська область,9,5,4
2024-07-16 00:00:00+00:00,Луганська область,1,0,1
2024-07-16 00:00:00+00:00,Львівська область,2,1,1
2024-07-16 00:00:00+00:00,Харківська область,9,1,8
2024-07-16 00:00:00+00:00,Херсонська область,4,1,4
2024-07-16 00:00:00+00:00,Чернігівська область,1,0,1
2024-07-17 00:00:00+00:00,Автономна Республіка Крим,3,1,2
2024-07-17 00:00:00+00:00,Дніпропетровська область,3,3,2
2024-07-17 00:00:00+00:00,Донецька область,14,2,12
2024-07-17 00:00:00+00:00,Запорізька область,1,0,1
2024-07-17 00:00:00+00:00,Київська область,4,3,3
2024-07-17 00:00:00+00:00,Луганська область,1,0,1
2024-07-17 00:00:00+00:00,Львівська область,3,0,3
2024-07-17 00:00:00+00:00,Одеська область,2,1,1
2024-07-17 00:00:00+00:00,Сумська область,1,1,1
2024-07-17 00:00:00+00:00,Харківська область,11,5,6
2024-07-17 00:00:00+00:00,Херсонська область,3,0,3
2024-07-18 00:00:00+00:00,Автономна Республіка Крим,3,2,2
2024-07-18 00:00:00+00:00,Дніпропетровська область,4,1,3
2024-07-18 00:00:00+00:00,Донецька область,20,12,11
2024-07-18 00:00:00+00:00,Запорізька область,2,0,2
2024-07-18 00:00:00+00:00,Київська область,2,1,1
2024-07-18 00:00:00+00:00,Одеська область,1,1,1
2024-07-18 00:00:00+00:00,Полтавська область,1,1,1
2024-07-18 00:00:00+00:00,Сумська область,2,1,1
2024-07-18 00:00:00+00:00,Харківська область,14,5,9
2024-07-18 00:00:00+00:00,Херсонська область,2,1,1
2024-07-19 00:00:00+00:00,Автономна Республіка Крим,2,2,0
2024-07-19 00:00:00+00:00,Дніпропетровська область,4,2,4
2024-07-19 00:00:00+00:00,Донецька область,12,1,11
2024-07-19 00:00:00+00:00,Запорізька область,4,1,4
2024-07-19 00:00:00+00:00,Київська область,6,5,1
2024-07-19 00:00:00+00:00,Луганська область,1,1,0
2024-07-19 00:00:00+00:00,Миколаївська область,4,1,3
2024-07-19 00:00:00+00:00,Сумська область,2,1,2
2024-07-19 00:00:00+00:00,Харківська область,9,1,8
2024-07-19 00:00:00+00:00,Херсонська область,3,1,3
2024-07-19 00:00:00+00:00,Черкаська область,1,0,1
2024-07-20 00:00:00+00:00,Автономна Республіка Крим,3,3,0
2024-07-20 00:00:00+00:00,Вінницька область,1,0,1
2024-07-20 00:00:00+00:00,Дніпропетровська область,4,2,3
2024-07-20 00:00:00+00:00,Донецька область,15,1,14
2024-07-20 00:00:00+00:00,Запорізька область,5,0,5
2024-07-20 00:00:00+00:00,Київська область,3,3,1
2024-07-20 00:00:00+00:00,Луганська область,1,0,1
2024-07-20 00:00:00+00:00,Полтавська область,2,1,1
2024-07-20 00:00:00+00:00,Сумська область,4,1,3
2024-07-20 00:00:00+00:00,Харківська область,5,0,5
2024-07-20 00:00:00+00:00,Херсонська область,3,3,1
2024-07-20 00:00:00+00:00,Черкаська область,1,0,1
2024-07-20 00:00:00+00:00,Чернігівська область,1,0,1
2024-07-21 00:00:00+00:00,Автономна Республіка Крим,1,1,0
2024-07-21 00:00:00+00:00,Дніпропетровська область,3,2,3
2024-07-21 00:00:00+00:00,Донецька область,13,2,11
2024-07-21 00:00:00+00:00,Запорізька область,6,0,6
2024-07-21 00:00:00+00:00,Київська область,9,8,4
2024-07-21 00:00:00+00:00,Луганська область,1,0,1
2024-07-21 00:00:00+00:00,Одеська область,1,1,0
2024-07-21 00:00:00+00:00,Полтавська область,1,1,0
2024-07-21 00:00:00+00:00,Сумська область,4,2,3
2024-07-21 00:00:00+00:00,Харківська область,5,0,5
2024-07-21 00:00:00+00:00,Херсонська область,2,0,2
2024-07-22 00:00:00+00:00,Дніпропетровська область,1,0,1
2024-07-22 00:00:00+00:00,Донецька область,18,11,8
2024-07-22 00:00:00+00:00,Запорізька область,6,2,4
2024-07-22 00:00:00+00:00,Київська область,1,1,0
2024-07-22 00:00:00+00:00,Луганська область,1,0,1
2024-07-22 00:00:00+00:00,Одеська область,2,2,1
2024-07-22 00:00:00+00:00,Сумська область,1,0,1
2024-07-22 00:00:00+00:00,Харківська область,12,5,8
2024-07-22 00:00:00+00:00,Херсонська область,2,1,2
2024-07-23 00:00:00+00:00,Автономна Республіка Крим,1,1,0
2024-07-23 00:00:00+00:00,Дніпропетровська область,2,1,2
2024-07-23 00:00:00+00:00,Донецька область,11,2,11
2024-07-23 00:00:00+00:00,Запорізька область,2,0,2
2024-07-23 00:00:00+00:00,Київська область,1,1,0
2024-07-23 00:00:00+00:00,Луганська область,1,0,1
2024-07-23 00:00:00+00:00,Львівська область,1,1,0
2024-07-23 00:00:00+00:00,Миколаївська область,1,0,1
2024-07-23 00:00:00+00:00,Полтавська область,1,1,0
2024-07-23 00:00:00+00:00,Сумська область,9,5,5
2024-07-23 00:00:00+00:00,Харківська область,5,3,2
2024-07-23 00:00:00+00:00,Херсонська область,5,1,5
2024-07-24 00:00:00+00:00,Автономна Республіка Крим,1,0,1
2024-07-24 00:00:00+00:00,Дніпропетровська область,2,0,2
2024-07-24 00:00:00+00:00,Донецька область,19,3,17
2024-07-24 00:00:00+00:00,Запорізька область,6,2,4
2024-07-24 00:00:00+00:00,Київська область,2,2,0
2024-07-24 00:00:00+00:00,Луганська область,1,0,1
2024-07-24 00:00:00+00:00,Львівська область,1,0,1
2024-07-24 00:00:00+00:00,Одеська область,2,2,1
2024-07-24 00:00:00+00:00,Сумська область,3,3,3
2024-07-24 00:00:00+00:00,Харківська область,12,2,10
2024-07-24 00:00:00+00:00,Херсонська область,9,1,8
2024-07-25 00:00:00+00:00,Автономна Республіка Крим,2,1,1
2024-07-25 00:00:00+00:00,Дніпропетровська область,2,2,2
2024-07-25 00:00:00+00:00,Донецька область,12,3,10
2024-07-25 00:00:00+00:00,Житомирська область,1,1,0
2024-07-25 00:00:00+00:00,Запорізька область,5,1,5
2024-07-25 00:00:00+00:00,Київська область,2,2,1
2024-07-25 00:00:00+00:00,Львівська область,1,0,1
2024-07-25 00:00:00+00:00,Миколаївська область,1,0,1
2024-07-25 00:00:00+00:00,Одеська область,3,2,2
2024-07-25 00:00:00+00:00,Рівненська область,1,0,1
2024-07-25 00:00:00+00:00,Харківська область,11,3,10
2024-07-25 00:00:00+00:00,Херсонська область,7,3,7
2024-07-26 00:00:00+00:00,Автономна Республіка Крим,3,2,1
2024-07-26 00:00:00+00:00,Донецька область,7,0,7
2024-07-26 00:00:00+00:00,Житомирська область,1,0,1
2024-07-26 00:00:00+00:00,Запорізька область,4,1,3
2024-07-26 00:00:00+00:00,Київська область,3,1,3
2024-07-26 00:00:00+00:00,Миколаївська область,1,1,1
2024-07-26 00:00:00+00:00,Одеська область,2,1,2
2024-07-26 00:00:00+00:00,Харківська область,6,0,6
2024-07-26 00:00:00+00:00,Херсонська область,6,0,6
2024-07-26 00:00:00+00:00,Чернігівська область,2,1,1
2024-07-27 00:00:00+00:00,Автономна Республіка Крим,2,0,2
2024-07-27 00:00:00+00:00,Донецька область,13,3,10
2024-07-27 00:00:00+00:00,Запорізька область,2,0,2
2024-07-27 00:00:00+00:00,Київська область,3,3,3
2024-07-27 00:00:00+00:00,Одеська область,1,0,1
2024-07-27 00:00:00+00:00,Полтавська область,1,1,0
2024-07-27 00:00:00+00:00,Сумська область,2,1,1
2024-07-27 00:00:00+00:00,Харківська область,4,2,2
2024-07-27 00:00:00+00:00,Херсонська область,6,1,5
2024-07-28 00:00:00+00:00,Автономна Республіка Крим,2,0,2
2024-07-28 00:00:00+00:00,Донецька область,7,0,7
2024-07-28 00:00:00+00:00,Запорізька область,4,0,4
2024-07-28 00:00:00+00:00,Одеська область,2,2,0
2024-07-28 00:00:00+00:00,Сумська область,2,0,2
2024-07-28 00:00:00+00:00,Харківська область,3,0,3
2024-07-28 00:00:00+00:00,Херсонська область,7,0,7
2024-07-29 00:00:00+00:00,Автономна Республіка Крим,3,1,2
2024-07-29 00:00:00+00:00,Дніпропетровська область,2,2,0
2024-07-29 00:00:00+00:00,Донецька область,10,0,10
2024-07-29 00:00:00+00:00,Запорізька область,6,0,6
2024-07-29 00:00:00+00:00,Сумська область,1,1,1
2024-07-29 00:00:00+00:00,Харківська область,7,3,4
2024-07-29 00:00:00+00:00,Херсонська область,6,2,6
2024-07-30 00:00:00+00:00,Дніпропетровська область,1,1,0
2024-07-30 00:00:00+00:00,Донецька область,15,2,14
2024-07-30 00:00:00+00:00,Запорізька область,6,0,6
2024-07-30 00:00:00+00:00,Київська область,1,1,0
2024-07-30 00:00:00+00:00,Луганська область,1,0,1
2024-07-30 00:00:00+00:00,Одеська область,1,1,0
2024-07-30 00:00:00+00:00,Харківська область,6,2,4
2024-07-30 00:00:00+00:00,Херсонська область,6,0,6
2024-07-31 00:00:00+00:00,Дніпропетровська область,2,1,1
2024-07-31 00:00:00+00:00,Донецька область,19,3,16
2024-07-31 00:00:00+00:00,Запорізька область,4,0,4
2024-07-31 00:00:00+00:00,Київська область,10,6,5
2024-07-31 00:00:00+00:00,Луганська область,2,0,2
2024-07-31 00:00:00+00:00,Львівська область,2,0,2
2024-07-31 00:00:00+00:00,Миколаївська область,1,0,1
2024-07-31 00:00:00+00:00,Рівненська область,1,0,1
2024-07-31 00:00:00+00:00,Сумська область,1,0,1
2024-07-31 00:00:00+00:00,Харківська область,11,0,11
2024-07-31 00:00:00+00:00,Херсонська область,11,4,9
2024-07-31 00:00:00+00:00,Чернігівська область,2,0,2
2024-08-01 00:00:00+00:00,Дніпропетровська область,4,2,4
2024-08-01 00:00:00+00:00,Донецька область,17,3,14
2024-08-01 00:00:00+00:00,Запорізька область,4,0,4
2024-08-01 00:00:00+00:00,Київська область,12,10,5
2024-08-01 00:00:00+00:00,Луганська область,2,0,2
2024-08-01 00:00:00+00:00,Львівська область,1,0,1
2024-08-01 00:00:00+00:00,Одеська область,1,1,0
2024-08-01 00:00:00+00:00,Полтавська область,1,1,0
2024-08-01 00:00:00+00:00,Рівненська область,1,0,1
2024-08-01 00:00:00+00:00,Сумська область,2,2,1
2024-08-01 00:00:00+00:00,Харківська область,8,2,6
2024-08-01 00:00:00+00:00,Херсонська область,5,1,5
2024-08-01 00:00:00+00:00,Чернігівська область,2,2,2
2024-08-02 00:00:00+00:00,Автономна Республіка Крим,2,2,0
2024-08-02 00:00:00+00:00,Дніпропетровська область,4,3,2
2024-08-02 00:00:00+00:00,Донецька область,30,16,14
2024-08-02 00:00:00+00:00,Запорізька область,3,0,3
2024-08-02 00:00:00+00:00,Київська область,1,0,1
2024-08-02 00:00:00+00:00,Луганська область,1,0,1
2024-08-02 00:00:00+00:00,Сумська область,2,1,1
2024-08-02 00:00:00+00:00,Харківська область,13,2,13
2024-08-02 00:00:00+00:00,Херсонська область,8,2,7
2024-08-03 00:00:00+00:00,Автономна Республіка Крим,2,0,2
2024-08-03 00:00:00+00:00,Вінницька область,3,3,2
2024-08-03 00:00:00+00:00,Дніпропетровська область,3,2,1
2024-08-03 00:00:00+00:00,Донецька область,18,0,18
2024-08-03 00:00:00+00:00,Запорізька область,4,1,4
2024-08-03 00:00:00+00:00,Київська область,2,1,2
2024-08-03 00:00:00+00:00,Миколаївська область,1,1,0
2024-08-03 00:00:00+00:00,Одеська область,2,1,1
2024-08-03 00:00:00+00:00,Сумська область,2,0,2
2024-08-03 00:00:00+00:00,Харківська область,9,1,8
2024-08-03 00:00:00+00:00,Херсонська область,14,1,14
2024-08-04 00:00:00+00:00,Автономна Республіка Крим,2,0,2
2024-08-04 00:00:00+00:00,Вінницька область,1,0,1
2024-08-04 00:00:00+00:00,Донецька область,22,2,20
2024-08-04 00:00:00+00:00,Запорізька область,4,0,4
2024-08-04 00:00:00+00:00,Миколаївська область,1,0,1
2024-08-04 00:00:00+00:00,Одеська область,1,0,1
2024-08-04 00:00:00+00:00,Сумська область,2,2,1
2024-08-04 00:00:00+00:00,Харківська область,7,2,7
2024-08-04 00:00:00+00:00,Херсонська область,8,2,7
2024-08-05 00:00:00+00:00,Автономна Республіка Крим,1,0,1
2024-08-05 00:00:00+00:00,Вінницька область,2,1,2
2024-08-05 00:00:00+00:00,Дніпропетровська область,1,0,1
2024-08-05 00:00:00+00:00,Донецька область,16,1,15
2024-08-05 00:00:00+00:00,Запорізька область,3,0,3
2024-08-05 00:00:00+00:00,Київська область,4,3,1
2024-08-05 00:00:00+00:00,Луганська область,1,0,1
2024-08-05 00:00:00+00:00,Миколаївська область,1,0,1
2024-08-05 00:00:00+00:00,Одеська область,1,0,1
2024-08-05 00:00:00+00:00,Сумська область,3,3,2
2024-08-05 00:00:00+00:00,Харківська область,8,4,4
2024-08-05 00:00:00+00:00,Херсонська область,5,1,5
2024-08-05 00:00:00+00:00,Хмельницька область,1,0,1
2024-08-06 00:00:00+00:00,Автономна Республіка Крим,1,0,1
2024-08-06 00:00:00+00:00,Дніпропетровська область,1,0,1
2024-08-06 00:00:00+00:00,Донецька область,11,0,11
2024-08-06 00:00:00+00:00,Запорізька область,5,0,5
2024-08-06 00:00:00+00:00,Київська область,8,3,6
2024-08-06 00:00:00+00:00,Луганська область,2,1,1
2024-08-06 00:00:00+00:00,Сумська область,3,1,2
2024-08-06 00:00:00+00:00,Харківська область,4,0,4
2024-08-06 00:00:00+00:00,Херсонська область,6,0,6
2024-08-06 00:00:00+00:00,Хмельницька область,1,0,1
2024-08-07 00:00:00+00:00,Донецька область,8,2,6
2024-08-07 00:00:00+00:00,Запорізька область,3,0,3
2024-08-07 00:00:00+00:00,Київська область,8,8,4
2024-08-07 00:00:00+00:00,Кіровоградська область,1,0,1
2024-08-07 00:00:00+00:00,Луганська область,1,1,0
2024-08-07 00:00:00+00:00,Львівська область,1,1,1
2024-08-07 00:00:00+00:00,Миколаївська область,2,2,0
2024-08-07 00:00:00+00:00,Сумська область,7,4,4
2024-08-07 00:00:00+00:00,Харківська область,3,0,3
2024-08-07 00:00:00+00:00,Херсонська область,6,0,6
2024-08-07 00:00:00+00:00,Хмельницька область,4,4,1
2024-08-08 00:00:00+00:00,Автономна Республіка Крим,2,1,1
2024-08-08 00:00:00+00:00,Дніпропетровська область,3,1,2
2024-08-08 00:00:00+00:00,Донецька область,9,2,8
2024-08-08 00:00:00+00:00,Запорізька область,3,0,3
2024-08-08 00:00:00+00:00,Київська область,1,1,0
2024-08-08 00:00:00+00:00,Одеська область,1,1,0
2024-08-08 00:00:00+00:00,Сумська область,13,1,12
2024-08-08 00:00:00+00:00,Харківська область,4,1,3
2024-08-08 00:00:00+00:00,Херсонська область,4,1,4
2024-08-09 00:00:00+00:00,Автономна Республіка Крим,2,2,1
2024-08-09 00:00:00+00:00,Дніпропетровська область,4,2,2
2024-08-09 00:00:00+00:00,Донецька область,26,15,14
2024-08-09 00:00:00+00:00,Запорізька область,2,0,2
2024-08-09 00:00:00+00:00,Сумська область,6,1,5
2024-08-09 00:00:00+00:00,Харківська область,6,4,3
2024-08-09 00:00:00+00:00,Херсонська область,3,1,3
2024-08-10 00:00:00+00:00,Автономна Республіка Крим,1,1,0
2024-08-10 00:00:00+00:00,Дніпропетровська область,4,3,3
2024-08-10 00:00:00+00:00,Донецька область,14,4,11
2024-08-10 00:00:00+00:00,Запорізька область,2,1,2
2024-08-10 00:00:00+00:00,Луганська область,1,0,1
2024-08-10 00:00:00+00:00,Миколаївська область,1,0,1
2024-08-10 00:00:00+00:00,Одеська область,2,0,2
2024-08-10 00:00:00+00:00,Полтавська область,1,0,1
2024-08-10 00:00:00+00:00,Сумська область,6,0,6
2024-08-10 00:00:00+00:00,Харківська область,8,4,4
2024-08-10 00:00:00+00:00,Херсонська область,14,4,14
2024-08-11 00:00:00+00:00,Дніпропетровська область,2,1,2
2024-08-11 00:00:00+00:00,Донецька область,8,0,8
2024-08-11 00:00:00+00:00,Запорізька область,2,0,2
2024-08-11 00:00:00+00:00,Київська область,2,2,1
2024-08-11 00:00:00+00:00,Кіровоградська область,1,0,1
2024-08-11 00:00:00+00:00,Миколаївська область,1,0,1
2024-08-11 00:00:00+00:00,Одеська область,1,1,0
2024-08-11 00:00:00+00:00,Полтавська область,2,1,1
2024-08-11 00:00:00+00:00,Сумська область,6,1,5
2024-08-11 00:00:00+00:00,Харківська область,2,2,1
2024-08-11 00:00:00+00:00,Херсонська область,5,1,4
2024-08-11 00:00:00+00:00,Хмельницька область,1,1,0
2024-08-12 00:00:00+00:00,Автономна Республіка Крим,1,1,0
2024-08-12 00:00:00+00:00,Дніпропетровська область,2,2,2
2024-08-12 00:00:00+00:00,Донецька область,11,1,10
2024-08-12 00:00:00+00:00,Запорізька область,4,1,3
2024-08-12 00:00:00+00:00,Київська область,1,1,0
2024-08-12 00:00:00+00:00,Кіровоградська область,1,0,1
2024-08-12 00:00:00+00:00,Полтавська область,4,4,1
2024-08-12 00:00:00+00:00,Сумська область,7,2,5
2024-08-12 00:00:00+00:00,Харківська область,6,5,2
2024-08-12 00:00:00+00:00,Херсонська область,5,1,4
2024-08-13 00:00:00+00:00,Автономна Республіка Крим,1,1,0
2024-08-13 00:00:00+00:00,Дніпропетровська область,3,1,3
2024-08-13 00:00:00+00:00,Донецька область,11,4,7
2024-08-13 00:00:00+00:00,Запорізька область,7,2,5
2024-08-13 00:00:00+00:00,Київська область,3,2,1
2024-08-13 00:00:00+00:00,Кіровоградська область,2,1,1
2024-08-13 00:00:00+00:00,Полтавська область,4,4,1
2024-08-13 00:00:00+00:00,Сумська область,7,2,5
2024-08-13 00:00:00+00:00,Харківська область,2,2,0
2024-08-13 00:00:00+00:00,Херсонська область,6,0,6
2024-08-13 00:00:00+00:00,Хмельницька область,1,0,1
2024-08-13 00:00:00+00:00,Чернігівська область,3,2,2
2024-08-14 00:00:00+00:00,Донецька область,9,0,9
2024-08-14 00:00:00+00:00,Житомирська область,4,2,4
2024-08-14 00:00:00+00:00,Запорізька область,5,1,4
2024-08-14 00:00:00+00:00,Київська область,1,1,0
2024-08-14 00:00:00+00:00,Кіровоградська область,1,0,1
2024-08-14 00:00:00+00:00,Миколаївська область,1,1,0
2024-08-14 00:00:00+00:00,Одеська область,3,0,3
2024-08-14 00:00:00+00:00,Сумська область,3,0,3
2024-08-14 00:00:00+00:00,Харківська область,7,2,7
2024-08-14 00:00:00+00:00,Херсонська область,9,3,6
2024-08-14 00:00:00+00:00,Чернігівська область,1,0,1
2024-08-15 00:00:00+00:00,Дніпропетровська область,2,0,2
2024-08-15 00:00:00+00:00,Донецька область,3,0,3
2024-08-15 00:00:00+00:00,Запорізька область,3,0,3
2024-08-15 00:00:00+00:00,Київська область,4,2,2
2024-08-15 00:00:00+00:00,Луганська область,1,0,1
2024-08-15 00:00:00+00:00,Львівська область,1,0,1
2024-08-15 00:00:00+00:00,Сумська область,7,0,7
2024-08-15 00:00:00+00:00,Харківська область,4,0,4
2024-08-15 00:00:00+00:00,Херсонська область,9,0,9
2024-08-16 00:00:00+00:00,Автономна Республіка Крим,4,3,1
2024-08-16 00:00:00+00:00,Дніпропетровська область,2,0,2
2024-08-16 00:00:00+00:00,Донецька область,17,14,7
2024-08-16 00:00:00+00:00,Житомирська область,1,0,1
2024-08-16 00:00:00+00:00,Запорізька область,3,0,3
2024-08-16 00:00:00+00:00,Київська область,8,5,4
2024-08-16 00:00:00+00:00,Кіровоградська область,1,0,1
2024-08-16 00:00:00+00:00,Луганська область,3,3,0
2024-08-16 00:00:00+00:00,Миколаївська область,6,2,6
2024-08-16 00:00:00+00:00,Сумська область,4,0,4
2024-08-16 00:00:00+00:00,Харківська область,7,3,4
2024-08-16 00:00:00+00:00,Херсонська область,9,0,9
2024-08-16 00:00:00+00:00,Хмельницька область,1,0,1
2024-08-17 00:00:00+00:00,Дніпропетровська область,1,1,0
2024-08-17 00:00:00+00:00,Донецька область,4,0,4
2024-08-17 00:00:00+00:00,Запорізька область,6,4,2
2024-08-17 00:00:00+00:00,Київська область,4,4,2
2024-08-17 00:00:00+00:00,Львівська область,1,0,1
2024-08-17 00:00:00+00:00,Миколаївська область,1,0,1
2024-08-17 00:00:00+00:00,Полтавська область,1,1,0
2024-08-17 00:00:00+00:00,Сумська область,9,4,6
2024-08-17 00:00:00+00:00,Харківська область,10,3,10
2024-08-17 00:00:00+00:00,Херсонська область,7,6,5
2024-08-17 00:00:00+00:00,Черкаська область,2,2,0
2024-08-18 00:00:00+00:00,Автономна Республіка Крим,2,2,1
2024-08-18 00:00:00+00:00,Дніпропетровська область,3,3,1
2024-08-18 00:00:00+00:00,Донецька область,8,1,7
2024-08-18 00:00:00+00:00,Запорізька область,4,2,2
2024-08-18 00:00:00+00:00,Київська область,7,6,1
2024-08-18 00:00:00+00:00,Луганська область,2,0,2
2024-08-18 00:00:00+00:00,Львівська область,1,0,1
2024-08-18 00:00:00+00:00,Миколаївська область,1,1,0
2024-08-18 00:00:00+00:00,Сумська область,7,3,5
2024-08-18 00:00:00+00:00,Харківська область,8,1,8
2024-08-18 00:00:00+00:00,Херсонська область,8,5,5
2024-08-18 00:00:00+00:00,Чернігівська область,1,0,1
2024-08-19 00:00:00+00:00,Автономна Республіка Крим,1,1,1
2024-08-19 00:00:00+00:00,Дніпропетровська область,7,6,2
2024-08-19 00:00:00+00:00,Донецька область,21,6,17
2024-08-19 00:00:00+00:00,Запорізька область,4,2,2
2024-08-19 00:00:00+00:00,Київська область,4,2,3
2024-08-19 00:00:00+00:00,Луганська область,3,0,3
2024-08-19 00:00:00+00:00,Миколаївська область,1,1,0
2024-08-19 00:00:00+00:00,Сумська область,5,2,3
2024-08-19 00:00:00+00:00,Харківська область,5,2,4
2024-08-19 00:00:00+00:00,Херсонська область,10,4,8
2024-08-20 00:00:00+00:00,Івано-Франківська область,1,0,1
2024-08-20 00:00:00+00:00,Дніпропетровська область,4,4,0
2024-08-20 00:00:00+00:00,Донецька область,21,9,16
2024-08-20 00:00:00+00:00,Запорізька область,5,0,5
2024-08-20 00:00:00+00:00,Київська область,10,8,4
2024-08-20 00:00:00+00:00,Луганська область,1,0,1
2024-08-20 00:00:00+00:00,Львівська область,1,0,1
2024-08-20 00:00:00+00:00,Сумська область,5,2,3
2024-08-20 00:00:00+00:00,Тернопільська область,5,2,4
2024-08-20 00:00:00+00:00,Харківська область,2,2,0
2024-08-20 00:00:00+00:00,Херсонська область,9,3,9
2024-08-21 00:00:00+00:00,Вінницька область,1,1,0
2024-08-21 00:00:00+00:00,Дніпропетровська область,2,2,1
2024-08-21 00:00:00+00:00,Донецька область,11,4,9
2024-08-21 00:00:00+00:00,Запорізька область,3,0,3
2024-08-21 00:00:00+00:00,Київська область,8,5,4
2024-08-21 00:00:00+00:00,Кіровоградська область,1,1,0
2024-08-21 00:00:00+00:00,Львівська область,1,0,1
2024-08-21 00:00:00+00:00,Миколаївська область,1,1,1
2024-08-21 00:00:00+00:00,Сумська область,1,0,1
2024-08-21 00:00:00+00:00,Тернопільська область,1,1,0
2024-08-21 00:00:00+00:00,Харківська область,3,0,3
2024-08-21 00:00:00+00:00,Херсонська область,13,5,12
2024-08-21 00:00:00+00:00,Хмельницька область,1,0,1
2024-08-22 00:00:00+00:00,Вінницька область,2,2,2
2024-08-22 00:00:00+00:00,Дніпропетровська область,2,2,2
2024-08-22 00:00:00+00:00,Донецька область,33,26,12
2024-08-22 00:00:00+00:00,Запорізька область,4,1,3
2024-08-22 00:00:00+00:00,Київська область,5,4,3
2024-08-22 00:00:00+00:00,Кіровоградська область,1,1,0
2024-08-22 00:00:00+00:00,Львівська область,1,0,1
2024-08-22 00:00:00+00:00,Миколаївська область,4,4,3
2024-08-22 00:00:00+00:00,Полтавська область,1,1,1
2024-08-22 00:00:00+00:00,Сумська область,3,0,3
2024-08-22 00:00:00+00:00,Тернопільська область,2,1,1
2024-08-22 00:00:00+00:00,Харківська область,3,0,3
2024-08-22 00:00:00+00:00,Херсонська область,5,2,4
2024-08-23 00:00:00+00:00,Дніпропетровська область,2,2,1
2024-08-23 00:00:00+00:00,Донецька область,12,6,6
2024-08-23 00:00:00+00:00,Запорізька область,2,0,2
2024-08-23 00:00:00+00:00,Київська область,3,1,2
2024-08-23 00:00:00+00:00,Кіровоградська область,1,1,0
2024-08-23 00:00:00+00:00,Миколаївська область,3,2,3
2024-08-23 00:00:00+00:00,Сумська область,3,1,3
2024-08-23 00:00:00+00:00,Тернопільська область,1,1,0
2024-08-23 00:00:00+00:00,Харківська область,6,1,5
2024-08-23 00:00:00+00:00,Херсонська область,10,5,9
2024-08-23 00:00:00+00:00,Хмельницька область,1,1,1
2024-08-23 00:00:00+00:00,Черкаська область,3,3,0
2024-08-24 00:00:00+00:00,Івано-Франківська область,5,5,0
2024-08-24 00:00:00+00:00,Дніпропетровська область,1,1,0
2024-08-24 00:00:00+00:00,Донецька область,9,1,8
2024-08-24 00:00:00+00:00,Запорізька область,3,1,2
2024-08-24 00:00:00+00:00,Київська область,1,0,1
2024-08-24 00:00:00+00:00,Миколаївська область,1,0,1
2024-08-24 00:00:00+00:00,Полтавська область,1,1,1
2024-08-24 00:00:00+00:00,Сумська область,6,3,5
2024-08-24 00:00:00+00:00,Харківська область,3,2,1
2024-08-24 00:00:00+00:00,Херсонська область,6,2,6
2024-08-24 00:00:00+00:00,Хмельницька область,1,1,1
2024-08-24 00:00:00+00:00,Черкаська область,1,1,0
2024-08-25 00:00:00+00:00,Івано-Франківська область,4,4,0
2024-08-25 00:00:00+00:00,Донецька область,10,3,7
2024-08-25 00:00:00+00:00,Запорізька область,2,1,1
2024-08-25 00:00:00+00:00,Полтавська область,1,1,1
2024-08-25 00:00:00+00:00,Сумська область,6,2,5
2024-08-25 00:00:00+00:00,Харківська область,7,2,5
2024-08-25 00:00:00+00:00,Херсонська область,8,1,8
2024-08-26 00:00:00+00:00,Івано-Франківська область,3,2,1
2024-08-26 00:00:00+00:00,Волинська область,4,0,4
2024-08-26 00:00:00+00:00,Вінницька область,1,0,1
2024-08-26 00:00:00+00:00,Дніпропетровська область,1,1,0
2024-08-26 00:00:00+00:00,Донецька область,5,1,4
2024-08-26 00:00:00+00:00,Житомирська область,1,0,1
2024-08-26 00:00:00+00:00,Запорізька область,4,1,3
2024-08-26 00:00:00+00:00,Київська область,15,12,3
2024-08-26 00:00:00+00:00,Одеська область,1,0,1
2024-08-26 00:00:00+00:00,Полтавська область,3,2,2
2024-08-26 00:00:00+00:00,Сумська область,2,1,1
2024-08-26 00:00:00+00:00,Харківська область,5,1,4
2024-08-26 00:00:00+00:00,Херсонська область,4,2,4
2024-08-27 00:00:00+00:00,Івано-Франківська область,2,2,0
2024-08-27 00:00:00+00:00,Автономна Республіка Крим,1,0,1
2024-08-27 00:00:00+00:00,Дніпропетровська область,1,1,1
2024-08-27 00:00:00+00:00,Донецька область,12,3,9
2024-08-27 00:00:00+00:00,Запорізька область,8,2,6
2024-08-27 00:00:00+00:00,Київська область,2,2,0
2024-08-27 00:00:00+00:00,Миколаївська область,1,1,0
2024-08-27 00:00:00+00:00,Одеська область,2,0,2
2024-08-27 00:00:00+00:00,Полтавська область,1,1,0
2024-08-27 00:00:00+00:00,Рівненська область,1,0,1
2024-08-27 00:00:00+00:00,Сумська область,5,1,4
2024-08-27 00:00:00+00:00,Харківська область,3,1,2
2024-08-27 00:00:00+00:00,Херсонська область,9,5,8
2024-08-28 00:00:00+00:00,Івано-Франківська область,2,2,0
2024-08-28 00:00:00+00:00,Волинська область,5,3,2
2024-08-28 00:00:00+00:00,Вінницька область,1,1,1
2024-08-28 00:00:00+00:00,Дніпропетровська область,4,3,2
2024-08-28 00:00:00+00:00,Донецька область,6,1,5
2024-08-28 00:00:00+00:00,Запорізька область,2,0,2
2024-08-28 00:00:00+00:00,Київська область,9,9,5
2024-08-28 00:00:00+00:00,Кіровоградська область,1,1,0
2024-08-28 00:00:00+00:00,Луганська область,1,0,1
2024-08-28 00:00:00+00:00,Львівська область,1,1,0
2024-08-28 00:00:00+00:00,Миколаївська область,1,1,1
2024-08-28 00:00:00+00:00,Одеська область,1,1,1
2024-08-28 00:00:00+00:00,Полтавська область,4,4,1
2024-08-28 00:00:00+00:00,Рівненська область,2,2,0
2024-08-28 00:00:00+00:00,Сумська область,8,7,7
2024-08-28 00:00:00+00:00,Тернопільська область,3,3,1
2024-08-28 00:00:00+00:00,Харківська область,6,4,4
2024-08-28 00:00:00+00:00,Херсонська область,3,3,1
2024-08-28 00:00:00+00:00,Хмельницька область,1,1,1
2024-08-28 00:00:00+00:00,Черкаська область,4,4,1
2024-08-28 00:00:00+00:00,Чернігівська область,4,3,3
2024-08-29 00:00:00+00:00,Автономна Республіка Крим,1,0,1
2024-08-29 00:00:00+00:00,Дніпропетровська область,6,3,4
2024-08-29 00:00:00+00:00,Донецька область,8,3,5
2024-08-29 00:00:00+00:00,Запорізька область,1,1,1
2024-08-29 00:00:00+00:00,Київська область,16,15,5
2024-08-29 00:00:00+00:00,Кіровоградська область,1,1,0
2024-08-29 00:00:00+00:00,Одеська область,1,1,1
2024-08-29 00:00:00+00:00,Полтавська область,1,1,0
2024-08-29 00:00:00+00:00,Сумська область,6,4,6
2024-08-29 00:00:00+00:00,Харківська область,5,3,3
2024-08-29 00:00:00+00:00,Херсонська область,3,1,2
2024-08-29 00:00:00+00:00,Черкаська область,3,3,0
2024-08-29 00:00:00+00:00,Чернігівська область,2,2,2
2024-08-30 00:00:00+00:00,Автономна Республіка Крим,1,0,1
2024-08-30 00:00:00+00:00,Дніпропетровська область,1,1,1
2024-08-30 00:00:00+00:00,Донецька область,26,16,12
2024-08-30 00:00:00+00:00,Запорізька область,1,1,1
2024-08-30 00:00:00+00:00,Київська область,3,2,1
2024-08-30 00:00:00+00:00,Луганська область,2,2,0
2024-08-30 00:00:00+00:00,Одеська область,1,0,1
2024-08-30 00:00:00+00:00,Полтавська область,1,1,1
2024-08-30 00:00:00+00:00,Сумська область,11,5,8
2024-08-30 00:00:00+00:00,Харківська область,12,5,9
2024-08-30 00:00:00+00:00,Херсонська область,7,2,7
2024-08-31 00:00:00+00:00,Дніпропетровська область,4,2,2
2024-08-31 00:00:00+00:00,Донецька область,10,2,8
2024-08-31 00:00:00+00:00,Запорізька область,1,1,1
2024-08-31 00:00:00+00:00,Київська область,15,12,4
2024-08-31 00:00:00+00:00,Полтавська область,2,1,1
2024-08-31 00:00:00+00:00,Сумська область,9,4,7
2024-08-31 00:00:00+00:00,Харківська область,11,0,11
2024-08-31 00:00:00+00:00,Херсонська область,8,4,7
2024-08-31 00:00:00+00:00,Черкаська область,1,1,0
2024-09-01 00:00:00+00:00,Автономна Республіка Крим,2,2,0
2024-09-01 00:00:00+00:00,Дніпропетровська область,2,1,1
2024-09-01 00:00:00+00:00,Донецька область,10,4,7
2024-09-01 00:00:00+00:00,Запорізька область,2,1,2
2024-09-01 00:00:00+00:00,Київська область,3,1,2
2024-09-01 00:00:00+00:00,Луганська область,1,0,1
2024-09-01 00:00:00+00:00,Полтавська область,2,2,1
2024-09-01 00:00:00+00:00,Сумська область,11,2,10
2024-09-01 00:00:00+00:00,Харківська область,18,4,15
2024-09-01 00:00:00+00:00,Херсонська область,7,3,5
2024-09-02 00:00:00+00:00,Івано-Франківська область,2,2,0
2024-09-02 00:00:00+00:00,Автономна Республіка Крим,3,3,0
2024-09-02 00:00:00+00:00,Дніпропетровська область,5,1,4
2024-09-02 00:00:00+00:00,Донецька область,8,2,7
2024-09-02 00:00:00+00:00,Запорізька область,5,1,4
2024-09-02 00:00:00+00:00,Київська область,7,7,1
2024-09-02 00:00:00+00:00,Луганська область,1,0,1
2024-09-02 00:00:00+00:00,Львівська область,1,0,1
2024-09-02 00:00:00+00:00,Полтавська область,3,3,2
2024-09-02 00:00:00+00:00,Сумська область,11,3,9
2024-09-02 00:00:00+00:00,Харківська область,20,4,17
2024-09-02 00:00:00+00:00,Херсонська область,7,4,4
2024-09-03 00:00:00+00:00,Автономна Республіка Крим,2,1,1
2024-09-03 00:00:00+00:00,Дніпропетровська область,2,0,2
2024-09-03 00:00:00+00:00,Донецька область,6,2,4
2024-09-03 00:00:00+00:00,Запорізька область,4,0,4
2024-09-03 00:00:00+00:00,Київська область,3,3,1
2024-09-03 00:00:00+00:00,Львівська область,1,0,1
2024-09-03 00:00:00+00:00,Миколаївська область,2,1,1
2024-09-03 00:00:00+00:00,Полтавська область,3,1,2
2024-09-03 00:00:00+00:00,Сумська область,10,2,8
2024-09-03 00:00:00+00:00,Харківська область,16,8,9
2024-09-03 00:00:00+00:00,Херсонська область,4,2,3
2024-09-03 00:00:00+00:00,Чернігівська область,2,1,1
2024-09-04 00:00:00+00:00,Івано-Франківська область,1,1,0
2024-09-04 00:00:00+00:00,Дніпропетровська область,1,1,0
2024-09-04 00:00:00+00:00,Донецька область,12,2,10
2024-09-04 00:00:00+00:00,Запорізька область,3,0,3
2024-09-04 00:00:00+00:00,Київська область,6,6,0
2024-09-04 00:00:00+00:00,Львівська область,4,4,2
2024-09-04 00:00:00+00:00,Миколаївська область,1,0,1
2024-09-04 00:00:00+00:00,Полтавська область,5,4,1
2024-09-04 00:00:00+00:00,Сумська область,5,2,4
2024-09-04 00:00:00+00:00,Харківська область,17,9,12
2024-09-04 00:00:00+00:00,Херсонська область,3,2,1
2024-09-05 00:00:00+00:00,Дніпропетровська область,1,1,0
2024-09-05 00:00:00+00:00,Донецька область,8,1,7
2024-09-05 00:00:00+00:00,Запорізька область,5,0,5
2024-09-05 00:00:00+00:00,Київська область,8,6,2
2024-09-05 00:00:00+00:00,Миколаївська область,1,1,0
2024-09-05 00:00:00+00:00,Полтавська область,1,1,0
2024-09-05 00:00:00+00:00,Сумська область,6,3,5
2024-09-05 00:00:00+00:00,Харківська область,14,6,10
2024-09-05 00:00:00+00:00,Херсонська область,8,3,6
2024-09-06 00:00:00+00:00,Івано-Франківська область,2,2,0
2024-09-06 00:00:00+00:00,Волинська область,2,2,0
2024-09-06 00:00:00+00:00,Дніпропетровська область,11,6,6
2024-09-06 00:00:00+00:00,Донецька область,25,19,12
2024-09-06 00:00:00+00:00,Київська область,4,2,2
2024-09-06 00:00:00+00:00,Луганська область,2,2,0
2024-09-06 00:00:00+00:00,Львівська область,10,9,2
2024-09-06 00:00:00+00:00,Сумська область,13,6,10
2024-09-06 00:00:00+00:00,Харківська область,7,7,2
2024-09-06 00:00:00+00:00,Херсонська область,9,3,8
2024-09-06 00:00:00+00:00,Чернігівська область,6,5,2
2024-09-07 00:00:00+00:00,Дніпропетровська область,6,5,2
2024-09-07 00:00:00+00:00,Донецька область,16,3,15
2024-09-07 00:00:00+00:00,Запорізька область,1,1,0
2024-09-07 00:00:00+00:00,Київська область,16,10,10
2024-09-07 00:00:00+00:00,Луганська область,2,0,2
2024-09-07 00:00:00+00:00,Сумська область,2,2,1
2024-09-07 00:00:00+00:00,Харківська область,10,4,7
2024-09-07 00:00:00+00:00,Херсонська область,8,5,7
2024-09-07 00:00:00+00:00,Хмельницька область,1,1,0
2024-09-07 00:00:00+00:00,Чернігівська область,2,2,2
2024-09-08 00:00:00+00:00,Дніпропетровська область,3,1,2
2024-09-08 00:00:00+00:00,Донецька область,16,2,14
2024-09-08 00:00:00+00:00,Запорізька область,2,1,1
2024-09-08 00:00:00+00:00,Київська область,1,1,0
2024-09-08 00:00:00+00:00,Кіровоградська область,1,1,0
2024-09-08 00:00:00+00:00,Луганська область,2,0,2
2024-09-08 00:00:00+00:00,Львівська область,1,1,0
2024-09-08 00:00:00+00:00,Миколаївська область,1,0,1
2024-09-08 00:00:00+00:00,Одеська область,2,2,0
2024-09-08 00:00:00+00:00,Полтавська область,2,1,1
2024-09-08 00:00:00+00:00,Сумська область,4,1,4
2024-09-08 00:00:00+00:00,Харківська область,11,0,11
2024-09-08 00:00:00+00:00,Херсонська область,12,7,11
2024-09-08 00:00:00+00:00,Хмельницька область,1,0,1
2024-09-08 00:00:00+00:00,Чернігівська область,1,1,1
2024-09-09 00:00:00+00:00,Автономна Республіка Крим,1,0,1
2024-09-09 00:00:00+00:00,Дніпропетровська область,1,1,0
2024-09-09 00:00:00+00:00,Донецька область,11,3,8
2024-09-09 00:00:00+00:00,Запорізька область,4,0,4
2024-09-09 00:00:00+00:00,Київська область,8,8,1
2024-09-09 00:00:00+00:00,Кіровоградська область,1,1,0
2024-09-09 00:00:00+00:00,Луганська область,1,0,1
2024-09-09 00:00:00+00:00,Львівська область,2,1,1
2024-09-09 00:00:00+00:00,Миколаївська область,1,1,0
2024-09-09 00:00:00+00:00,Сумська область,5,2,4
2024-09-09 00:00:00+00:00,Харківська область,11,4,9
2024-09-09 00:00:00+00:00,Херсонська область,6,2,6
2024-09-09 00:00:00+00:00,Хмельницька область,1,0,1
2024-09-10 00:00:00+00:00,Донецька область,13,3,10
2024-09-10 00:00:00+00:00,Запорізька область,4,0,4
2024-09-10 00:00:00+00:00,Київська область,2,2,0
2024-09-10 00:00:00+00:00,Луганська область,2,0,2
2024-09-10 00:00:00+00:00,Миколаївська область,1,1,0
2024-09-10 00:00:00+00:00,Одеська область,1,1,0
2024-09-10 00:00:00+00:00,Полтавська область,1,0,1
2024-09-10 00:00:00+00:00,Сумська область,4,2,3
2024-09-10 00:00:00+00:00,Харківська область,11,5,9
2024-09-10 00:00:00+00:00,Херсонська область,9,2,9
2024-09-10 00:00:00+00:00,Черкаська область,2,2,0
2024-09-10 00:00:00+00:00,Чернігівська область,1,0,1
2024-09-11 00:00:00+00:00,Автономна Республіка Крим,1,0,1
2024-09-11 00:00:00+00:00,Дніпропетровська область,2,1,1
2024-09-11 00:00:00+00:00,Донецька область,9,2,7
2024-09-11 00:00:00+00:00,Запорізька область,4,2,2
2024-09-11 00:00:00+00:00,Київська область,1,1,0
2024-09-11 00:00:00+00:00,Луганська область,1,0,1
2024-09-11 00:00:00+00:00,Миколаївська область,1,1,1
2024-09-11 00:00:00+00:00,Одеська область,1,1,0
2024-09-11 00:00:00+00:00,Полтавська область,1,1,0
2024-09-11 00:00:00+00:00,Сумська область,6,2,5
2024-09-11 00:00:00+00:00,Тернопільська область,1,1,0
2024-09-11 00:00:00+00:00,Харківська область,5,3,5
2024-09-11 00:00:00+00:00,Херсонська область,10,3,8
2024-09-11 00:00:00+00:00,Чернігівська область,1,0,1
2024-09-12 00:00:00+00:00,Донецька область,4,3,2
2024-09-12 00:00:00+00:00,Запорізька область,2,2,0
2024-09-12 00:00:00+00:00,Київська область,6,5,2
2024-09-12 00:00:00+00:00,Миколаївська область,1,1,1
2024-09-12 00:00:00+00:00,Одеська область,1,0,1
2024-09-12 00:00:00+00:00,Полтавська область,1,1,1
2024-09-12 00:00:00+00:00,Сумська область,15,9,10
2024-09-12 00:00:00+00:00,Харківська область,4,2,2
2024-09-12 00:00:00+00:00,Херсонська область,4,4,1
2024-09-12 00:00:00+00:00,Хмельницька область,5,4,3
2024-09-12 00:00:00+00:00,Черкаська область,2,2,1
2024-09-13 00:00:00+00:00,Дніпропетровська область,1,1,0
2024-09-13 00:00:00+00:00,Донецька область,11,8,5
2024-09-13 00:00:00+00:00,Запорізька область,1,1,0
2024-09-13 00:00:00+00:00,Київська область,2,2,0
2024-09-13 00:00:00+00:00,Луганська область,1,1,1
2024-09-13 00:00:00+00:00,Миколаївська область,1,0,1
2024-09-13 00:00:00+00:00,Одеська область,4,2,3
2024-09-13 00:00:00+00:00,Полтавська область,1,1,1
2024-09-13 00:00:00+00:00,Сумська область,10,7,9
2024-09-13 00:00:00+00:00,Харківська область,3,3,1
2024-09-13 00:00:00+00:00,Херсонська область,4,2,3
2024-09-13 00:00:00+00:00,Чернігівська область,1,1,0
2024-09-14 00:00:00+00:00,Дніпропетровська область,2,1,1
2024-09-14 00:00:00+00:00,Донецька область,9,0,9
2024-09-14 00:00:00+00:00,Запорізька область,6,1,5
2024-09-14 00:00:00+00:00,Київська область,7,6,2
2024-09-14 00:00:00+00:00,Миколаївська область,3,1,2
2024-09-14 00:00:00+00:00,Одеська область,6,3,4
2024-09-14 00:00:00+00:00,Сумська область,9,7,9
2024-09-14 00:00:00+00:00,Харківська область,6,0,6
2024-09-14 00:00:00+00:00,Херсонська область,2,1,2
2024-09-14 00:00:00+00:00,Хмельницька область,1,0,1
2024-09-14 00:00:00+00:00,Чернігівська область,3,2,1
2024-09-15 00:00:00+00:00,Івано-Франківська область,1,1,0
2024-09-15 00:00:00+00:00,Дніпропетровська область,2,1,1
2024-09-15 00:00:00+00:00,Донецька область,17,3,15
2024-09-15 00:00:00+00:00,Запорізька область,6,1,5
2024-09-15 00:00:00+00:00,Київська область,6,4,2
2024-09-15 00:00:00+00:00,Кіровоградська область,1,0,1
2024-09-15 00:00:00+00:00,Миколаївська область,5,3,3
2024-09-15 00:00:00+00:00,Одеська область,1,1,1
2024-09-15 00:00:00+00:00,Полтавська область,1,1,1
2024-09-15 00:00:00+00:00,Сумська область,6,2,6
2024-09-15 00:00:00+00:00,Харківська область,12,2,11
2024-09-15 00:00:00+00:00,Херсонська область,4,2,4
2024-09-15 00:00:00+00:00,Хмельницька область,2,1,1
2024-09-15 00:00:00+00:00,Чернігівська область,2,1,1
2024-09-16 00:00:00+00:00,Івано-Франківська область,1,1,0
2024-09-16 00:00:00+00:00,Автономна Республіка Крим,1,1,0
2024-09-16 00:00:00+00:00,Дніпропетровська область,1,1,0
2024-09-16 00:00:00+00:00,Донецька область,13,4,10
2024-09-16 00:00:00+00:00,Запорізька область,4,1,3
2024-09-16 00:00:00+00:00,Київська область,6,4,3
2024-09-16 00:00:00+00:00,Кіровоградська область,1,0,1
2024-09-16 00:00:00+00:00,Миколаївська область,2,1,1
2024-09-16 00:00:00+00:00,Одеська область,1,1,1
2024-09-16 00:00:00+00:00,Полтавська область,1,1,1
2024-09-16 00:00:00+00:00,Рівненська область,1,1,0
2024-09-16 00:00:00+00:00,Сумська область,7,2,7
2024-09-16 00:00:00+00:00,Харківська область,2,1,2
2024-09-16 00:00:00+00:00,Херсонська область,2,1,2
2024-09-16 00:00:00+00:00,Хмельницька область,1,1,0
2024-09-16 00:00:00+00:00,Чернігівська область,1,0,1
2024-09-17 00:00:00+00:00,Автономна Республіка Крим,2,2,0
2024-09-17 00:00:00+00:00,Дніпропетровська область,2,1,1
2024-09-17 00:00:00+00:00,Донецька область,12,4,8
2024-09-17 00:00:00+00:00,Запорізька область,4,1,3
2024-09-17 00:00:00+00:00,Київська область,2,2,1
2024-09-17 00:00:00+00:00,Луганська область,1,0,1
2024-09-17 00:00:00+00:00,Миколаївська область,4,3,2
2024-09-17 00:00:00+00:00,Сумська область,5,2,4
2024-09-17 00:00:00+00:00,Харківська область,8,1,7
2024-09-17 00:00:00+00:00,Херсонська область,7,2,6
2024-09-18 00:00:00+00:00,Дніпропетровська область,3,1,2
2024-09-18 00:00:00+00:00,Донецька область,15,8,14
2024-09-18 00:00:00+00:00,Запорізька область,2,0,2
2024-09-18 00:00:00+00:00,Київська область,5,5,1
2024-09-18 00:00:00+00:00,Кіровоградська область,4,1,3
2024-09-18 00:00:00+00:00,Луганська область,2,1,2
2024-09-18 00:00:00+00:00,Миколаївська область,2,2,2
2024-09-18 00:00:00+00:00,Одеська область,1,0,1
2024-09-18 00:00:00+00:00,Сумська область,8,5,5
2024-09-18 00:00:00+00:00,Харківська область,10,5,8
2024-09-18 00:00:00+00:00,Херсонська область,4,2,4
2024-09-19 00:00:00+00:00,Івано-Франківська область,1,0,1
2024-09-19 00:00:00+00:00,Дніпропетровська область,1,1,0
2024-09-19 00:00:00+00:00,Донецька область,12,7,12
2024-09-19 00:00:00+00:00,Запорізька область,5,1,5
2024-09-19 00:00:00+00:00,Київська область,4,4,1
2024-09-19 00:00:00+00:00,Луганська область,1,1,1
2024-09-19 00:00:00+00:00,Миколаївська область,2,1,2
2024-09-19 00:00:00+00:00,Полтавська область,1,1,0
2024-09-19 00:00:00+00:00,Сумська область,8,5,7
2024-09-19 00:00:00+00:00,Харківська область,10,6,7
2024-09-19 00:00:00+00:00,Херсонська область,6,3,5
2024-09-20 00:00:00+00:00,Івано-Франківська область,2,1,1
2024-09-20 00:00:00+00:00,Дніпропетровська область,6,3,4
2024-09-20 00:00:00+00:00,Донецька область,10,0,10
2024-09-20 00:00:00+00:00,Запорізька область,8,2,7
2024-09-20 00:00:00+00:00,Київська область,5,3,3
2024-09-20 00:00:00+00:00,Кіровоградська область,1,1,1
2024-09-20 00:00:00+00:00,Луганська область,1,0,1
2024-09-20 00:00:00+00:00,Львівська область,2,1,1
2024-09-20 00:00:00+00:00,Миколаївська область,3,2,3
2024-09-20 00:00:00+00:00,Одеська область,1,0,1
2024-09-20 00:00:00+00:00,Сумська область,9,7,6
2024-09-20 00:00:00+00:00,Харківська область,8,0,8
2024-09-20 00:00:00+00:00,Херсонська область,3,2,2
2024-09-20 00:00:00+00:00,Хмельницька область,3,2,2
2024-09-20 00:00:00+00:00,Черкаська область,1,1,0
2024-09-21 00:00:00+00:00,Автономна Республіка Крим,2,2,0
2024-09-21 00:00:00+00:00,Дніпропетровська область,5,2,3
2024-09-21 00:00:00+00:00,Донецька область,17,9,10
2024-09-21 00:00:00+00:00,Запорізька область,5,1,4
2024-09-21 00:00:00+00:00,Київська область,5,4,2
2024-09-21 00:00:00+00:00,Кіровоградська область,2,1,2
2024-09-21 00:00:00+00:00,Луганська область,3,2,1
2024-09-21 00:00:00+00:00,Львівська область,1,0,1
2024-09-21 00:00:00+00:00,Миколаївська область,2,2,2
2024-09-21 00:00:00+00:00,Одеська область,1,0,1
2024-09-21 00:00:00+00:00,Сумська область,12,8,8
2024-09-21 00:00:00+00:00,Харківська область,14,7,10
2024-09-21 00:00:00+00:00,Херсонська область,3,0,3
2024-09-21 00:00:00+00:00,Чернігівська область,1,1,0
2024-09-22 00:00:00+00:00,Дніпропетровська область,1,1,0
2024-09-22 00:00:00+00:00,Донецька область,11,4,7
2024-09-22 00:00:00+00:00,Запорізька область,6,2,4
2024-09-22 00:00:00+00:00,Київська область,7,5,4
2024-09-22 00:00:00+00:00,Кіровоградська область,1,0,1
2024-09-22 00:00:00+00:00,Луганська область,1,0,1
2024-09-22 00:00:00+00:00,Львівська область,1,0,1
2024-09-22 00:00:00+00:00,Миколаївська область,1,1,1
2024-09-22 00:00:00+00:00,Одеська область,1,0,1
2024-09-22 00:00:00+00:00,Полтавська область,1,1,1
2024-09-22 00:00:00+00:00,Сумська область,5,2,4
2024-09-22 00:00:00+00:00,Харківська область,19,3,18
2024-09-22 00:00:00+00:00,Херсонська область,6,3,6
2024-09-22 00:00:00+00:00,Хмельницька область,2,2,1
2024-09-23 00:00:00+00:00,Автономна Республіка Крим,1,1,0
2024-09-23 00:00:00+00:00,Дніпропетровська область,1,1,1
2024-09-23 00:00:00+00:00,Донецька область,4,1,3
2024-09-23 00:00:00+00:00,Запорізька область,9,0,9
2024-09-23 00:00:00+00:00,Київська область,2,1,1
2024-09-23 00:00:00+00:00,Миколаївська область,2,2,1
2024-09-23 00:00:00+00:00,Сумська область,8,5,6
2024-09-23 00:00:00+00:00,Харківська область,13,0,13
2024-09-23 00:00:00+00:00,Херсонська область,7,5,5
2024-09-23 00:00:00+00:00,Хмельницька область,1,1,1
2024-09-24 00:00:00+00:00,Автономна Республіка Крим,1,1,0
2024-09-24 00:00:00+00:00,Вінницька область,1,1,0
2024-09-24 00:00:00+00:00,Дніпропетровська область,1,1,1
2024-09-24 00:00:00+00:00,Донецька область,11,3,8
2024-09-24 00:00:00+00:00,Житомирська область,1,1,0
2024-09-24 00:00:00+00:00,Запорізька область,8,2,6
2024-09-24 00:00:00+00:00,Київська область,7,6,1
2024-09-24 00:00:00+00:00,Кіровоградська область,1,1,0
2024-09-24 00:00:00+00:00,Миколаївська область,3,3,0
2024-09-24 00:00:00+00:00,Полтавська область,5,4,2
2024-09-24 00:00:00+00:00,Сумська область,7,4,5
2024-09-24 00:00:00+00:00,Харківська область,15,3,13
2024-09-24 00:00:00+00:00,Херсонська область,4,2,4
2024-09-24 00:00:00+00:00,Хмельницька область,1,1,1
2024-09-24 00:00:00+00:00,Черкаська область,2,2,0
2024-09-25 00:00:00+00:00,Донецька область,17,5,14
2024-09-25 00:00:00+00:00,Запорізька область,13,2,12
2024-09-25 00:00:00+00:00,Київська область,2,2,0
2024-09-25 00:00:00+00:00,Миколаївська область,1,1,1
2024-09-25 00:00:00+00:00,Полтавська область,1,1,0
2024-09-25 00:00:00+00:00,Сумська область,4,3,2
2024-09-25 00:00:00+00:00,Харківська область,11,0,11
2024-09-25 00:00:00+00:00,Херсонська область,6,2,6
2024-09-25 00:00:00+00:00,Хмельницька область,1,1,1
2024-09-26 00:00:00+00:00,Івано-Франківська область,1,1,0
2024-09-26 00:00:00+00:00,Донецька область,11,3,8
2024-09-26 00:00:00+00:00,Запорізька область,11,4,8
2024-09-26 00:00:00+00:00,Київська область,13,11,3
2024-09-26 00:00:00+00:00,Львівська область,1,0,1
2024-09-26 00:00:00+00:00,Миколаївська область,2,2,2
2024-09-26 00:00:00+00:00,Одеська область,3,3,1
2024-09-26 00:00:00+00:00,Полтавська область,1,1,0
2024-09-26 00:00:00+00:00,Рівненська область,3,2,1
2024-09-26 00:00:00+00:00,Сумська область,9,5,6
2024-09-26 00:00:00+00:00,Харківська область,20,1,19
2024-09-26 00:00:00+00:00,Херсонська область,7,3,6
2024-09-26 00:00:00+00:00,Черкаська область,1,1,0
2024-09-27 00:00:00+00:00,Івано-Франківська область,1,1,0
2024-09-27 00:00:00+00:00,Дніпропетровська область,4,4,1
2024-09-27 00:00:00+00:00,Донецька область,27,19,13
2024-09-27 00:00:00+00:00,Запорізька область,5,2,3
2024-09-27 00:00:00+00:00,Київська область,3,3,0
2024-09-27 00:00:00+00:00,Луганська область,3,3,0
2024-09-27 00:00:00+00:00,Миколаївська область,2,1,2
2024-09-27 00:00:00+00:00,Одеська область,7,4,3
2024-09-27 00:00:00+00:00,Сумська область,6,2,5
2024-09-27 00:00:00+00:00,Харківська область,22,4,18
2024-09-27 00:00:00+00:00,Херсонська область,6,4,4
2024-09-27 00:00:00+00:00,Черкаська область,1,1,0
2024-09-27 00:00:00+00:00,Чернігівська область,1,0,1
2024-09-28 00:00:00+00:00,Івано-Франківська область,1,1,0
2024-09-28 00:00:00+00:00,Дніпропетровська область,4,3,2
2024-09-28 00:00:00+00:00,Донецька область,6,2,4
2024-09-28 00:00:00+00:00,Запорізька область,2,1,1
2024-09-28 00:00:00+00:00,Київська область,7,6,2
2024-09-28 00:00:00+00:00,Миколаївська область,1,0,1
2024-09-28 00:00:00+00:00,Одеська область,1,1,0
2024-09-28 00:00:00+00:00,Рівненська область,1,1,1
2024-09-28 00:00:00+00:00,Сумська область,4,2,2
2024-09-28 00:00:00+00:00,Харківська область,12,3,9
2024-09-28 00:00:00+00:00,Херсонська область,8,4,7
2024-09-29 00:00:00+00:00,Івано-Франківська область,1,1,0
2024-09-29 00:00:00+00:00,Донецька область,11,4,7
2024-09-29 00:00:00+00:00,Запорізька область,10,1,10
2024-09-29 00:00:00+00:00,Київська область,3,3,1
2024-09-29 00:00:00+00:00,Кіровоградська область,1,0,1
2024-09-29 00:00:00+00:00,Миколаївська область,1,0,1
2024-09-29 00:00:00+00:00,Одеська область,4,3,1
2024-09-29 00:00:00+00:00,Рівненська область,1,1,1
2024-09-29 00:00:00+00:00,Сумська область,5,2,3
2024-09-29 00:00:00+00:00,Харківська область,12,2,10
2024-09-29 00:00:00+00:00,Херсонська область,8,4,7
2024-09-29 00:00:00+00:00,Хмельницька область,1,0,1
2024-09-30 00:00:00+00:00,Вінницька область,1,1,0
2024-09-30 00:00:00+00:00,Дніпропетровська область,6,5,3
2024-09-30 00:00:00+00:00,Донецька область,7,3,4
2024-09-30 00:00:00+00:00,Житомирська область,1,1,0
2024-09-30 00:00:00+00:00,Запорізька область,3,0,3
2024-09-30 00:00:00+00:00,Київська область,13,12,3
2024-09-30 00:00:00+00:00,Кіровоградська область,2,1,1
2024-09-30 00:00:00+00:00,Миколаївська область,1,1,0
2024-09-30 00:00:00+00:00,Одеська область,1,1,0
2024-09-30 00:00:00+00:00,Полтавська область,1,1,0
2024-09-30 00:00:00+00:00,Сумська область,4,3,1
2024-09-30 00:00:00+00:00,Харківська область,11,4,8
2024-09-30 00:00:00+00:00,Херсонська область,5,2,4
2024-09-30 00:00:00+00:00,Хмельницька область,1,0,1
2024-09-30 00:00:00+00:00,Черкаська область,1,1,0
2024-09-30 00:00:00+00:00,Чернігівська область,1,1,0
2024-10-01 00:00:00+00:00,Дніпропетровська область,2,2,0
2024-10-01 00:00:00+00:00,Донецька область,2,2,0
2024-10-01 00:00:00+00:00,Запорізька область,12,3,10
2024-10-01 00:00:00+00:00,Київська область,4,4,2
2024-10-01 00:00:00+00:00,Кіровоградська область,1,1,0
2024-10-01 00:00:00+00:00,Луганська область,1,1,0
2024-10-01 00:00:00+00:00,Миколаївська область,3,3,1
2024-10-01 00:00:00+00:00,Полтавська область,1,1,0
2024-10-01 00:00:00+00:00,Сумська область,3,3,1
2024-10-01 00:00:00+00:00,Херсонська область,6,4,3
2024-10-01 00:00:00+00:00,Черкаська область,1,1,0
2024-10-02 00:00:00+00:00,Івано-Франківська область,1,1,0
2024-10-02 00:00:00+00:00,Дніпропетровська область,2,0,2
2024-10-02 00:00:00+00:00,Донецька область,5,1,4
2024-10-02 00:00:00+00:00,Запорізька область,8,2,6
2024-10-02 00:00:00+00:00,Київська область,5,4,2
2024-10-02 00:00:00+00:00,Кіровоградська область,1,1,0
2024-10-02 00:00:00+00:00,Луганська область,2,1,1
2024-10-02 00:00:00+00:00,Львівська область,1,0,1
2024-10-02 00:00:00+00:00,Миколаївська область,4,4,1
2024-10-02 00:00:00+00:00,Одеська область,7,5,3
2024-10-02 00:00:00+00:00,Сумська область,6,2,5
2024-10-02 00:00:00+00:00,Харківська область,14,4,12
2024-10-02 00:00:00+00:00,Херсонська область,5,2,4
2024-10-03 00:00:00+00:00,Івано-Франківська область,1,1,0
2024-10-03 00:00:00+00:00,Автономна Республіка Крим,1,1,0
2024-10-03 00:00:00+00:00,Дніпропетровська область,1,1,1
2024-10-03 00:00:00+00:00,Донецька область,3,0,3
2024-10-03 00:00:00+00:00,Запорізька область,7,1,7
2024-10-03 00:00:00+00:00,Київська область,11,10,5
2024-10-03 00:00:00+00:00,Кіровоградська область,1,1,0
2024-10-03 00:00:00+00:00,Луганська область,1,0,1
2024-10-03 00:00:00+00:00,Львівська область,3,0,3
2024-10-03 00:00:00+00:00,Миколаївська область,2,2,0
2024-10-03 00:00:00+00:00,Одеська область,1,1,0
2024-10-03 00:00:00+00:00,Полтавська область,2,2,1
2024-10-03 00:00:00+00:00,Сумська область,7,5,5
2024-10-03 00:00:00+00:00,Харківська область,10,3,9
2024-10-03 00:00:00+00:00,Херсонська область,3,0,3
2024-10-03 00:00:00+00:00,Хмельницька область,1,1,0
2024-10-03 00:00:00+00:00,Чернігівська область,2,2,1
2024-10-04 00:00:00+00:00,Автономна Республіка Крим,1,1,0
2024-10-04 00:00:00+00:00,Донецька область,7,1,6
2024-10-04 00:00:00+00:00,Запорізька область,9,3,7
2024-10-04 00:00:00+00:00,Київська область,7,5,4
2024-10-04 00:00:00+00:00,Кіровоградська область,3,2,2
2024-10-04 00:00:00+00:00,Луганська область,1,1,0
2024-10-04 00:00:00+00:00,Львівська область,1,0,1
2024-10-04 00:00:00+00:00,Одеська область,4,3,2
2024-10-04 00:00:00+00:00,Полтавська область,1,1,1
2024-10-04 00:00:00+00:00,Сумська область,5,4,4
2024-10-04 00:00:00+00:00,Харківська область,6,0,6
2024-10-04 00:00:00+00:00,Херсонська область,6,2,5
2024-10-04 00:00:00+00:00,Черкаська область,1,1,1
2024-10-05 00:00:00+00:00,Івано-Франківська область,2,2,1
2024-10-05 00:00:00+00:00,Дніпропетровська область,1,0,1
2024-10-05 00:00:00+00:00,Донецька область,13,3,10
2024-10-05 00:00:00+00:00,Запорізька область,7,3,4
2024-10-05 00:00:00+00:00,Київська область,8,8,2
2024-10-05 00:00:00+00:00,Миколаївська область,2,2,1
2024-10-05 00:00:00+00:00,Одеська область,2,1,1
2024-10-05 00:00:00+00:00,Полтавська область,2,2,2
2024-10-05 00:00:00+00:00,Сумська область,7,5,6
2024-10-05 00:00:00+00:00,Харківська область,14,4,12
2024-10-05 00:00:00+00:00,Херсонська область,6,4,5
2024-10-05 00:00:00+00:00,Хмельницька область,1,0,1
2024-10-05 00:00:00+00:00,Черкаська область,2,1,2
2024-10-05 00:00:00+00:00,Чернігівська область,3,3,3
2024-10-06 00:00:00+00:00,Івано-Франківська область,2,2,1
2024-10-06 00:00:00+00:00,Автономна Республіка Крим,1,1,0
2024-10-06 00:00:00+00:00,Донецька область,7,0,7
2024-10-06 00:00:00+00:00,Запорізька область,2,0,2
2024-10-06 00:00:00+00:00,Київська область,10,10,3
2024-10-06 00:00:00+00:00,Кіровоградська область,1,1,0
2024-10-06 00:00:00+00:00,Одеська область,4,2,3
2024-10-06 00:00:00+00:00,Полтавська область,2,1,2
2024-10-06 00:00:00+00:00,Сумська область,3,2,2
2024-10-06 00:00:00+00:00,Харківська область,12,5,10
2024-10-06 00:00:00+00:00,Херсонська область,5,3,3
2024-10-06 00:00:00+00:00,Хмельницька область,1,0,1
2024-10-06 00:00:00+00:00,Черкаська область,2,1,2
2024-10-06 00:00:00+00:00,Чернігівська область,5,3,5
2024-10-07 00:00:00+00:00,Автономна Республіка Крим,9,9,1
2024-10-07 00:00:00+00:00,Дніпропетровська область,2,2,1
2024-10-07 00:00:00+00:00,Донецька область,11,3,8
2024-10-07 00:00:00+00:00,Запорізька область,1,0,1
2024-10-07 00:00:00+00:00,Київська область,9,8,4
2024-10-07 00:00:00+00:00,Кіровоградська область,1,1,0
2024-10-07 00:00:00+00:00,Одеська область,5,3,3
2024-10-07 00:00:00+00:00,Сумська область,3,2,3
2024-10-07 00:00:00+00:00,Харківська область,6,1,5
2024-10-07 00:00:00+00:00,Херсонська область,9,6,7
2024-10-07 00:00:00+00:00,Хмельницька область,3,3,2
2024-10-07 00:00:00+00:00,Черкаська область,1,0,1
2024-10-07 00:00:00+00:00,Чернігівська область,3,1,3
2024-10-08 00:00:00+00:00,Автономна Республіка Крим,4,4,1
2024-10-08 00:00:00+00:00,Дніпропетровська область,1,0,1
2024-10-08 00:00:00+00:00,Донецька область,32,21,14
2024-10-08 00:00:00+00:00,Запорізька область,3,1,2
2024-10-08 00:00:00+00:00,Київська область,2,2,2
2024-10-08 00:00:00+00:00,Львівська область,1,0,1
2024-10-08 00:00:00+00:00,Одеська область,10,8,7
2024-10-08 00:00:00+00:00,Сумська область,2,1,2
2024-10-08 00:00:00+00:00,Харківська область,16,4,15
2024-10-08 00:00:00+00:00,Херсонська область,7,4,7
2024-10-08 00:00:00+00:00,Черкаська область,1,1,1
2024-10-08 00:00:00+00:00,Чернігівська область,1,1,1
2024-10-09 00:00:00+00:00,Автономна Республіка Крим,7,7,1
2024-10-09 00:00:00+00:00,Вінницька область,1,1,0
2024-10-09 00:00:00+00:00,Дніпропетровська область,2,2,1
2024-10-09 00:00:00+00:00,Донецька область,15,1,14
2024-10-09 00:00:00+00:00,Запорізька область,4,1,3
2024-10-09 00:00:00+00:00,Київська область,5,4,2
2024-10-09 00:00:00+00:00,Львівська область,1,0,1
2024-10-09 00:00:00+00:00,Одеська область,11,9,9
2024-10-09 00:00:00+00:00,Полтавська область,3,1,3
2024-10-09 00:00:00+00:00,Сумська область,1,0,1
2024-10-09 00:00:00+00:00,Харківська область,9,0,9
2024-10-09 00:00:00+00:00,Херсонська область,11,3,11
2024-10-09 00:00:00+00:00,Черкаська область,1,1,1
2024-10-10 00:00:00+00:00,Автономна Республіка Крим,10,10,1
2024-10-10 00:00:00+00:00,Дніпропетровська область,3,3,1
2024-10-10 00:00:00+00:00,Донецька область,18,3,15
2024-10-10 00:00:00+00:00,Запорізька область,11,3,9
2024-10-10 00:00:00+00:00,Київська область,4,2,2
2024-10-10 00:00:00+00:00,Миколаївська область,1,1,0
2024-10-10 00:00:00+00:00,Одеська область,4,4,2
2024-10-10 00:00:00+00:00,Сумська область,2,1,1
2024-10-10 00:00:00+00:00,Харківська область,15,4,14
2024-10-10 00:00:00+00:00,Херсонська область,9,3,9
2024-10-11 00:00:00+00:00,Автономна Республіка Крим,3,3,0
2024-10-11 00:00:00+00:00,Вінницька область,1,1,1
2024-10-11 00:00:00+00:00,Дніпропетровська область,1,1,0
2024-10-11 00:00:00+00:00,Донецька область,15,2,13
2024-10-11 00:00:00+00:00,Запорізька область,5,1,4
2024-10-11 00:00:00+00:00,Київська область,8,8,2
2024-10-11 00:00:00+00:00,Луганська область,1,0,1
2024-10-11 00:00:00+00:00,Львівська область,1,0,1
2024-10-11 00:00:00+00:00,Одеська область,7,5,4
2024-10-11 00:00:00+00:00,Сумська область,4,2,2
2024-10-11 00:00:00+00:00,Харківська область,20,6,20
2024-10-11 00:00:00+00:00,Херсонська область,7,4,6
2024-10-11 00:00:00+00:00,Черкаська область,1,0,1
2024-10-12 00:00:00+00:00,Автономна Республіка Крим,3,3,0
2024-10-12 00:00:00+00:00,Вінницька область,1,1,1
2024-10-12 00:00:00+00:00,Дніпропетровська область,3,2,1
2024-10-12 00:00:00+00:00,Донецька область,9,0,9
2024-10-12 00:00:00+00:00,Запорізька область,9,3,6
2024-10-12 00:00:00+00:00,Київська область,5,5,2
2024-10-12 00:00:00+00:00,Луганська область,3,2,1
2024-10-12 00:00:00+00:00,Львівська область,1,0,1
2024-10-12 00:00:00+00:00,Миколаївська область,5,5,1
2024-10-12 00:00:00+00:00,Одеська область,3,3,1
2024-10-12 00:00:00+00:00,Полтавська область,1,1,0
2024-10-12 00:00:00+00:00,Сумська область,5,1,4
2024-10-12 00:00:00+00:00,Харківська область,11,3,10
2024-10-12 00:00:00+00:00,Херсонська область,7,5,5
2024-10-12 00:00:00+00:00,Черкаська область,1,0,1
2024-10-13 00:00:00+00:00,Автономна Республіка Крим,4,4,1
2024-10-13 00:00:00+00:00,Дніпропетровська область,5,5,1
2024-10-13 00:00:00+00:00,Донецька область,10,2,8
2024-10-13 00:00:00+00:00,Запорізька область,8,2,6
2024-10-13 00:00:00+00:00,Київська область,9,7,2
2024-10-13 00:00:00+00:00,Луганська область,1,0,1
2024-10-13 00:00:00+00:00,Львівська область,1,1,0
2024-10-13 00:00:00+00:00,Миколаївська область,1,1,0
2024-10-13 00:00:00+00:00,Одеська область,1,1,0
2024-10-13 00:00:00+00:00,Полтавська область,1,1,0
2024-10-13 00:00:00+00:00,Сумська область,3,1,2
2024-10-13 00:00:00+00:00,Харківська область,6,2,4
2024-10-13 00:00:00+00:00,Херсонська область,6,5,4
2024-10-13 00:00:00+00:00,Хмельницька область,1,1,0
2024-10-13 00:00:00+00:00,Черкаська область,2,2,0
2024-10-13 00:00:00+00:00,Чернігівська область,1,1,0
2024-10-14 00:00:00+00:00,Дніпропетровська область,6,6,1
2024-10-14 00:00:00+00:00,Донецька область,11,4,7
2024-10-14 00:00:00+00:00,Запорізька область,10,5,5
2024-10-14 00:00:00+00:00,Київська область,6,4,3
2024-10-14 00:00:00+00:00,Луганська область,2,0,2
2024-10-14 00:00:00+00:00,Львівська область,1,1,0
2024-10-14 00:00:00+00:00,Миколаївська область,1,1,0
2024-10-14 00:00:00+00:00,Одеська область,1,0,1
2024-10-14 00:00:00+00:00,Рівненська область,1,0,1
2024-10-14 00:00:00+00:00,Сумська область,1,1,0
2024-10-14 00:00:00+00:00,Харківська область,2,0,2
2024-10-14 00:00:00+00:00,Херсонська область,9,4,6
2024-10-14 00:00:00+00:00,Хмельницька область,2,1,1
2024-10-14 00:00:00+00:00,Черкаська область,1,0,1
2024-10-15 00:00:00+00:00,Донецька область,22,22,8
2024-10-15 00:00:00+00:00,Запорізька область,4,3,1
2024-10-15 00:00:00+00:00,Київська область,2,2,0
2024-10-15 00:00:00+00:00,Луганська область,1,1,0
2024-10-15 00:00:00+00:00,Миколаївська область,1,1,0
2024-10-15 00:00:00+00:00,Одеська область,1,0,1
2024-10-15 00:00:00+00:00,Сумська область,1,1,0
2024-10-15 00:00:00+00:00,Харківська область,2,2,0
2024-10-15 00:00:00+00:00,Херсонська область,3,2,2
2024-10-16 00:00:00+00:00,Київська область,8,8,2
2024-10-16 00:00:00+00:00,Тернопільська область,1,1,1
2024-10-16 00:00:00+00:00,Харківська область,2,2,2
2024-10-16 00:00:00+00:00,Херсонська область,3,3,1
2024-10-17 00:00:00+00:00,Вінницька область,1,0,1
2024-10-17 00:00:00+00:00,Дніпропетровська область,4,3,3
2024-10-17 00:00:00+00:00,Донецька область,1,1,0
2024-10-17 00:00:00+00:00,Житомирська область,1,1,0
2024-10-17 00:00:00+00:00,Київська область,12,12,4
2024-10-17 00:00:00+00:00,Миколаївська область,2,2,0
2024-10-17 00:00:00+00:00,Одеська область,1,1,0
2024-10-17 00:00:00+00:00,Полтавська область,1,1,0
2024-10-17 00:00:00+00:00,Сумська область,2,2,0
2024-10-17 00:00:00+00:00,Тернопільська область,1,1,0
2024-10-17 00:00:00+00:00,Харківська область,1,1,0
2024-10-17 00:00:00+00:00,Херсонська область,4,4,3
2024-10-17 00:00:00+00:00,Черкаська область,1,1,0
2024-10-17 00:00:00+00:00,Чернігівська область,1,1,0
2024-10-18 00:00:00+00:00,Дніпропетровська область,1,1,1
2024-10-18 00:00:00+00:00,Донецька область,1,1,0
2024-10-18 00:00:00+00:00,Запорізька область,1,1,0
2024-10-18 00:00:00+00:00,Київська область,12,12,2
2024-10-18 00:00:00+00:00,Одеська область,1,1,0
2024-10-18 00:00:00+00:00,Сумська область,1,1,0
2024-10-18 00:00:00+00:00,Херсонська область,4,4,4
2024-10-18 00:00:00+00:00,Хмельницька область,2,2,0
2024-10-19 00:00:00+00:00,Запорізька область,5,2,4
2024-10-19 00:00:00+00:00,Київська область,14,14,2
2024-10-19 00:00:00+00:00,Одеська область,1,1,0
2024-10-19 00:00:00+00:00,Сумська область,4,2,2
2024-10-19 00:00:00+00:00,Тернопільська область,1,1,1
2024-10-19 00:00:00+00:00,Харківська область,1,1,0
2024-10-19 00:00:00+00:00,Херсонська область,1,1,1
2024-10-19 00:00:00+00:00,Чернігівська область,2,2,0
2024-10-20 00:00:00+00:00,Автономна Республіка Крим,1,1,0
2024-10-20 00:00:00+00:00,Дніпропетровська область,3,2,3
2024-10-20 00:00:00+00:00,Донецька область,2,1,1
2024-10-20 00:00:00+00:00,Запорізька область,5,2,4
2024-10-20 00:00:00+00:00,Київська область,12,12,2
2024-10-20 00:00:00+00:00,Львівська область,1,0,1
2024-10-20 00:00:00+00:00,Сумська область,1,1,1
2024-10-20 00:00:00+00:00,Харківська область,6,3,4
2024-10-20 00:00:00+00:00,Херсонська область,1,1,0
2024-10-21 00:00:00+00:00,Автономна Республіка Крим,1,1,0
2024-10-21 00:00:00+00:00,Дніпропетровська область,3,1,2
2024-10-21 00:00:00+00:00,Донецька область,3,2,1
2024-10-21 00:00:00+00:00,Запорізька область,2,1,2
2024-10-21 00:00:00+00:00,Київська область,10,10,5
2024-10-21 00:00:00+00:00,Одеська область,1,1,0
2024-10-21 00:00:00+00:00,Полтавська область,2,1,1
2024-10-21 00:00:00+00:00,Сумська область,2,1,1
2024-10-21 00:00:00+00:00,Харківська область,7,4,4
2024-10-21 00:00:00+00:00,Херсонська область,3,2,3
2024-10-22 00:00:00+00:00,Дніпропетровська область,3,1,2
2024-10-22 00:00:00+00:00,Донецька область,2,2,0
2024-10-22 00:00:00+00:00,Запорізька область,3,3,0
2024-10-22 00:00:00+00:00,Київська область,6,6,2
2024-10-22 00:00:00+00:00,Полтавська область,1,0,1
2024-10-22 00:00:00+00:00,Сумська область,8,7,4
2024-10-22 00:00:00+00:00,Харківська область,6,4,3
2024-10-22 00:00:00+00:00,Херсонська область,3,3,2
2024-10-22 00:00:00+00:00,Черкаська область,1,1,0
2024-10-23 00:00:00+00:00,Івано-Франківська область,1,1,0
2024-10-23 00:00:00+00:00,Автономна Республіка Крим,2,2,1
2024-10-23 00:00:00+00:00,Вінницька область,1,1,0
2024-10-23 00:00:00+00:00,Дніпропетровська область,1,1,0
2024-10-23 00:00:00+00:00,Донецька область,11,9,4
2024-10-23 00:00:00+00:00,Запорізька область,3,2,3
2024-10-23 00:00:00+00:00,Київська область,6,6,0
2024-10-23 00:00:00+00:00,Кіровоградська область,1,1,0
2024-10-23 00:00:00+00:00,Луганська область,2,2,2
2024-10-23 00:00:00+00:00,Миколаївська область,2,2,0
2024-10-23 00:00:00+00:00,Одеська область,1,1,0
2024-10-23 00:00:00+00:00,Полтавська область,1,1,0
2024-10-23 00:00:00+00:00,Сумська область,3,3,0
2024-10-23 00:00:00+00:00,Тернопільська область,1,1,0
2024-10-23 00:00:00+00:00,Харківська область,8,8,3
2024-10-23 00:00:00+00:00,Херсонська область,5,5,4
2024-10-23 00:00:00+00:00,Хмельницька область,1,1,0
2024-10-23 00:00:00+00:00,Черкаська область,4,4,0
2024-10-23 00:00:00+00:00,Чернівецька область,1,1,1
2024-10-23 00:00:00+00:00,Чернігівська область,1,1,0
2024-10-24 00:00:00+00:00,Донецька область,3,2,1
2024-10-24 00:00:00+00:00,Запорізька область,1,1,1
2024-10-24 00:00:00+00:00,Київська область,11,11,2
2024-10-24 00:00:00+00:00,Миколаївська область,1,1,0
2024-10-24 00:00:00+00:00,Харківська область,5,1,4
2024-10-24 00:00:00+00:00,Херсонська область,3,3,2
2024-10-24 00:00:00+00:00,Хмельницька область,3,3,1
2024-10-24 00:00:00+00:00,Черкаська область,2,1,1
2024-10-25 00:00:00+00:00,Дніпропетровська область,3,1,2
2024-10-25 00:00:00+00:00,Донецька область,2,1,1
2024-10-25 00:00:00+00:00,Київська область,27,27,8
2024-10-25 00:00:00+00:00,Львівська область,3,3,2
2024-10-25 00:00:00+00:00,Харківська область,3,0,3
2024-10-25 00:00:00+00:00,Херсонська область,2,2,1
2024-10-25 00:00:00+00:00,Черкаська область,1,0,1
2024-10-26 00:00:00+00:00,Вінницька область,1,1,0
2024-10-26 00:00:00+00:00,Дніпропетровська область,7,1,6
2024-10-26 00:00:00+00:00,Донецька область,6,2,4
2024-10-26 00:00:00+00:00,Житомирська область,2,2,0
2024-10-26 00:00:00+00:00,Київська область,27,25,5
2024-10-26 00:00:00+00:00,Кіровоградська область,1,1,0
2024-10-26 00:00:00+00:00,Львівська область,2,2,1
2024-10-26 00:00:00+00:00,Одеська область,1,1,0
2024-10-26 00:00:00+00:00,Сумська область,1,1,0
2024-10-26 00:00:00+00:00,Херсонська область,2,1,2
2024-10-26 00:00:00+00:00,Хмельницька область,2,2,0
2024-10-26 00:00:00+00:00,Черкаська область,1,1,0
2024-10-26 00:00:00+00:00,Чернігівська область,1,1,0
2024-10-27 00:00:00+00:00,Автономна Республіка Крим,2,1,1
2024-10-27 00:00:00+00:00,Донецька область,1,0,1
2024-10-27 00:00:00+00:00,Запорізька область,2,2,1
2024-10-27 00:00:00+00:00,Київська область,17,17,1
2024-10-27 00:00:00+00:00,Миколаївська область,1,1,1
2024-10-27 00:00:00+00:00,Одеська область,2,2,0
2024-10-27 00:00:00+00:00,Сумська область,4,4,2
2024-10-27 00:00:00+00:00,Харківська область,3,0,3
2024-10-27 00:00:00+00:00,Херсонська область,3,2,2
2024-10-27 00:00:00+00:00,Чернігівська область,1,1,1
2024-10-28 00:00:00+00:00,Дніпропетровська область,3,3,2
2024-10-28 00:00:00+00:00,Житомирська область,2,2,1
2024-10-28 00:00:00+00:00,Запорізька область,1,1,0
2024-10-28 00:00:00+00:00,Київська область,11,11,0
2024-10-28 00:00:00+00:00,Кіровоградська область,1,1,0
2024-10-28 00:00:00+00:00,Миколаївська область,1,1,0
2024-10-28 00:00:00+00:00,Одеська область,1,1,0
2024-10-28 00:00:00+00:00,Полтавська область,1,1,0
2024-10-28 00:00:00+00:00,Рівненська область,1,1,0
2024-10-28 00:00:00+00:00,Сумська область,4,4,0
2024-10-28 00:00:00+00:00,Тернопільська область,1,1,0
2024-10-28 00:00:00+00:00,Харківська область,10,4,8
2024-10-28 00:00:00+00:00,Херсонська область,5,2,5
2024-10-28 00:00:00+00:00,Хмельницька область,5,5,1
2024-10-28 00:00:00+00:00,Черкаська область,1,1,0
2024-10-28 00:00:00+00:00,Чернігівська область,1,1,0
2024-10-29 00:00:00+00:00,Дніпропетровська область,2,1,2
2024-10-29 00:00:00+00:00,Донецька область,1,1,0
2024-10-29 00:00:00+00:00,Запорізька область,2,1,1
2024-10-29 00:00:00+00:00,Київська область,21,21,7
2024-10-29 00:00:00+00:00,Луганська область,2,2,0
2024-10-29 00:00:00+00:00,Одеська область,2,0,2
2024-10-29 00:00:00+00:00,Сумська область,1,1,0
2024-10-29 00:00:00+00:00,Харківська область,7,2,6
2024-10-29 00:00:00+00:00,Херсонська область,4,2,3
2024-10-29 00:00:00+00:00,Хмельницька область,2,2,0
2024-10-30 00:00:00+00:00,Дніпропетровська область,2,0,2
2024-10-30 00:00:00+00:00,Донецька область,18,13,9
2024-10-30 00:00:00+00:00,Запорізька область,3,1,2
2024-10-30 00:00:00+00:00,Київська область,28,28,7
2024-10-30 00:00:00+00:00,Луганська область,3,2,1
2024-10-30 00:00:00+00:00,Одеська область,2,2,0
2024-10-30 00:00:00+00:00,Сумська область,3,1,2
2024-10-30 00:00:00+00:00,Харківська область,16,8,10
2024-10-30 00:00:00+00:00,Херсонська область,5,4,2
2024-10-30 00:00:00+00:00,Хмельницька область,1,1,0
2024-10-31 00:00:00+00:00,Дніпропетровська область,3,2,1
2024-10-31 00:00:00+00:00,Донецька область,4,2,2
2024-10-31 00:00:00+00:00,Закарпатська область,1,1,0
2024-10-31 00:00:00+00:00,Запорізька область,8,8,1
2024-10-31 00:00:00+00:00,Київська область,21,20,5
2024-10-31 00:00:00+00:00,Луганська область,2,1,1
2024-10-31 00:00:00+00:00,Львівська область,1,0,1
2024-10-31 00:00:00+00:00,Одеська область,2,1,1
2024-10-31 00:00:00+00:00,Полтавська область,5,5,3
2024-10-31 00:00:00+00:00,Харківська область,11,2,11
2024-10-31 00:00:00+00:00,Херсонська область,5,3,4
2024-10-31 00:00:00+00:00,Хмельницька область,1,0,1
2024-11-01 00:00:00+00:00,Автономна Республіка Крим,2,2,0
2024-11-01 00:00:00+00:00,Дніпропетровська область,1,0,1
2024-11-01 00:00:00+00:00,Донецька область,5,3,2
2024-11-01 00:00:00+00:00,Запорізька область,7,3,4
2024-11-01 00:00:00+00:00,Київська область,10,9,2
2024-11-01 00:00:00+00:00,Луганська область,1,1,0
2024-11-01 00:00:00+00:00,Одеська область,7,6,1
2024-11-01 00:00:00+00:00,Полтавська область,3,3,2
2024-11-01 00:00:00+00:00,Сумська область,1,0,1
2024-11-01 00:00:00+00:00,Харківська область,12,3,10
2024-11-01 00:00:00+00:00,Херсонська область,2,2,0
2024-11-02 00:00:00+00:00,Автономна Республіка Крим,2,2,0
2024-11-02 00:00:00+00:00,Дніпропетровська область,7,4,4
2024-11-02 00:00:00+00:00,Донецька область,3,0,3
2024-11-02 00:00:00+00:00,Запорізька область,2,0,2
2024-11-02 00:00:00+00:00,Київська область,39,38,7
2024-11-02 00:00:00+00:00,Кіровоградська область,1,1,0
2024-11-02 00:00:00+00:00,Одеська область,1,1,0
2024-11-02 00:00:00+00:00,Полтавська область,1,1,0
2024-11-02 00:00:00+00:00,Сумська область,4,4,2
2024-11-02 00:00:00+00:00,Харківська область,7,5,3
2024-11-02 00:00:00+00:00,Херсонська область,3,3,1
2024-11-03 00:00:00+00:00,Автономна Республіка Крим,3,3,0
2024-11-03 00:00:00+00:00,Дніпропетровська область,4,3,1
2024-11-03 00:00:00+00:00,Донецька область,5,0,5
2024-11-03 00:00:00+00:00,Житомирська область,1,1,0
2024-11-03 00:00:00+00:00,Запорізька область,4,1,3
2024-11-03 00:00:00+00:00,Київська область,39,39,14
2024-11-03 00:00:00+00:00,Кіровоградська область,2,2,1
2024-11-03 00:00:00+00:00,Луганська область,3,2,1
2024-11-03 00:00:00+00:00,Львівська область,1,0,1
2024-11-03 00:00:00+00:00,Миколаївська область,2,1,1
2024-11-03 00:00:00+00:00,Одеська область,1,1,0
2024-11-03 00:00:00+00:00,Полтавська область,2,2,1
2024-11-03 00:00:00+00:00,Сумська область,3,3,1
2024-11-03 00:00:00+00:00,Харківська область,7,4,5
2024-11-03 00:00:00+00:00,Херсонська область,1,0,1
2024-11-03 00:00:00+00:00,Хмельницька область,3,3,0
2024-11-03 00:00:00+00:00,Черкаська область,4,4,2
2024-11-03 00:00:00+00:00,Чернігівська область,3,3,1
2024-11-04 00:00:00+00:00,Дніпропетровська область,2,1,1
2024-11-04 00:00:00+00:00,Донецька область,8,2,6
2024-11-04 00:00:00+00:00,Житомирська область,1,1,0
2024-11-04 00:00:00+00:00,Запорізька область,5,2,3
2024-11-04 00:00:00+00:00,Київська область,13,12,4
2024-11-04 00:00:00+00:00,Кіровоградська область,1,1,0
2024-11-04 00:00:00+00:00,Миколаївська область,2,1,1
2024-11-04 00:00:00+00:00,Одеська область,2,2,1
2024-11-04 00:00:00+00:00,Сумська область,2,2,0
2024-11-04 00:00:00+00:00,Харківська область,15,6,11
2024-11-04 00:00:00+00:00,Херсонська область,3,3,0
2024-11-04 00:00:00+00:00,Черкаська область,1,1,0
2024-11-04 00:00:00+00:00,Чернігівська область,1,1,0
2024-11-05 00:00:00+00:00,Івано-Франківська область,1,0,1
2024-11-05 00:00:00+00:00,Дніпропетровська область,1,0,1
2024-11-05 00:00:00+00:00,Донецька область,2,1,1
2024-11-05 00:00:00+00:00,Запорізька область,4,1,4
2024-11-05 00:00:00+00:00,Київська область,20,20,10
2024-11-05 00:00:00+00:00,Луганська область,1,0,1
2024-11-05 00:00:00+00:00,Львівська область,1,0,1
2024-11-05 00:00:00+00:00,Миколаївська область,1,0,1
2024-11-05 00:00:00+00:00,Одеська область,1,0,1
2024-11-05 00:00:00+00:00,Сумська область,2,2,0
2024-11-05 00:00:00+00:00,Харківська область,12,6,10
2024-11-05 00:00:00+00:00,Херсонська область,3,2,1
2024-11-05 00:00:00+00:00,Хмельницька область,1,0,1
2024-11-06 00:00:00+00:00,Донецька область,1,1,0
2024-11-06 00:00:00+00:00,Житомирська область,2,2,0
2024-11-06 00:00:00+00:00,Запорізька область,3,1,2
2024-11-06 00:00:00+00:00,Київська область,5,5,2
2024-11-06 00:00:00+00:00,Кіровоградська область,1,1,0
2024-11-06 00:00:00+00:00,Миколаївська область,5,4,1
2024-11-06 00:00:00+00:00,Одеська область,3,2,1
2024-11-06 00:00:00+00:00,Сумська область,3,3,1
2024-11-06 00:00:00+00:00,Харківська область,3,3,2
2024-11-06 00:00:00+00:00,Херсонська область,2,1,1
2024-11-06 00:00:00+00:00,Черкаська область,2,2,0
2024-11-06 00:00:00+00:00,Чернігівська область,1,1,0
2024-11-07 00:00:00+00:00,Дніпропетровська область,1,0,1
2024-11-07 00:00:00+00:00,Донецька область,8,0,8
2024-11-07 00:00:00+00:00,Житомирська область,2,2,1
2024-11-07 00:00:00+00:00,Запорізька область,8,2,6
2024-11-07 00:00:00+00:00,Київська область,24,24,8
2024-11-07 00:00:00+00:00,Луганська область,1,0,1
2024-11-07 00:00:00+00:00,Миколаївська область,2,0,2
2024-11-07 00:00:00+00:00,Одеська область,4,4,3
2024-11-07 00:00:00+00:00,Рівненська область,1,1,1
2024-11-07 00:00:00+00:00,Сумська область,1,0,1
2024-11-07 00:00:00+00:00,Харківська область,4,2,4
2024-11-07 00:00:00+00:00,Хмельницька область,1,0,1
2024-11-08 00:00:00+00:00,Дніпропетровська область,1,0,1
2024-11-08 00:00:00+00:00,Донецька область,14,9,7
2024-11-08 00:00:00+00:00,Запорізька область,8,3,5
2024-11-08 00:00:00+00:00,Київська область,18,18,5
2024-11-08 00:00:00+00:00,Луганська область,3,3,0
2024-11-08 00:00:00+00:00,Миколаївська область,2,0,2
2024-11-08 00:00:00+00:00,Одеська область,16,16,7
2024-11-08 00:00:00+00:00,Сумська область,3,1,3
2024-11-08 00:00:00+00:00,Харківська область,8,3,6
2024-11-08 00:00:00+00:00,Херсонська область,1,1,1
2024-11-09 00:00:00+00:00,Вінницька область,1,1,0
2024-11-09 00:00:00+00:00,Дніпропетровська область,2,1,1
2024-11-09 00:00:00+00:00,Донецька область,6,2,4
2024-11-09 00:00:00+00:00,Запорізька область,6,1,5
2024-11-09 00:00:00+00:00,Київська область,6,6,2
2024-11-09 00:00:00+00:00,Миколаївська область,1,1,0
2024-11-09 00:00:00+00:00,Одеська область,16,16,7
2024-11-09 00:00:00+00:00,Полтавська область,1,1,0
2024-11-09 00:00:00+00:00,Рівненська область,1,0,1
2024-11-09 00:00:00+00:00,Сумська область,7,3,5
2024-11-09 00:00:00+00:00,Тернопільська область,1,1,0
2024-11-09 00:00:00+00:00,Харківська область,13,6,9
2024-11-09 00:00:00+00:00,Херсонська область,3,2,3
2024-11-09 00:00:00+00:00,Хмельницька область,1,0,1
2024-11-09 00:00:00+00:00,Черкаська область,1,1,0
2024-11-10 00:00:00+00:00,Дніпропетровська область,1,1,1
2024-11-10 00:00:00+00:00,Донецька область,9,5,7
2024-11-10 00:00:00+00:00,Запорізька область,1,0,1
2024-11-10 00:00:00+00:00,Київська область,7,7,3
2024-11-10 00:00:00+00:00,Одеська область,15,15,8
2024-11-10 00:00:00+00:00,Сумська область,6,5,4
2024-11-10 00:00:00+00:00,Харківська область,16,10,10
2024-11-10 00:00:00+00:00,Херсонська область,3,1,3
2024-11-10 00:00:00+00:00,Хмельницька область,1,1,0
2024-11-10 00:00:00+00:00,Чернігівська область,2,2,1
2024-11-11 00:00:00+00:00,Дніпропетровська область,4,2,2
2024-11-11 00:00:00+00:00,Донецька область,7,0,7
2024-11-11 00:00:00+00:00,Запорізька область,11,3,9
2024-11-11 00:00:00+00:00,Київська область,8,8,2
2024-11-11 00:00:00+00:00,Луганська область,2,0,2
2024-11-11 00:00:00+00:00,Миколаївська область,8,6,5
2024-11-11 00:00:00+00:00,Одеська область,3,2,3
2024-11-11 00:00:00+00:00,Сумська область,3,3,3
2024-11-11 00:00:00+00:00,Харківська область,9,4,8
2024-11-12 00:00:00+00:00,Дніпропетровська область,2,2,1
2024-11-12 00:00:00+00:00,Донецька область,9,0,9
2024-11-12 00:00:00+00:00,Запорізька область,8,2,6
2024-11-12 00:00:00+00:00,Київська область,6,6,1
2024-11-12 00:00:00+00:00,Луганська область,2,0,2
2024-11-12 00:00:00+00:00,Миколаївська область,4,3,3
2024-11-12 00:00:00+00:00,Полтавська область,2,2,0
2024-11-12 00:00:00+00:00,Сумська область,4,2,3
2024-11-12 00:00:00+00:00,Харківська область,7,6,5
2024-11-12 00:00:00+00:00,Херсонська область,2,1,1
2024-11-13 00:00:00+00:00,Автономна Республіка Крим,1,1,0
2024-11-13 00:00:00+00:00,Дніпропетровська область,3,2,2
2024-11-13 00:00:00+00:00,Донецька область,13,5,13
2024-11-13 00:00:00+00:00,Запорізька область,4,1,3
2024-11-13 00:00:00+00:00,Київська область,18,17,3
2024-11-13 00:00:00+00:00,Луганська область,2,1,2
2024-11-13 00:00:00+00:00,Миколаївська область,3,2,3
2024-11-13 00:00:00+00:00,Полтавська область,3,3,0
2024-11-13 00:00:00+00:00,Сумська область,6,4,4
2024-11-13 00:00:00+00:00,Харківська область,15,14,15
2024-11-13 00:00:00+00:00,Херсонська область,6,5,4
2024-11-14 00:00:00+00:00,Дніпропетровська область,2,1,1
2024-11-14 00:00:00+00:00,Донецька область,7,2,5
2024-11-14 00:00:00+00:00,Запорізька область,4,1,3
2024-11-14 00:00:00+00:00,Київська область,9,7,4
2024-11-14 00:00:00+00:00,Луганська область,3,0,3
2024-11-14 00:00:00+00:00,Одеська область,3,2,3
2024-11-14 00:00:00+00:00,Полтавська область,4,4,0
2024-11-14 00:00:00+00:00,Сумська область,1,1,0
2024-11-14 00:00:00+00:00,Харківська область,10,6,6
2024-11-14 00:00:00+00:00,Херсонська область,4,3,3
2024-11-15 00:00:00+00:00,Автономна Республіка Крим,2,2,1
2024-11-15 00:00:00+00:00,Донецька область,19,12,9
2024-11-15 00:00:00+00:00,Запорізька область,7,3,4
2024-11-15 00:00:00+00:00,Київська область,1,1,1
2024-11-15 00:00:00+00:00,Луганська область,2,0,2
2024-11-15 00:00:00+00:00,Миколаївська область,1,0,1
2024-11-15 00:00:00+00:00,Одеська область,10,8,4
2024-11-15 00:00:00+00:00,Полтавська область,3,3,1
2024-11-15 00:00:00+00:00,Харківська область,3,2,3
2024-11-15 00:00:00+00:00,Херсонська область,1,1,0
2024-11-15 00:00:00+00:00,Хмельницька область,1,0,1
2024-11-16 00:00:00+00:00,Автономна Республіка Крим,2,2,0
2024-11-16 00:00:00+00:00,Донецька область,5,2,3
2024-11-16 00:00:00+00:00,Запорізька область,9,5,8
2024-11-16 00:00:00+00:00,Київська область,15,14,8
2024-11-16 00:00:00+00:00,Луганська область,1,0,1
2024-11-16 00:00:00+00:00,Одеська область,3,2,1
2024-11-16 00:00:00+00:00,Сумська область,2,2,2
2024-11-16 00:00:00+00:00,Харківська область,4,3,2
2024-11-16 00:00:00+00:00,Херсонська область,5,5,4
2024-11-17 00:00:00+00:00,Івано-Франківська область,1,0,1
2024-11-17 00:00:00+00:00,Дніпропетровська область,5,2,4
2024-11-17 00:00:00+00:00,Донецька область,6,0,6
2024-11-17 00:00:00+00:00,Закарпатська область,1,1,0
2024-11-17 00:00:00+00:00,Запорізька область,2,1,2
2024-11-17 00:00:00+00:00,Київська область,12,11,3
2024-11-17 00:00:00+00:00,Луганська область,1,0,1
2024-11-17 00:00:00+00:00,Львівська область,4,2,2
2024-11-17 00:00:00+00:00,Миколаївська область,3,2,1
2024-11-17 00:00:00+00:00,Одеська область,2,2,0
2024-11-17 00:00:00+00:00,Сумська область,1,0,1
2024-11-17 00:00:00+00:00,Харківська область,4,2,2
2024-11-17 00:00:00+00:00,Херсонська область,4,4,3
2024-11-17 00:00:00+00:00,Хмельницька область,1,1,0
2024-11-18 00:00:00+00:00,Івано-Франківська область,2,2,0
2024-11-18 00:00:00+00:00,Волинська область,1,1,0
2024-11-18 00:00:00+00:00,Дніпропетровська область,2,1,1
2024-11-18 00:00:00+00:00,Донецька область,8,0,8
2024-11-18 00:00:00+00:00,Закарпатська область,2,1,1
2024-11-18 00:00:00+00:00,Запорізька область,4,4,0
2024-11-18 00:00:00+00:00,Київська область,10,10,6
2024-11-18 00:00:00+00:00,Луганська область,1,0,1
2024-11-18 00:00:00+00:00,Львівська область,3,2,2
2024-11-18 00:00:00+00:00,Миколаївська область,2,2,1
2024-11-18 00:00:00+00:00,Одеська область,13,7,6
2024-11-18 00:00:00+00:00,Рівненська область,1,0,1
2024-11-18 00:00:00+00:00,Харківська область,4,2,2
2024-11-18 00:00:00+00:00,Херсонська область,3,3,3
2024-11-19 00:00:00+00:00,Донецька область,7,0,7
2024-11-19 00:00:00+00:00,Запорізька область,11,11,4
2024-11-19 00:00:00+00:00,Київська область,4,4,0
2024-11-19 00:00:00+00:00,Луганська область,1,0,1
2024-11-19 00:00:00+00:00,Полтавська область,1,1,1
2024-11-19 00:00:00+00:00,Сумська область,15,13,9
2024-11-19 00:00:00+00:00,Харківська область,6,1,5
2024-11-19 00:00:00+00:00,Херсонська область,1,1,0
2024-11-19 00:00:00+00:00,Черкаська область,1,1,1
2024-11-19 00:00:00+00:00,Чернігівська область,1,1,0
2024-11-20 00:00:00+00:00,Дніпропетровська область,1,1,0
2024-11-20 00:00:00+00:00,Донецька область,5,0,5
2024-11-20 00:00:00+00:00,Запорізька область,3,3,1
2024-11-20 00:00:00+00:00,Київська область,18,17,4
2024-11-20 00:00:00+00:00,Одеська область,2,2,0
2024-11-20 00:00:00+00:00,Сумська область,4,4,4
2024-11-20 00:00:00+00:00,Харківська область,2,2,1
2024-11-20 00:00:00+00:00,Херсонська область,3,2,1
2024-11-20 00:00:00+00:00,Хмельницька область,1,0,1
2024-11-21 00:00:00+00:00,Дніпропетровська область,14,6,11
2024-11-21 00:00:00+00:00,Донецька область,12,2,10
2024-11-21 00:00:00+00:00,Запорізька область,4,4,0
2024-11-21 00:00:00+00:00,Київська область,6,4,3
2024-11-21 00:00:00+00:00,Луганська область,2,1,1
2024-11-21 00:00:00+00:00,Миколаївська область,1,0,1
2024-11-21 00:00:00+00:00,Одеська область,1,1,0
2024-11-21 00:00:00+00:00,Харківська область,3,2,1
2024-11-21 00:00:00+00:00,Херсонська область,2,1,1
2024-11-22 00:00:00+00:00,Автономна Республіка Крим,2,2,0
2024-11-22 00:00:00+00:00,Дніпропетровська область,10,4,7
2024-11-22 00:00:00+00:00,Донецька область,12,7,7
2024-11-22 00:00:00+00:00,Запорізька область,3,0,3
2024-11-22 00:00:00+00:00,Київська область,5,4,2
2024-11-22 00:00:00+00:00,Луганська область,2,1,1
2024-11-22 00:00:00+00:00,Миколаївська область,1,0,1
2024-11-22 00:00:00+00:00,Полтавська область,2,2,0
2024-11-22 00:00:00+00:00,Сумська область,5,4,3
2024-11-22 00:00:00+00:00,Харківська область,2,0,2
2024-11-22 00:00:00+00:00,Херсонська область,3,2,3
2024-11-22 00:00:00+00:00,Чернігівська область,1,1,0
2024-11-23 00:00:00+00:00,Івано-Франківська область,1,1,0
2024-11-23 00:00:00+00:00,Дніпропетровська область,7,4,4
2024-11-23 00:00:00+00:00,Донецька область,6,1,5
2024-11-23 00:00:00+00:00,Запорізька область,5,3,2
2024-11-23 00:00:00+00:00,Київська область,4,4,2
2024-11-23 00:00:00+00:00,Полтавська область,1,1,1
2024-11-23 00:00:00+00:00,Сумська область,3,3,1
2024-11-23 00:00:00+00:00,Харківська область,2,1,1
2024-11-23 00:00:00+00:00,Херсонська область,2,1,2
2024-11-24 00:00:00+00:00,Дніпропетровська область,4,2,3
2024-11-24 00:00:00+00:00,Запорізька область,3,2,1
2024-11-24 00:00:00+00:00,Київська область,12,12,4
2024-11-24 00:00:00+00:00,Луганська область,1,0,1
2024-11-24 00:00:00+00:00,Сумська область,1,1,0
2024-11-24 00:00:00+00:00,Харківська область,1,0,1
2024-11-24 00:00:00+00:00,Херсонська область,2,0,2
2024-11-24 00:00:00+00:00,Чернігівська область,1,0,1
2024-11-25 00:00:00+00:00,Дніпропетровська область,3,1,3
2024-11-25 00:00:00+00:00,Донецька область,25,21,14
2024-11-25 00:00:00+00:00,Запорізька область,8,8,4
2024-11-25 00:00:00+00:00,Київська область,14,13,5
2024-11-25 00:00:00+00:00,Луганська область,4,2,2
2024-11-25 00:00:00+00:00,Миколаївська область,1,1,1
2024-11-25 00:00:00+00:00,Одеська область,5,2,4
2024-11-25 00:00:00+00:00,Сумська область,1,1,0
2024-11-25 00:00:00+00:00,Харківська область,11,6,5
2024-11-25 00:00:00+00:00,Чернігівська область,2,2,2
2024-11-26 00:00:00+00:00,Дніпропетровська область,4,4,3
2024-11-26 00:00:00+00:00,Донецька область,7,4,3
2024-11-26 00:00:00+00:00,Житомирська область,1,1,0
2024-11-26 00:00:00+00:00,Запорізька область,7,6,1
2024-11-26 00:00:00+00:00,Київська область,11,10,6
2024-11-26 00:00:00+00:00,Миколаївська область,2,2,2
2024-11-26 00:00:00+00:00,Одеська область,3,2,2
2024-11-26 00:00:00+00:00,Рівненська область,1,1,0
2024-11-26 00:00:00+00:00,Сумська область,5,1,4
2024-11-26 00:00:00+00:00,Тернопільська область,6,6,2
2024-11-26 00:00:00+00:00,Харківська область,3,0,3
2024-11-26 00:00:00+00:00,Херсонська область,9,6,7
2024-11-27 00:00:00+00:00,Автономна Республіка Крим,2,2,0
2024-11-27 00:00:00+00:00,Дніпропетровська область,6,2,5
2024-11-27 00:00:00+00:00,Донецька область,5,3,2
2024-11-27 00:00:00+00:00,Житомирська область,1,1,0
2024-11-27 00:00:00+00:00,Запорізька область,2,2,1
2024-11-27 00:00:00+00:00,Київська область,9,9,4
2024-11-27 00:00:00+00:00,Миколаївська область,1,1,1
2024-11-27 00:00:00+00:00,Сумська область,1,1,1
2024-11-27 00:00:00+00:00,Тернопільська область,4,4,1
2024-11-27 00:00:00+00:00,Харківська область,4,0,4
2024-11-27 00:00:00+00:00,Херсонська область,8,5,5
2024-11-27 00:00:00+00:00,Хмельницька область,1,1,0
2024-11-28 00:00:00+00:00,Автономна Республіка Крим,5,5,2
2024-11-28 00:00:00+00:00,Волинська область,1,0,1
2024-11-28 00:00:00+00:00,Дніпропетровська область,3,3,0
2024-11-28 00:00:00+00:00,Донецька область,9,0,9
2024-11-28 00:00:00+00:00,Запорізька область,2,0,2
2024-11-28 00:00:00+00:00,Київська область,7,7,3
2024-11-28 00:00:00+00:00,Сумська область,2,2,2
2024-11-28 00:00:00+00:00,Харківська область,4,3,1
2024-11-28 00:00:00+00:00,Херсонська область,2,2,2
2024-11-29 00:00:00+00:00,Івано-Франківська область,1,1,0
2024-11-29 00:00:00+00:00,Автономна Республіка Крим,1,1,0
2024-11-29 00:00:00+00:00,Волинська область,4,4,2
2024-11-29 00:00:00+00:00,Дніпропетровська область,3,2,2
2024-11-29 00:00:00+00:00,Донецька область,4,1,3
2024-11-29 00:00:00+00:00,Житомирська область,1,1,1
2024-11-29 00:00:00+00:00,Запорізька область,1,1,0
2024-11-29 00:00:00+00:00,Київська область,11,10,6
2024-11-29 00:00:00+00:00,Львівська область,1,1,0
2024-11-29 00:00:00+00:00,Миколаївська область,1,1,0
2024-11-29 00:00:00+00:00,Одеська область,5,5,3
2024-11-29 00:00:00+00:00,Полтавська область,1,1,1
2024-11-29 00:00:00+00:00,Рівненська область,2,2,1
2024-11-29 00:00:00+00:00,Сумська область,2,2,2
2024-11-29 00:00:00+00:00,Харківська область,3,1,2
2024-11-29 00:00:00+00:00,Херсонська область,3,3,2
2024-11-29 00:00:00+00:00,Черкаська область,1,1,1
2024-11-29 00:00:00+00:00,Чернігівська область,2,1,2
2024-11-30 00:00:00+00:00,Автономна Республіка Крим,6,6,0
2024-11-30 00:00:00+00:00,Дніпропетровська область,2,1,1
2024-11-30 00:00:00+00:00,Донецька область,2,2,0
2024-11-30 00:00:00+00:00,Запорізька область,8,6,2
2024-11-30 00:00:00+00:00,Київська область,4,4,0
2024-11-30 00:00:00+00:00,Миколаївська область,1,1,1
2024-11-30 00:00:00+00:00,Одеська область,2,2,2
2024-11-30 00:00:00+00:00,Харківська область,1,0,1
2024-11-30 00:00:00+00:00,Херсонська область,11,9,8
2024-12-01 00:00:00+00:00,Автономна Республіка Крим,2,2,0
2024-12-01 00:00:00+00:00,Дніпропетровська область,6,2,4
2024-12-01 00:00:00+00:00,Донецька область,2,2,0
2024-12-01 00:00:00+00:00,Запорізька область,2,1,1
2024-12-01 00:00:00+00:00,Київська область,16,14,4
2024-12-01 00:00:00+00:00,Одеська область,1,0,1
2024-12-01 00:00:00+00:00,Сумська область,1,1,1
2024-12-01 00:00:00+00:00,Херсонська область,8,2,8
2024-12-01 00:00:00+00:00,Чернігівська область,1,1,0
2024-12-02 00:00:00+00:00,Автономна Республіка Крим,3,3,0
2024-12-02 00:00:00+00:00,Дніпропетровська область,5,4,2
2024-12-02 00:00:00+00:00,Донецька область,1,1,0
2024-12-02 00:00:00+00:00,Запорізька область,2,2,0
2024-12-02 00:00:00+00:00,Київська область,14,14,2
2024-12-02 00:00:00+00:00,Миколаївська область,1,1,1
2024-12-02 00:00:00+00:00,Одеська область,1,0,1
2024-12-02 00:00:00+00:00,Полтавська область,1,1,0
2024-12-02 00:00:00+00:00,Тернопільська область,12,12,8
2024-12-02 00:00:00+00:00,Херсонська область,1,0,1
2024-12-02 00:00:00+00:00,Чернігівська область,1,1,0
2024-12-03 00:00:00+00:00,Автономна Республіка Крим,1,1,0
2024-12-03 00:00:00+00:00,Дніпропетровська область,4,3,2
2024-12-03 00:00:00+00:00,Донецька область,2,0,2
2024-12-03 00:00:00+00:00,Київська область,7,7,1
2024-12-03 00:00:00+00:00,Одеська область,1,1,1
2024-12-03 00:00:00+00:00,Рівненська область,1,1,0
2024-12-03 00:00:00+00:00,Сумська область,1,1,0
2024-12-03 00:00:00+00:00,Тернопільська область,7,7,3
2024-12-03 00:00:00+00:00,Харківська область,1,0,1
2024-12-03 00:00:00+00:00,Херсонська область,1,1,1
2024-12-04 00:00:00+00:00,Івано-Франківська область,3,3,0
2024-12-04 00:00:00+00:00,Вінницька область,3,3,1
2024-12-04 00:00:00+00:00,Дніпропетровська область,1,0,1
2024-12-04 00:00:00+00:00,Донецька область,5,2,3
2024-12-04 00:00:00+00:00,Запорізька область,4,1,3
2024-12-04 00:00:00+00:00,Київська область,3,3,0
2024-12-04 00:00:00+00:00,Тернопільська область,1,1,0
2024-12-04 00:00:00+00:00,Харківська область,3,1,3
2024-12-04 00:00:00+00:00,Херсонська область,3,3,2
2024-12-04 00:00:00+00:00,Чернігівська область,2,2,1
2024-12-05 00:00:00+00:00,Вінницька область,1,1,0
2024-12-05 00:00:00+00:00,Дніпропетровська область,1,0,1
2024-12-05 00:00:00+00:00,Донецька область,6,1,5
2024-12-05 00:00:00+00:00,Київська область,2,2,0
2024-12-05 00:00:00+00:00,Миколаївська область,3,0,3
2024-12-05 00:00:00+00:00,Полтавська область,1,1,1
2024-12-05 00:00:00+00:00,Сумська область,2,1,2
2024-12-05 00:00:00+00:00,Харківська область,2,1,2
2024-12-05 00:00:00+00:00,Херсонська область,3,3,3
2024-12-05 00:00:00+00:00,Чернігівська область,2,2,1
2024-12-06 00:00:00+00:00,Автономна Республіка Крим,2,2,0
2024-12-06 00:00:00+00:00,Дніпропетровська область,3,1,2
2024-12-06 00:00:00+00:00,Донецька область,20,18,4
2024-12-06 00:00:00+00:00,Запорізька область,4,4,0
2024-12-06 00:00:00+00:00,Київська область,4,3,3
2024-12-06 00:00:00+00:00,Луганська область,2,2,2
2024-12-06 00:00:00+00:00,Миколаївська область,3,0,3
2024-12-06 00:00:00+00:00,Харківська область,3,3,0
2024-12-06 00:00:00+00:00,Херсонська область,3,2,3
2024-12-07 00:00:00+00:00,Автономна Республіка Крим,3,3,1
2024-12-07 00:00:00+00:00,Дніпропетровська область,2,1,1
2024-12-07 00:00:00+00:00,Донецька область,2,2,0
2024-12-07 00:00:00+00:00,Запорізька область,3,1,2
2024-12-07 00:00:00+00:00,Київська область,5,4,2
2024-12-07 00:00:00+00:00,Сумська область,1,1,1
2024-12-07 00:00:00+00:00,Херсонська область,2,2,2
2024-12-08 00:00:00+00:00,Автономна Республіка Крим,1,1,0
2024-12-08 00:00:00+00:00,Дніпропетровська область,2,1,1
2024-12-08 00:00:00+00:00,Донецька область,3,3,0
2024-12-08 00:00:00+00:00,Київська область,3,3,0
2024-12-08 00:00:00+00:00,Херсонська область,2,2,0
2024-12-09 00:00:00+00:00,Автономна Республіка Крим,1,1,0
2024-12-09 00:00:00+00:00,Вінницька область,1,1,0
2024-12-09 00:00:00+00:00,Дніпропетровська область,4,3,2
2024-12-09 00:00:00+00:00,Донецька область,5,3,2
2024-12-09 00:00:00+00:00,Запорізька область,3,2,3
2024-12-09 00:00:00+00:00,Київська область,5,4,1
2024-12-09 00:00:00+00:00,Полтавська область,1,1,0
2024-12-09 00:00:00+00:00,Херсонська область,3,1,2
2024-12-09 00:00:00+00:00,Чернігівська область,1,1,1
2024-12-10 00:00:00+00:00,Автономна Республіка Крим,1,1,0
2024-12-10 00:00:00+00:00,Дніпропетровська область,1,1,0
2024-12-10 00:00:00+00:00,Донецька область,3,1,2
2024-12-10 00:00:00+00:00,Запорізька область,6,4,4
2024-12-10 00:00:00+00:00,Київська область,1,1,0
2024-12-10 00:00:00+00:00,Харківська область,2,0,2
2024-12-10 00:00:00+00:00,Херсонська область,5,3,5
2024-12-10 00:00:00+00:00,Хмельницька область,1,1,0
2024-12-11 00:00:00+00:00,Івано-Франківська область,2,2,0
2024-12-11 00:00:00+00:00,Донецька область,5,4,1
2024-12-11 00:00:00+00:00,Запорізька область,3,2,2
2024-12-11 00:00:00+00:00,Луганська область,2,0,2
2024-12-11 00:00:00+00:00,Сумська область,2,2,0
2024-12-11 00:00:00+00:00,Харківська область,5,2,3
2024-12-11 00:00:00+00:00,Херсонська область,5,5,5
2024-12-11 00:00:00+00:00,Хмельницька область,1,1,0
2024-12-12 00:00:00+00:00,Автономна Республіка Крим,2,2,2
2024-12-12 00:00:00+00:00,Дніпропетровська область,1,1,1
2024-12-12 00:00:00+00:00,Донецька область,4,1,3
2024-12-12 00:00:00+00:00,Запорізька область,6,6,1
2024-12-12 00:00:00+00:00,Київська область,3,3,1
2024-12-12 00:00:00+00:00,Луганська область,2,0,2
2024-12-12 00:00:00+00:00,Сумська область,5,4,3
2024-12-12 00:00:00+00:00,Харківська область,3,2,1
2024-12-12 00:00:00+00:00,Херсонська область,4,4,3
2024-12-13 00:00:00+00:00,Івано-Франківська область,1,1,0
2024-12-13 00:00:00+00:00,Автономна Республіка Крим,3,2,3
2024-12-13 00:00:00+00:00,Донецька область,9,4,6
2024-12-13 00:00:00+00:00,Запорізька область,4,4,0
2024-12-13 00:00:00+00:00,Київська область,5,5,2
2024-12-13 00:00:00+00:00,Львівська область,1,1,0
2024-12-13 00:00:00+00:00,Одеська область,2,2,0
2024-12-13 00:00:00+00:00,Полтавська область,2,2,2
2024-12-13 00:00:00+00:00,Сумська область,3,2,3
2024-12-13 00:00:00+00:00,Харківська область,5,3,3
2024-12-13 00:00:00+00:00,Херсонська область,5,5,5
2024-12-13 00:00:00+00:00,Чернігівська область,1,1,1
2024-12-14 00:00:00+00:00,Івано-Франківська область,3,3,0
2024-12-14 00:00:00+00:00,Автономна Республіка Крим,3,1,2
2024-12-14 00:00:00+00:00,Донецька область,6,1,6
2024-12-14 00:00:00+00:00,Запорізька область,7,5,2
2024-12-14 00:00:00+00:00,Київська область,12,12,4
2024-12-14 00:00:00+00:00,Львівська область,1,1,0
2024-12-14 00:00:00+00:00,Миколаївська область,1,1,1
2024-12-14 00:00:00+00:00,Одеська область,3,3,0
2024-12-14 00:00:00+00:00,Полтавська область,2,2,2
2024-12-14 00:00:00+00:00,Сумська область,2,2,1
2024-12-14 00:00:00+00:00,Харківська область,5,2,3
2024-12-14 00:00:00+00:00,Херсонська область,4,4,3
2024-12-14 00:00:00+00:00,Хмельницька область,1,1,0
2024-12-14 00:00:00+00:00,Черкаська область,2,2,0
2024-12-15 00:00:00+00:00,Івано-Франківська область,2,2,0
2024-12-15 00:00:00+00:00,Автономна Республіка Крим,3,1,2
2024-12-15 00:00:00+00:00,Донецька область,3,1,2
2024-12-15 00:00:00+00:00,Запорізька область,5,3,3
2024-12-15 00:00:00+00:00,Київська область,6,5,3
2024-12-15 00:00:00+00:00,Миколаївська область,5,3,3
2024-12-15 00:00:00+00:00,Одеська область,2,2,0
2024-12-15 00:00:00+00:00,Сумська область,2,2,0
2024-12-15 00:00:00+00:00,Харківська область,1,0,1
2024-12-15 00:00:00+00:00,Херсонська область,1,1,1
2024-12-15 00:00:00+00:00,Хмельницька область,1,1,0
2024-12-15 00:00:00+00:00,Черкаська область,1,1,0
2024-12-16 00:00:00+00:00,Автономна Республіка Крим,2,0,2
2024-12-16 00:00:00+00:00,Дніпропетровська область,2,2,1
2024-12-16 00:00:00+00:00,Донецька область,7,4,3
2024-12-16 00:00:00+00:00,Запорізька область,5,2,4
2024-12-16 00:00:00+00:00,Київська область,6,4,3
2024-12-16 00:00:00+00:00,Луганська область,1,0,1
2024-12-16 00:00:00+00:00,Миколаївська область,2,0,2
2024-12-16 00:00:00+00:00,Сумська область,2,2,0
2024-12-16 00:00:00+00:00,Харківська область,3,0,3
2024-12-16 00:00:00+00:00,Херсонська область,4,2,4
2024-12-17 00:00:00+00:00,Автономна Республіка Крим,2,0,2
2024-12-17 00:00:00+00:00,Дніпропетровська область,1,1,0
2024-12-17 00:00:00+00:00,Донецька область,8,3,5
2024-12-17 00:00:00+00:00,Запорізька область,4,0,4
2024-12-17 00:00:00+00:00,Київська область,10,8,6
2024-12-17 00:00:00+00:00,Луганська область,1,0,1
2024-12-17 00:00:00+00:00,Миколаївська область,1,0,1
2024-12-17 00:00:00+00:00,Сумська область,1,1,0
2024-12-17 00:00:00+00:00,Харківська область,4,1,3
2024-12-17 00:00:00+00:00,Херсонська область,5,3,3
2024-12-18 00:00:00+00:00,Автономна Республіка Крим,1,0,1
2024-12-18 00:00:00+00:00,Дніпропетровська область,1,1,0
2024-12-18 00:00:00+00:00,Донецька область,7,3,4
2024-12-18 00:00:00+00:00,Запорізька область,2,0,2
2024-12-18 00:00:00+00:00,Київська область,9,8,4
2024-12-18 00:00:00+00:00,Миколаївська область,1,0,1
2024-12-18 00:00:00+00:00,Сумська область,1,1,1
2024-12-18 00:00:00+00:00,Харківська область,6,4,3
2024-12-18 00:00:00+00:00,Херсонська область,4,4,2
2024-12-18 00:00:00+00:00,Чернігівська область,1,1,0
2024-12-19 00:00:00+00:00,Автономна Республіка Крим,2,2,0
2024-12-19 00:00:00+00:00,Дніпропетровська область,4,4,1
2024-12-19 00:00:00+00:00,Донецька область,19,15,7
2024-12-19 00:00:00+00:00,Запорізька область,4,3,1
2024-12-19 00:00:00+00:00,Київська область,8,7,2
2024-12-19 00:00:00+00:00,Луганська область,1,1,0
2024-12-19 00:00:00+00:00,Львівська область,1,1,0
2024-12-19 00:00:00+00:00,Миколаївська область,1,1,0
2024-12-19 00:00:00+00:00,Полтавська область,1,1,1
2024-12-19 00:00:00+00:00,Харківська область,8,6,5
2024-12-19 00:00:00+00:00,Херсонська область,5,4,5
2024-12-19 00:00:00+00:00,Чернігівська область,2,1,1
2024-12-20 00:00:00+00:00,Автономна Республіка Крим,1,1,0
2024-12-20 00:00:00+00:00,Дніпропетровська область,5,5,1
2024-12-20 00:00:00+00:00,Донецька область,6,3,3
2024-12-20 00:00:00+00:00,Запорізька область,5,4,3
2024-12-20 00:00:00+00:00,Київська область,13,12,6
2024-12-20 00:00:00+00:00,Луганська область,1,1,0
2024-12-20 00:00:00+00:00,Львівська область,1,1,0
2024-12-20 00:00:00+00:00,Полтавська область,1,1,1
2024-12-20 00:00:00+00:00,Харківська область,7,7,5
2024-12-20 00:00:00+00:00,Херсонська область,3,2,3
2024-12-20 00:00:00+00:00,Чернігівська область,1,0,1
2024-12-21 00:00:00+00:00,Дніпропетровська область,5,5,1
2024-12-21 00:00:00+00:00,Донецька область,7,3,4
2024-12-21 00:00:00+00:00,Запорізька область,9,6,6
2024-12-21 00:00:00+00:00,Київська область,10,10,2
2024-12-21 00:00:00+00:00,Луганська область,1,0,1
2024-12-21 00:00:00+00:00,Полтавська область,1,1,0
2024-12-21 00:00:00+00:00,Сумська область,1,1,1
2024-12-21 00:00:00+00:00,Харківська область,8,8,4
2024-12-21 00:00:00+00:00,Херсонська область,7,1,6
2024-12-22 00:00:00+00:00,Дніпропетровська область,3,2,1
2024-12-22 00:00:00+00:00,Донецька область,7,1,6
2024-12-22 00:00:00+00:00,Запорізька область,5,1,4
2024-12-22 00:00:00+00:00,Київська область,11,11,2
2024-12-22 00:00:00+00:00,Луганська область,1,0,1
2024-12-22 00:00:00+00:00,Львівська область,1,0,1
2024-12-22 00:00:00+00:00,Одеська область,1,0,1
2024-12-22 00:00:00+00:00,Полтавська область,1,1,0
2024-12-22 00:00:00+00:00,Сумська область,1,1,1
2024-12-22 00:00:00+00:00,Харківська область,5,3,3
2024-12-22 00:00:00+00:00,Херсонська область,7,4,5
2024-12-22 00:00:00+00:00,Чернігівська область,2,0,2
2024-12-23 00:00:00+00:00,Дніпропетровська область,2,1,1
2024-12-23 00:00:00+00:00,Донецька область,7,1,6
2024-12-23 00:00:00+00:00,Запорізька область,2,0,2
2024-12-23 00:00:00+00:00,Київська область,4,4,0
2024-12-23 00:00:00+00:00,Одеська область,1,0,1
2024-12-23 00:00:00+00:00,Сумська область,1,1,0
2024-12-23 00:00:00+00:00,Харківська область,3,1,2
2024-12-23 00:00:00+00:00,Херсонська область,2,1,2
2024-12-23 00:00:00+00:00,Черкаська область,1,1,0
2024-12-23 00:00:00+00:00,Чернігівська область,2,0,2
2024-12-24 00:00:00+00:00,Дніпропетровська область,2,0,2
2024-12-24 00:00:00+00:00,Донецька область,6,1,5
2024-12-24 00:00:00+00:00,Запорізька область,3,0,3
2024-12-24 00:00:00+00:00,Київська область,3,3,0
2024-12-24 00:00:00+00:00,Луганська область,1,1,0
2024-12-24 00:00:00+00:00,Сумська область,1,1,0
2024-12-24 00:00:00+00:00,Харківська область,1,1,0
2024-12-24 00:00:00+00:00,Херсонська область,5,3,4
2024-12-24 00:00:00+00:00,Хмельницька область,1,1,0
2024-12-24 00:00:00+00:00,Черкаська область,1,1,0
2024-12-25 00:00:00+00:00,Івано-Франківська область,1,1,0
2024-12-25 00:00:00+00:00,Автономна Республіка Крим,1,0,1
2024-12-25 00:00:00+00:00,Вінницька область,1,0,1
2024-12-25 00:00:00+00:00,Дніпропетровська область,4,4,0
2024-12-25 00:00:00+00:00,Донецька область,2,0,2
2024-12-25 00:00:00+00:00,Житомирська область,1,1,0
2024-12-25 00:00:00+00:00,Запорізька область,8,1,7
2024-12-25 00:00:00+00:00,Київська область,5,5,0
2024-12-25 00:00:00+00:00,Луганська область,1,1,0
2024-12-25 00:00:00+00:00,Полтавська область,1,1,0
2024-12-25 00:00:00+00:00,Харківська область,3,3,0
2024-12-25 00:00:00+00:00,Херсонська область,3,3,2
2024-12-26 00:00:00+00:00,Автономна Республіка Крим,1,1,0
2024-12-26 00:00:00+00:00,Вінницька область,1,0,1
2024-12-26 00:00:00+00:00,Дніпропетровська область,3,2,1
2024-12-26 00:00:00+00:00,Донецька область,4,3,4
2024-12-26 00:00:00+00:00,Запорізька область,4,0,4
2024-12-26 00:00:00+00:00,Київська область,4,3,1
2024-12-26 00:00:00+00:00,Луганська область,1,0,1
2024-12-26 00:00:00+00:00,Львівська область,1,1,0
2024-12-26 00:00:00+00:00,Полтавська область,3,3,0
2024-12-26 00:00:00+00:00,Харківська область,1,1,1
2024-12-26 00:00:00+00:00,Херсонська область,3,3,2
2024-12-27 00:00:00+00:00,Автономна Республіка Крим,1,1,0
2024-12-27 00:00:00+00:00,Дніпропетровська область,5,2,4
2024-12-27 00:00:00+00:00,Донецька область,28,26,8
2024-12-27 00:00:00+00:00,Запорізька область,2,1,1
2024-12-27 00:00:00+00:00,Київська область,4,3,2
2024-12-27 00:00:00+00:00,Луганська область,8,7,3
2024-12-27 00:00:00+00:00,Полтавська область,3,3,0
2024-12-27 00:00:00+00:00,Сумська область,2,2,0
2024-12-27 00:00:00+00:00,Харківська область,5,1,4
2024-12-27 00:00:00+00:00,Херсонська область,3,3,2
2024-12-28 00:00:00+00:00,Дніпропетровська область,2,1,2
2024-12-28 00:00:00+00:00,Донецька область,4,2,2
2024-12-28 00:00:00+00:00,Запорізька область,2,1,1
2024-12-28 00:00:00+00:00,Київська область,2,2,0
2024-12-28 00:00:00+00:00,Миколаївська область,2,2,1
2024-12-28 00:00:00+00:00,Полтавська область,1,1,0
2024-12-28 00:00:00+00:00,Сумська область,2,2,0
2024-12-28 00:00:00+00:00,Харківська область,5,0,5
2024-12-28 00:00:00+00:00,Херсонська область,2,2,2
2024-12-28 00:00:00+00:00,Чернігівська область,1,0,1
2024-12-29 00:00:00+00:00,Дніпропетровська область,2,2,2
2024-12-29 00:00:00+00:00,Донецька область,4,0,4
2024-12-29 00:00:00+00:00,Запорізька область,2,0,2
2024-12-29 00:00:00+00:00,Миколаївська область,3,3,1
2024-12-29 00:00:00+00:00,Полтавська область,1,1,0
2024-12-29 00:00:00+00:00,Харківська область,3,0,3
2024-12-29 00:00:00+00:00,Херсонська область,2,2,2
2024-12-29 00:00:00+00:00,Чернігівська область,1,0,1
2024-12-30 00:00:00+00:00,Вінницька область,1,0,1
2024-12-30 00:00:00+00:00,Дніпропетровська область,3,2,3
2024-12-30 00:00:00+00:00,Донецька область,4,1,3
2024-12-30 00:00:00+00:00,Запорізька область,2,0,2
2024-12-30 00:00:00+00:00,Київська область,1,1,0
2024-12-30 00:00:00+00:00,Миколаївська область,2,2,1
2024-12-30 00:00:00+00:00,Одеська область,2,2,2
2024-12-30 00:00:00+00:00,Харківська область,2,0,2
2024-12-30 00:00:00+00:00,Херсонська область,4,4,4
2024-12-31 00:00:00+00:00,Автономна Республіка Крим,5,5,4
2024-12-31 00:00:00+00:00,Вінницька область,1,0,1
2024-12-31 00:00:00+00:00,Дніпропетровська область,4,3,2
2024-12-31 00:00:00+00:00,Донецька область,4,0,4
2024-12-31 00:00:00+00:00,Запорізька область,1,0,1
2024-12-31 00:00:00+00:00,Київська область,5,5,2
2024-12-31 00:00:00+00:00,Львівська область,1,0,1
2024-12-31 00:00:00+00:00,Миколаївська область,1,1,0
2024-12-31 00:00:00+00:00,Одеська область,2,1,2
2024-12-31 00:00:00+00:00,Херсонська область,6,4,6
2025-01-01 00:00:00+00:00,Автономна Республіка Крим,3,3,2
2025-01-01 00:00:00+00:00,Дніпропетровська область,2,2,0
2025-01-01 00:00:00+00:00,Донецька область,8,4,4
2025-01-01 00:00:00+00:00,Запорізька область,2,1,1
2025-01-01 00:00:00+00:00,Київська область,11,11,1
2025-01-01 00:00:00+00:00,Львівська область,1,0,1
2025-01-01 00:00:00+00:00,Одеська область,2,1,1
2025-01-01 00:00:00+00:00,Харківська область,1,1,0
2025-01-01 00:00:00+00:00,Херсонська область,2,1,2
2025-01-02 00:00:00+00:00,Автономна Республіка Крим,2,2,0
2025-01-02 00:00:00+00:00,Дніпропетровська область,1,0,1
2025-01-02 00:00:00+00:00,Донецька область,5,2,3
2025-01-02 00:00:00+00:00,Запорізька область,4,1,3
2025-01-02 00:00:00+00:00,Київська область,18,18,2
2025-01-02 00:00:00+00:00,Миколаївська область,1,1,0
2025-01-02 00:00:00+00:00,Одеська область,1,1,0
2025-01-02 00:00:00+00:00,Сумська область,1,1,0
2025-01-02 00:00:00+00:00,Херсонська область,3,2,3
2025-01-03 00:00:00+00:00,Автономна Республіка Крим,1,1,0
2025-01-03 00:00:00+00:00,Донецька область,6,5,1
2025-01-03 00:00:00+00:00,Запорізька область,10,0,10
2025-01-03 00:00:00+00:00,Київська область,20,20,5
2025-01-03 00:00:00+00:00,Миколаївська область,1,1,0
2025-01-03 00:00:00+00:00,Сумська область,1,1,0
2025-01-03 00:00:00+00:00,Харківська область,3,0,3
2025-01-03 00:00:00+00:00,Херсонська область,1,0,1
2025-01-03 00:00:00+00:00,Хмельницька область,1,1,0
2025-01-03 00:00:00+00:00,Чернігівська область,4,1,3
2025-01-04 00:00:00+00:00,Автономна Республіка Крим,1,1,0
2025-01-04 00:00:00+00:00,Дніпропетровська область,4,4,1
2025-01-04 00:00:00+00:00,Донецька область,8,5,3
2025-01-04 00:00:00+00:00,Запорізька область,8,1,7
2025-01-04 00:00:00+00:00,Київська область,12,12,3
2025-01-04 00:00:00+00:00,Кіровоградська область,1,1,0
2025-01-04 00:00:00+00:00,Луганська область,1,0,1
2025-01-04 00:00:00+00:00,Львівська область,2,1,1
2025-01-04 00:00:00+00:00,Миколаївська область,1,1,0
2025-01-04 00:00:00+00:00,Одеська область,1,1,0
2025-01-04 00:00:00+00:00,Полтавська область,1,1,0
2025-01-04 00:00:00+00:00,Сумська область,4,3,1
2025-01-04 00:00:00+00:00,Харківська область,5,1,4
2025-01-04 00:00:00+00:00,Херсонська область,3,3,2
2025-01-04 00:00:00+00:00,Хмельницька область,1,1,0
2025-01-04 00:00:00+00:00,Черкаська область,1,1,0
2025-01-04 00:00:00+00:00,Чернігівська область,6,3,3
2025-01-05 00:00:00+00:00,Дніпропетровська область,4,4,1
2025-01-05 00:00:00+00:00,Донецька область,6,2,4
2025-01-05 00:00:00+00:00,Житомирська область,1,1,0
2025-01-05 00:00:00+00:00,Запорізька область,8,4,4
2025-01-05 00:00:00+00:00,Київська область,4,3,1
2025-01-05 00:00:00+00:00,Луганська область,1,0,1
2025-01-05 00:00:00+00:00,Львівська область,1,0,1
2025-01-05 00:00:00+00:00,Полтавська область,1,1,0
2025-01-05 00:00:00+00:00,Сумська область,4,4,2
2025-01-05 00:00:00+00:00,Харківська область,5,5,2
2025-01-05 00:00:00+00:00,Херсонська область,6,3,5
2025-01-05 00:00:00+00:00,Хмельницька область,1,1,0
2025-01-05 00:00:00+00:00,Черкаська область,2,2,0
2025-01-05 00:00:00+00:00,Чернігівська область,2,1,1
2025-01-06 00:00:00+00:00,Дніпропетровська область,1,1,0
2025-01-06 00:00:00+00:00,Донецька область,7,3,4
2025-01-06 00:00:00+00:00,Запорізька область,6,2,4
2025-01-06 00:00:00+00:00,Київська область,5,3,2
2025-01-06 00:00:00+00:00,Сумська область,2,2,1
2025-01-06 00:00:00+00:00,Харківська область,5,3,3
2025-01-06 00:00:00+00:00,Херсонська область,9,6,8
2025-01-06 00:00:00+00:00,Черкаська область,3,3,0
2025-01-06 00:00:00+00:00,Чернігівська область,2,0,2
2025-01-07 00:00:00+00:00,Дніпропетровська область,1,1,0
2025-01-07 00:00:00+00:00,Донецька область,7,2,5
2025-01-07 00:00:00+00:00,Запорізька область,3,1,2
2025-01-07 00:00:00+00:00,Київська область,3,1,2
2025-01-07 00:00:00+00:00,Сумська область,2,2,0
2025-01-07 00:00:00+00:00,Харківська область,6,4,2
2025-01-07 00:00:00+00:00,Херсонська область,8,7,7
2025-01-07 00:00:00+00:00,Черкаська область,1,1,0
2025-01-07 00:00:00+00:00,Чернігівська область,1,0,1
2025-01-08 00:00:00+00:00,Дніпропетровська область,1,1,0
2025-01-08 00:00:00+00:00,Донецька область,12,4,8
2025-01-08 00:00:00+00:00,Запорізька область,6,2,4
2025-01-08 00:00:00+00:00,Київська область,5,4,1
2025-01-08 00:00:00+00:00,Луганська область,1,0,1
2025-01-08 00:00:00+00:00,Львівська область,1,0,1
2025-01-08 00:00:00+00:00,Сумська область,3,2,1
2025-01-08 00:00:00+00:00,Харківська область,4,3,1
2025-01-08 00:00:00+00:00,Херсонська область,4,3,1
2025-01-09 00:00:00+00:00,Дніпропетровська область,1,0,1
2025-01-09 00:00:00+00:00,Донецька область,11,1,10
2025-01-09 00:00:00+00:00,Запорізька область,9,1,8
2025-01-09 00:00:00+00:00,Київська область,3,2,1
2025-01-09 00:00:00+00:00,Луганська область,2,0,2
2025-01-09 00:00:00+00:00,Миколаївська область,1,1,0
2025-01-09 00:00:00+00:00,Сумська область,1,0,1
2025-01-09 00:00:00+00:00,Харківська область,3,0,3
2025-01-09 00:00:00+00:00,Херсонська область,6,4,5
2025-01-10 00:00:00+00:00,Дніпропетровська область,2,1,2
2025-01-10 00:00:00+00:00,Донецька область,5,1,4
2025-01-10 00:00:00+00:00,Запорізька область,8,0,8
2025-01-10 00:00:00+00:00,Київська область,8,6,3
2025-01-10 00:00:00+00:00,Миколаївська область,1,1,1
2025-01-10 00:00:00+00:00,Харківська область,4,2,4
2025-01-10 00:00:00+00:00,Херсонська область,4,2,4
2025-01-10 00:00:00+00:00,Черкаська область,2,2,0
2025-01-11 00:00:00+00:00,Автономна Республіка Крим,3,3,3
2025-01-11 00:00:00+00:00,Дніпропетровська область,1,1,0
2025-01-11 00:00:00+00:00,Донецька область,15,13,2
2025-01-11 00:00:00+00:00,Запорізька область,8,5,6
2025-01-11 00:00:00+00:00,Київська область,8,7,5
2025-01-11 00:00:00+00:00,Миколаївська область,1,1,1
2025-01-11 00:00:00+00:00,Полтавська область,1,1,1
2025-01-11 00:00:00+00:00,Рівненська область,1,1,0
2025-01-11 00:00:00+00:00,Харківська область,4,4,2
2025-01-11 00:00:00+00:00,Херсонська область,4,0,4
2025-01-11 00:00:00+00:00,Черкаська область,1,1,0
2025-01-12 00:00:00+00:00,Автономна Республіка Крим,2,2,2
2025-01-12 00:00:00+00:00,Дніпропетровська область,1,1,0
2025-01-12 00:00:00+00:00,Донецька область,11,3,9
2025-01-12 00:00:00+00:00,Запорізька область,9,5,4
2025-01-12 00:00:00+00:00,Київська область,6,6,2
2025-01-12 00:00:00+00:00,Миколаївська область,1,1,1
2025-01-12 00:00:00+00:00,Полтавська область,1,1,1
2025-01-12 00:00:00+00:00,Сумська область,3,2,3
2025-01-12 00:00:00+00:00,Херсонська область,3,1,2
2025-01-13 00:00:00+00:00,Автономна Республіка Крим,2,1,1
2025-01-13 00:00:00+00:00,Дніпропетровська область,1,1,0
2025-01-13 00:00:00+00:00,Донецька область,12,3,9
2025-01-13 00:00:00+00:00,Житомирська область,2,2,1
2025-01-13 00:00:00+00:00,Запорізька область,6,3,3
2025-01-13 00:00:00+00:00,Київська область,4,4,1
2025-01-13 00:00:00+00:00,Сумська область,8,7,4
2025-01-13 00:00:00+00:00,Харківська область,2,2,2
2025-01-13 00:00:00+00:00,Херсонська область,7,5,6
2025-01-13 00:00:00+00:00,Черкаська область,1,1,0
2025-01-13 00:00:00+00:00,Чернігівська область,1,1,1
2025-01-14 00:00:00+00:00,Автономна Республіка Крим,1,1,0
2025-01-14 00:00:00+00:00,Дніпропетровська область,1,0,1
2025-01-14 00:00:00+00:00,Донецька область,4,0,4
2025-01-14 00:00:00+00:00,Житомирська область,3,3,2
2025-01-14 00:00:00+00:00,Київська область,3,3,1
2025-01-14 00:00:00+00:00,Львівська область,1,0,1
2025-01-14 00:00:00+00:00,Сумська область,4,4,1
2025-01-14 00:00:00+00:00,Харківська область,6,6,3
2025-01-14 00:00:00+00:00,Херсонська область,9,9,6
2025-01-14 00:00:00+00:00,Черкаська область,2,2,0
2025-01-14 00:00:00+00:00,Чернігівська область,1,1,1
2025-01-15 00:00:00+00:00,Дніпропетровська область,1,1,0
2025-01-15 00:00:00+00:00,Донецька область,6,1,5
2025-01-15 00:00:00+00:00,Житомирська область,1,1,1
2025-01-15 00:00:00+00:00,Запорізька область,3,0,3
2025-01-15 00:00:00+00:00,Київська область,4,4,0
2025-01-15 00:00:00+00:00,Львівська область,1,1,1
2025-01-15 00:00:00+00:00,Сумська область,3,2,1
2025-01-15 00:00:00+00:00,Харківська область,1,1,0
2025-01-15 00:00:00+00:00,Херсонська область,7,6,5
2025-01-15 00:00:00+00:00,Черкаська область,2,2,0
2025-01-16 00:00:00+00:00,Івано-Франківська область,1,1,0
2025-01-16 00:00:00+00:00,Автономна Республіка Крим,1,1,0
2025-01-16 00:00:00+00:00,Дніпропетровська область,3,3,0
2025-01-16 00:00:00+00:00,Донецька область,10,1,9
2025-01-16 00:00:00+00:00,Запорізька область,4,0,4
2025-01-16 00:00:00+00:00,Київська область,9,9,2
2025-01-16 00:00:00+00:00,Львівська область,1,1,0
2025-01-16 00:00:00+00:00,Полтавська область,4,3,3
2025-01-16 00:00:00+00:00,Сумська область,4,3,2
2025-01-16 00:00:00+00:00,Харківська область,5,4,3
2025-01-16 00:00:00+00:00,Херсонська область,7,5,7
2025-01-16 00:00:00+00:00,Хмельницька область,1,0,1
2025-01-16 00:00:00+00:00,Черкаська область,2,2,0
2025-01-17 00:00:00+00:00,Івано-Франківська область,1,1,0
2025-01-17 00:00:00+00:00,Дніпропетровська область,3,2,1
2025-01-17 00:00:00+00:00,Донецька область,9,1,8
2025-01-17 00:00:00+00:00,Запорізька область,5,1,4
2025-01-17 00:00:00+00:00,Київська область,11,11,4
2025-01-17 00:00:00+00:00,Львівська область,1,1,0
2025-01-17 00:00:00+00:00,Миколаївська область,1,0,1
2025-01-17 00:00:00+00:00,Одеська область,2,2,2
2025-01-17 00:00:00+00:00,Полтавська область,3,2,2
2025-01-17 00:00:00+00:00,Сумська область,1,1,0
2025-01-17 00:00:00+00:00,Харківська область,5,3,4
2025-01-17 00:00:00+00:00,Херсонська область,6,5,4
2025-01-17 00:00:00+00:00,Хмельницька область,1,0,1
2025-01-17 00:00:00+00:00,Черкаська область,2,2,0
2025-01-18 00:00:00+00:00,Дніпропетровська область,3,1,2
2025-01-18 00:00:00+00:00,Донецька область,7,2,5
2025-01-18 00:00:00+00:00,Запорізька область,6,1,5
2025-01-18 00:00:00+00:00,Київська область,14,14,5
2025-01-18 00:00:00+00:00,Кіровоградська область,1,1,0
2025-01-18 00:00:00+00:00,Луганська область,1,0,1
2025-01-18 00:00:00+00:00,Миколаївська область,1,0,1
2025-01-18 00:00:00+00:00,Одеська область,2,2,2
2025-01-18 00:00:00+00:00,Харківська область,4,2,3
2025-01-18 00:00:00+00:00,Херсонська область,5,5,3
2025-01-18 00:00:00+00:00,Черкаська область,1,1,0
2025-01-18 00:00:00+00:00,Чернігівська область,1,0,1
2025-01-19 00:00:00+00:00,Дніпропетровська область,1,0,1
2025-01-19 00:00:00+00:00,Донецька область,4,2,2
2025-01-19 00:00:00+00:00,Запорізька область,1,0,1
2025-01-19 00:00:00+00:00,Київська область,9,9,3
2025-01-19 00:00:00+00:00,Кіровоградська область,1,1,0
2025-01-19 00:00:00+00:00,Луганська область,1,0,1
2025-01-19 00:00:00+00:00,Одеська область,1,1,1
2025-01-19 00:00:00+00:00,Харківська область,1,0,1
2025-01-19 00:00:00+00:00,Херсонська область,3,3,2
2025-01-19 00:00:00+00:00,Чернігівська область,1,0,1
2025-01-20 00:00:00+00:00,Донецька область,3,2,2
2025-01-20 00:00:00+00:00,Запорізька область,1,0,1
2025-01-20 00:00:00+00:00,Київська область,6,5,2
2025-01-20 00:00:00+00:00,Кіровоградська область,1,1,0
2025-01-20 00:00:00+00:00,Львівська область,1,0,1
2025-01-20 00:00:00+00:00,Херсонська область,1,1,1
2025-01-21 00:00:00+00:00,Дніпропетровська область,3,1,2
2025-01-21 00:00:00+00:00,Донецька область,3,0,3
2025-01-21 00:00:00+00:00,Київська область,3,2,2
2025-01-21 00:00:00+00:00,Кіровоградська область,1,1,0
2025-01-21 00:00:00+00:00,Луганська область,1,0,1
2025-01-21 00:00:00+00:00,Миколаївська область,2,2,1
2025-01-21 00:00:00+00:00,Полтавська область,1,1,1
2025-01-21 00:00:00+00:00,Сумська область,1,1,1
2025-01-21 00:00:00+00:00,Харківська область,5,3,3
2025-01-21 00:00:00+00:00,Херсонська область,2,2,1
2025-01-21 00:00:00+00:00,Черкаська область,1,1,0
2025-01-21 00:00:00+00:00,Чернігівська область,1,0,1
2025-01-22 00:00:00+00:00,Дніпропетровська область,1,0,1
2025-01-22 00:00:00+00:00,Донецька область,17,7,11
2025-01-22 00:00:00+00:00,Київська область,2,2,1
2025-01-22 00:00:00+00:00,Луганська область,1,0,1
2025-01-22 00:00:00+00:00,Миколаївська область,6,5,4
2025-01-22 00:00:00+00:00,Одеська область,1,1,0
2025-01-22 00:00:00+00:00,Полтавська область,1,1,0
2025-01-22 00:00:00+00:00,Сумська область,4,3,4
2025-01-22 00:00:00+00:00,Харківська область,5,2,5
2025-01-22 00:00:00+00:00,Херсонська область,2,0,2
2025-01-22 00:00:00+00:00,Черкаська область,1,1,0
2025-01-22 00:00:00+00:00,Чернігівська область,1,0,1
2025-01-23 00:00:00+00:00,Донецька область,10,1,9
2025-01-23 00:00:00+00:00,Запорізька область,3,2,2
2025-01-23 00:00:00+00:00,Київська область,4,4,1
2025-01-23 00:00:00+00:00,Луганська область,1,0,1
2025-01-23 00:00:00+00:00,Миколаївська область,2,2,2
2025-01-23 00:00:00+00:00,Одеська область,1,1,0
2025-01-23 00:00:00+00:00,Полтавська область,1,1,0
2025-01-23 00:00:00+00:00,Сумська область,2,1,2
2025-01-23 00:00:00+00:00,Харківська область,4,2,3
2025-01-23 00:00:00+00:00,Херсонська область,1,0,1
2025-01-23 00:00:00+00:00,Черкаська область,1,1,0
2025-01-24 00:00:00+00:00,Автономна Республіка Крим,2,2,0
2025-01-24 00:00:00+00:00,Донецька область,8,1,7
2025-01-24 00:00:00+00:00,Запорізька область,5,2,3
2025-01-24 00:00:00+00:00,Київська область,11,10,3
2025-01-24 00:00:00+00:00,Луганська область,2,0,2
2025-01-24 00:00:00+00:00,Миколаївська область,1,1,1
2025-01-24 00:00:00+00:00,Одеська область,1,0,1
2025-01-24 00:00:00+00:00,Сумська область,3,3,3
2025-01-24 00:00:00+00:00,Харківська область,5,4,2
2025-01-24 00:00:00+00:00,Херсонська область,5,2,5
2025-01-24 00:00:00+00:00,Черкаська область,1,1,0
2025-01-24 00:00:00+00:00,Чернігівська область,1,0,1
2025-01-25 00:00:00+00:00,Автономна Республіка Крим,1,1,0
2025-01-25 00:00:00+00:00,Донецька область,6,1,5
2025-01-25 00:00:00+00:00,Запорізька область,3,1,2
2025-01-25 00:00:00+00:00,Київська область,14,13,4
2025-01-25 00:00:00+00:00,Луганська область,1,0,1
2025-01-25 00:00:00+00:00,Львівська область,1,1,0
2025-01-25 00:00:00+00:00,Одеська область,1,0,1
2025-01-25 00:00:00+00:00,Сумська область,2,2,2
2025-01-25 00:00:00+00:00,Харківська область,4,4,3
2025-01-25 00:00:00+00:00,Херсонська область,6,3,6
2025-01-25 00:00:00+00:00,Черкаська область,3,3,1
2025-01-25 00:00:00+00:00,Чернігівська область,1,0,1
2025-01-26 00:00:00+00:00,Автономна Республіка Крим,1,1,0
2025-01-26 00:00:00+00:00,Дніпропетровська область,1,1,0
2025-01-26 00:00:00+00:00,Донецька область,3,2,1
2025-01-26 00:00:00+00:00,Запорізька область,3,1,2
2025-01-26 00:00:00+00:00,Київська область,8,8,3
2025-01-26 00:00:00+00:00,Львівська область,2,1,1
2025-01-26 00:00:00+00:00,Сумська область,1,1,0
2025-01-26 00:00:00+00:00,Харківська область,5,5,2
2025-01-26 00:00:00+00:00,Херсонська область,7,3,7
2025-01-27 00:00:00+00:00,Івано-Франківська область,2,2,0
2025-01-27 00:00:00+00:00,Автономна Республіка Крим,1,1,0
2025-01-27 00:00:00+00:00,Дніпропетровська область,6,4,3
2025-01-27 00:00:00+00:00,Донецька область,5,3,2
2025-01-27 00:00:00+00:00,Запорізька область,6,1,5
2025-01-27 00:00:00+00:00,Київська область,7,6,3
2025-01-27 00:00:00+00:00,Львівська область,2,1,2
2025-01-27 00:00:00+00:00,Сумська область,3,2,2
2025-01-27 00:00:00+00:00,Харківська область,4,3,3
2025-01-27 00:00:00+00:00,Херсонська область,7,1,7
2025-01-28 00:00:00+00:00,Івано-Франківська область,2,2,0
2025-01-28 00:00:00+00:00,Дніпропетровська область,6,4,4
2025-01-28 00:00:00+00:00,Донецька область,11,4,8
2025-01-28 00:00:00+00:00,Запорізька область,6,0,6
2025-01-28 00:00:00+00:00,Київська область,10,9,5
2025-01-28 00:00:00+00:00,Одеська область,6,5,3
2025-01-28 00:00:00+00:00,Сумська область,3,2,2
2025-01-28 00:00:00+00:00,Харківська область,9,7,6
2025-01-28 00:00:00+00:00,Херсонська область,5,2,5
2025-01-28 00:00:00+00:00,Черкаська область,4,4,1
2025-01-28 00:00:00+00:00,Чернігівська область,2,2,1
2025-01-29 00:00:00+00:00,Івано-Франківська область,1,1,0
2025-01-29 00:00:00+00:00,Автономна Республіка Крим,1,1,1
2025-01-29 00:00:00+00:00,Дніпропетровська область,6,3,4
2025-01-29 00:00:00+00:00,Донецька область,8,2,7
2025-01-29 00:00:00+00:00,Запорізька область,6,1,5
2025-01-29 00:00:00+00:00,Київська область,12,12,3
2025-01-29 00:00:00+00:00,Миколаївська область,2,1,1
2025-01-29 00:00:00+00:00,Одеська область,3,1,3
2025-01-29 00:00:00+00:00,Сумська область,4,4,1
2025-01-29 00:00:00+00:00,Харківська область,5,4,4
2025-01-29 00:00:00+00:00,Херсонська область,3,2,3
2025-01-29 00:00:00+00:00,Черкаська область,6,6,2
2025-01-29 00:00:00+00:00,Чернігівська область,1,1,0
2025-01-30 00:00:00+00:00,Автономна Республіка Крим,1,1,1
2025-01-30 00:00:00+00:00,Дніпропетровська область,6,2,4
2025-01-30 00:00:00+00:00,Донецька область,7,3,5
2025-01-30 00:00:00+00:00,Запорізька область,7,1,6
2025-01-30 00:00:00+00:00,Київська область,7,7,3
2025-01-30 00:00:00+00:00,Львівська область,1,0,1
2025-01-30 00:00:00+00:00,Миколаївська область,1,1,0
2025-01-30 00:00:00+00:00,Одеська область,3,1,3
2025-01-30 00:00:00+00:00,Сумська область,3,3,3
2025-01-30 00:00:00+00:00,Харківська область,4,4,4
2025-01-30 00:00:00+00:00,Херсонська область,6,4,5
2025-01-30 00:00:00+00:00,Черкаська область,3,3,2
2025-01-30 00:00:00+00:00,Чернігівська область,1,1,0
2025-01-31 00:00:00+00:00,Дніпропетровська область,5,1,4
2025-01-31 00:00:00+00:00,Донецька область,12,5,8
2025-01-31 00:00:00+00:00,Запорізька область,6,1,5
2025-01-31 00:00:00+00:00,Київська область,9,9,4
2025-01-31 00:00:00+00:00,Львівська область,1,0,1
2025-01-31 00:00:00+00:00,Одеська область,7,4,5
2025-01-31 00:00:00+00:00,Сумська область,9,9,6
2025-01-31 00:00:00+00:00,Харківська область,3,3,2
2025-01-31 00:00:00+00:00,Херсонська область,4,3,3
2025-01-31 00:00:00+00:00,Черкаська область,3,3,0
2025-01-31 00:00:00+00:00,Чернігівська область,1,1,0
2025-02-01 00:00:00+00:00,Дніпропетровська область,5,2,4
2025-02-01 00:00:00+00:00,Донецька область,16,9,8
2025-02-01 00:00:00+00:00,Запорізька область,3,2,1
2025-02-01 00:00:00+00:00,Київська область,4,4,1
2025-02-01 00:00:00+00:00,Луганська область,6,6,1
2025-02-01 00:00:00+00:00,Миколаївська область,1,1,0
2025-02-01 00:00:00+00:00,Одеська область,4,2,3
2025-02-01 00:00:00+00:00,Полтавська область,4,3,1
2025-02-01 00:00:00+00:00,Сумська область,6,6,2
2025-02-01 00:00:00+00:00,Харківська область,4,4,1
2025-02-01 00:00:00+00:00,Херсонська область,4,4,1
2025-02-01 00:00:00+00:00,Черкаська область,3,3,0
2025-02-02 00:00:00+00:00,Дніпропетровська область,4,3,2
2025-02-02 00:00:00+00:00,Донецька область,5,1,4
2025-02-02 00:00:00+00:00,Запорізька область,3,2,2
2025-02-02 00:00:00+00:00,Київська область,2,2,0
2025-02-02 00:00:00+00:00,Луганська область,1,1,1
2025-02-02 00:00:00+00:00,Миколаївська область,1,1,0
2025-02-02 00:00:00+00:00,Одеська область,1,1,0
2025-02-02 00:00:00+00:00,Полтавська область,2,2,0
2025-02-02 00:00:00+00:00,Сумська область,3,2,1
2025-02-02 00:00:00+00:00,Харківська область,4,3,1
2025-02-02 00:00:00+00:00,Херсонська область,9,4,8
2025-02-02 00:00:00+00:00,Черкаська область,1,1,0
2025-02-03 00:00:00+00:00,Донецька область,4,0,4
2025-02-03 00:00:00+00:00,Запорізька область,3,2,2
2025-02-03 00:00:00+00:00,Київська область,1,1,0
2025-02-03 00:00:00+00:00,Полтавська область,3,2,1
2025-02-03 00:00:00+00:00,Сумська область,2,1,1
2025-02-03 00:00:00+00:00,Харківська область,3,3,1
2025-02-03 00:00:00+00:00,Херсонська область,4,2,4
2025-02-03 00:00:00+00:00,Хмельницька область,1,1,0
2025-02-03 00:00:00+00:00,Черкаська область,1,1,0
2025-02-04 00:00:00+00:00,Дніпропетровська область,1,1,0
2025-02-04 00:00:00+00:00,Донецька область,2,0,2
2025-02-04 00:00:00+00:00,Запорізька область,1,0,1
2025-02-04 00:00:00+00:00,Київська область,6,5,2
2025-02-04 00:00:00+00:00,Полтавська область,1,1,0
2025-02-04 00:00:00+00:00,Харківська область,2,0,2
2025-02-04 00:00:00+00:00,Херсонська область,3,1,3
2025-02-04 00:00:00+00:00,Черкаська область,2,2,0
2025-02-04 00:00:00+00:00,Чернігівська область,2,0,2
2025-02-05 00:00:00+00:00,Івано-Франківська область,1,1,0
2025-02-05 00:00:00+00:00,Дніпропетровська область,2,2,1
2025-02-05 00:00:00+00:00,Донецька область,4,0,4
2025-02-05 00:00:00+00:00,Запорізька область,4,1,4
2025-02-05 00:00:00+00:00,Київська область,9,8,2
2025-02-05 00:00:00+00:00,Луганська область,1,0,1
2025-02-05 00:00:00+00:00,Одеська область,1,0,1
2025-02-05 00:00:00+00:00,Полтавська область,1,0,1
2025-02-05 00:00:00+00:00,Сумська область,1,0,1
2025-02-05 00:00:00+00:00,Харківська область,8,2,7
2025-02-05 00:00:00+00:00,Херсонська область,4,3,4
2025-02-05 00:00:00+00:00,Черкаська область,2,2,0
2025-02-05 00:00:00+00:00,Чернігівська область,2,0,2
2025-02-06 00:00:00+00:00,Дніпропетровська область,2,1,1
2025-02-06 00:00:00+00:00,Донецька область,7,3,6
2025-02-06 00:00:00+00:00,Запорізька область,2,0,2
2025-02-06 00:00:00+00:00,Київська область,1,1,0
2025-02-06 00:00:00+00:00,Кіровоградська область,1,1,0
2025-02-06 00:00:00+00:00,Одеська область,3,2,1
2025-02-06 00:00:00+00:00,Харківська область,10,9,5
2025-02-06 00:00:00+00:00,Херсонська область,4,3,4
2025-02-07 00:00:00+00:00,Дніпропетровська область,1,0,1
2025-02-07 00:00:00+00:00,Донецька область,9,3,8
2025-02-07 00:00:00+00:00,Запорізька область,7,1,6
2025-02-07 00:00:00+00:00,Київська область,6,6,2
2025-02-07 00:00:00+00:00,Кіровоградська область,1,1,0
2025-02-07 00:00:00+00:00,Луганська область,1,1,0
2025-02-07 00:00:00+00:00,Миколаївська область,1,0,1
2025-02-07 00:00:00+00:00,Харківська область,7,6,3
2025-02-07 00:00:00+00:00,Херсонська область,2,1,2
2025-02-07 00:00:00+00:00,Черкаська область,1,1,0
2025-02-07 00:00:00+00:00,Чернівецька область,1,1,0
2025-02-08 00:00:00+00:00,Донецька область,28,23,5
2025-02-08 00:00:00+00:00,Запорізька область,7,1,6
2025-02-08 00:00:00+00:00,Київська область,8,7,3
2025-02-08 00:00:00+00:00,Луганська область,1,0,1
2025-02-08 00:00:00+00:00,Миколаївська область,1,0,1
2025-02-08 00:00:00+00:00,Сумська область,2,0,2
2025-02-08 00:00:00+00:00,Харківська область,7,7,1
2025-02-08 00:00:00+00:00,Херсонська область,2,2,2
2025-02-08 00:00:00+00:00,Черкаська область,1,1,0
2025-02-09 00:00:00+00:00,Автономна Республіка Крим,1,1,0
2025-02-09 00:00:00+00:00,Волинська область,1,1,1
2025-02-09 00:00:00+00:00,Дніпропетровська область,1,1,1
2025-02-09 00:00:00+00:00,Донецька область,7,2,6
2025-02-09 00:00:00+00:00,Закарпатська область,1,0,1
2025-02-09 00:00:00+00:00,Запорізька область,8,2,6
2025-02-09 00:00:00+00:00,Київська область,10,8,5
2025-02-09 00:00:00+00:00,Луганська область,1,0,1
2025-02-09 00:00:00+00:00,Сумська область,2,0,2
2025-02-09 00:00:00+00:00,Харківська область,1,1,0
2025-02-09 00:00:00+00:00,Херсонська область,5,4,3
2025-02-10 00:00:00+00:00,Автономна Республіка Крим,1,1,0
2025-02-10 00:00:00+00:00,Дніпропетровська область,5,1,5
2025-02-10 00:00:00+00:00,Донецька область,8,2,6
2025-02-10 00:00:00+00:00,Запорізька область,10,2,8
2025-02-10 00:00:00+00:00,Київська область,5,4,1
2025-02-10 00:00:00+00:00,Сумська область,2,2,1
2025-02-10 00:00:00+00:00,Харківська область,1,1,0
2025-02-10 00:00:00+00:00,Херсонська область,4,4,0
2025-02-10 00:00:00+00:00,Черкаська область,1,1,0
2025-02-11 00:00:00+00:00,Дніпропетровська область,5,2,4
2025-02-11 00:00:00+00:00,Донецька область,13,2,11
2025-02-11 00:00:00+00:00,Запорізька область,9,0,9
2025-02-11 00:00:00+00:00,Київська область,2,2,0
2025-02-11 00:00:00+00:00,Львівська область,1,1,0
2025-02-11 00:00:00+00:00,Одеська область,2,2,0
2025-02-11 00:00:00+00:00,Полтавська область,3,3,0
2025-02-11 00:00:00+00:00,Рівненська область,1,1,0
2025-02-11 00:00:00+00:00,Сумська область,4,3,3
2025-02-11 00:00:00+00:00,Харківська область,2,0,2
2025-02-11 00:00:00+00:00,Херсонська область,7,6,3
2025-02-11 00:00:00+00:00,Черкаська область,2,2,0
2025-02-12 00:00:00+00:00,Дніпропетровська область,4,1,3
2025-02-12 00:00:00+00:00,Донецька область,13,2,11
2025-02-12 00:00:00+00:00,Запорізька область,9,2,8
2025-02-12 00:00:00+00:00,Київська область,7,5,4
2025-02-12 00:00:00+00:00,Одеська область,3,3,0
2025-02-12 00:00:00+00:00,Полтавська область,3,2,1
2025-02-12 00:00:00+00:00,Сумська область,3,2,3
2025-02-12 00:00:00+00:00,Харківська область,4,0,4
2025-02-12 00:00:00+00:00,Херсонська область,6,4,4
2025-02-12 00:00:00+00:00,Черкаська область,2,2,1
2025-02-12 00:00:00+00:00,Чернігівська область,1,1,1
2025-02-13 00:00:00+00:00,Дніпропетровська область,1,1,0
2025-02-13 00:00:00+00:00,Донецька область,5,0,5
2025-02-13 00:00:00+00:00,Запорізька область,3,1,2
2025-02-13 00:00:00+00:00,Київська область,5,4,1
2025-02-13 00:00:00+00:00,Одеська область,4,4,0
2025-02-13 00:00:00+00:00,Сумська область,3,3,2
2025-02-13 00:00:00+00:00,Херсонська область,2,1,1
2025-02-14 00:00:00+00:00,Донецька область,7,0,7
2025-02-14 00:00:00+00:00,Запорізька область,3,0,3
2025-02-14 00:00:00+00:00,Київська область,5,5,0
2025-02-14 00:00:00+00:00,Одеська область,4,4,2
2025-02-14 00:00:00+00:00,Сумська область,2,2,0
2025-02-14 00:00:00+00:00,Харківська область,2,1,1
2025-02-14 00:00:00+00:00,Херсонська область,2,2,2
2025-02-14 00:00:00+00:00,Черкаська область,1,1,0
2025-02-15 00:00:00+00:00,Дніпропетровська область,1,1,0
2025-02-15 00:00:00+00:00,Донецька область,1,0,1
2025-02-15 00:00:00+00:00,Запорізька область,5,0,5
2025-02-15 00:00:00+00:00,Київська область,5,5,3
2025-02-15 00:00:00+00:00,Миколаївська область,2,2,1
2025-02-15 00:00:00+00:00,Херсонська область,1,0,1
2025-02-15 00:00:00+00:00,Черкаська область,1,1,0
2025-02-16 00:00:00+00:00,Донецька область,2,0,2
2025-02-16 00:00:00+00:00,Запорізька область,2,0,2
2025-02-16 00:00:00+00:00,Київська область,5,5,1
2025-02-16 00:00:00+00:00,Миколаївська область,1,1,0
2025-02-16 00:00:00+00:00,Харківська область,1,0,1
2025-02-16 00:00:00+00:00,Херсонська область,2,0,2
2025-02-16 00:00:00+00:00,Черкаська область,1,1,0
2025-02-17 00:00:00+00:00,Дніпропетровська область,3,3,0
2025-02-17 00:00:00+00:00,Донецька область,3,3,1
2025-02-17 00:00:00+00:00,Запорізька область,6,3,5
2025-02-17 00:00:00+00:00,Київська область,5,5,1
2025-02-17 00:00:00+00:00,Кіровоградська область,1,1,0
2025-02-17 00:00:00+00:00,Миколаївська область,8,8,2
2025-02-17 00:00:00+00:00,Одеська область,2,2,0
2025-02-17 00:00:00+00:00,Полтавська область,2,2,2
2025-02-17 00:00:00+00:00,Сумська область,1,1,1
2025-02-17 00:00:00+00:00,Харківська область,5,5,3
2025-02-18 00:00:00+00:00,Івано-Франківська область,1,1,0
2025-02-18 00:00:00+00:00,Дніпропетровська область,2,2,1
2025-02-18 00:00:00+00:00,Донецька область,3,3,2
2025-02-18 00:00:00+00:00,Запорізька область,5,2,3
2025-02-18 00:00:00+00:00,Київська область,11,10,4
2025-02-18 00:00:00+00:00,Кіровоградська область,2,2,0
2025-02-18 00:00:00+00:00,Харківська область,5,5,4
2025-02-18 00:00:00+00:00,Хмельницька область,1,1,0
2025-02-18 00:00:00+00:00,Черкаська область,1,1,0
2025-02-19 00:00:00+00:00,Донецька область,7,2,6
2025-02-19 00:00:00+00:00,Запорізька область,4,1,3
2025-02-19 00:00:00+00:00,Київська область,8,7,2
2025-02-19 00:00:00+00:00,Кіровоградська область,2,2,1
2025-02-19 00:00:00+00:00,Одеська область,8,8,2
2025-02-19 00:00:00+00:00,Полтавська область,1,1,0
2025-02-19 00:00:00+00:00,Сумська область,1,1,0
2025-02-19 00:00:00+00:00,Харківська область,1,0,1
2025-02-19 00:00:00+00:00,Херсонська область,1,1,1
2025-02-20 00:00:00+00:00,Дніпропетровська область,3,2,1
2025-02-20 00:00:00+00:00,Донецька область,3,0,3
2025-02-20 00:00:00+00:00,Запорізька область,7,2,5
2025-02-20 00:00:00+00:00,Київська область,5,5,0
2025-02-20 00:00:00+00:00,Одеська область,10,9,8
2025-02-20 00:00:00+00:00,Харківська область,4,2,3
2025-02-20 00:00:00+00:00,Херсонська область,6,3,5
2025-02-20 00:00:00+00:00,Черкаська область,2,2,1
2025-02-21 00:00:00+00:00,Дніпропетровська область,1,1,0
2025-02-21 00:00:00+00:00,Донецька область,9,1,8
2025-02-21 00:00:00+00:00,Закарпатська область,1,1,0
2025-02-21 00:00:00+00:00,Запорізька область,4,0,4
2025-02-21 00:00:00+00:00,Київська область,3,3,0
2025-02-21 00:00:00+00:00,Кіровоградська область,1,1,0
2025-02-21 00:00:00+00:00,Луганська область,1,1,0
2025-02-21 00:00:00+00:00,Львівська область,1,0,1
2025-02-21 00:00:00+00:00,Миколаївська область,2,0,2
2025-02-21 00:00:00+00:00,Одеська область,2,1,1
2025-02-21 00:00:00+00:00,Харківська область,4,1,3
2025-02-21 00:00:00+00:00,Херсонська область,5,0,5
2025-02-22 00:00:00+00:00,Донецька область,2,0,2
2025-02-22 00:00:00+00:00,Запорізька область,3,1,2
2025-02-22 00:00:00+00:00,Київська область,7,7,5
2025-02-22 00:00:00+00:00,Львівська область,1,0,1
2025-02-22 00:00:00+00:00,Сумська область,1,0,1
2025-02-22 00:00:00+00:00,Харківська область,4,0,4
2025-02-22 00:00:00+00:00,Херсонська область,1,1,1
2025-02-22 00:00:00+00:00,Черкаська область,1,1,0
2025-02-23 00:00:00+00:00,Дніпропетровська область,1,1,0
2025-02-23 00:00:00+00:00,Донецька область,8,2,7
2025-02-23 00:00:00+00:00,Запорізька область,3,0,3
2025-02-23 00:00:00+00:00,Київська область,7,6,3
2025-02-23 00:00:00+00:00,Луганська область,1,1,0
2025-02-23 00:00:00+00:00,Одеська область,2,1,2
2025-02-23 00:00:00+00:00,Харківська область,2,1,1
2025-02-23 00:00:00+00:00,Херсонська область,2,2,1
2025-02-23 00:00:00+00:00,Черкаська область,1,1,0
2025-02-24 00:00:00+00:00,Дніпропетровська область,1,0,1
2025-02-24 00:00:00+00:00,Донецька область,7,3,4
2025-02-24 00:00:00+00:00,Запорізька область,4,1,4
2025-02-24 00:00:00+00:00,Київська область,7,7,1
2025-02-24 00:00:00+00:00,Одеська область,4,4,0
2025-02-24 00:00:00+00:00,Полтавська область,1,1,0
2025-02-24 00:00:00+00:00,Харківська область,1,0,1
2025-02-24 00:00:00+00:00,Херсонська область,3,1,3
2025-02-24 00:00:00+00:00,Хмельницька область,1,1,0
2025-02-24 00:00:00+00:00,Черкаська область,1,1,0
2025-02-25 00:00:00+00:00,Автономна Республіка Крим,1,1,0
2025-02-25 00:00:00+00:00,Волинська область,1,1,0
2025-02-25 00:00:00+00:00,Дніпропетровська область,3,3,1
2025-02-25 00:00:00+00:00,Донецька область,9,9,0
2025-02-25 00:00:00+00:00,Запорізька область,1,1,0
2025-02-25 00:00:00+00:00,Київська область,2,2,0
2025-02-25 00:00:00+00:00,Луганська область,3,3,2
2025-02-25 00:00:00+00:00,Одеська область,2,2,0
2025-02-25 00:00:00+00:00,Сумська область,1,0,1
2025-02-25 00:00:00+00:00,Харківська область,3,1,2
2025-02-25 00:00:00+00:00,Херсонська область,2,2,0
2025-02-25 00:00:00+00:00,Черкаська область,1,1,1
2025-02-26 00:00:00+00:00,Дніпропетровська область,2,2,0
2025-02-26 00:00:00+00:00,Донецька область,6,4,3
2025-02-26 00:00:00+00:00,Закарпатська область,1,1,0
2025-02-26 00:00:00+00:00,Запорізька область,5,3,2
2025-02-26 00:00:00+00:00,Київська область,8,6,2
2025-02-26 00:00:00+00:00,Луганська область,1,1,0
2025-02-26 00:00:00+00:00,Львівська область,1,1,0
2025-02-26 00:00:00+00:00,Сумська область,1,1,0
2025-02-26 00:00:00+00:00,Харківська область,3,2,1
2025-02-26 00:00:00+00:00,Черкаська область,1,1,0
2025-02-27 00:00:00+00:00,Автономна Республіка Крим,1,0,1
2025-02-27 00:00:00+00:00,Волинська область,1,1,0
2025-02-27 00:00:00+00:00,Донецька область,4,2,2
2025-02-27 00:00:00+00:00,Київська область,4,3,1
2025-02-27 00:00:00+00:00,Луганська область,1,0,1
2025-02-27 00:00:00+00:00,Львівська область,1,0,1
2025-02-27 00:00:00+00:00,Сумська область,1,0,1
2025-02-27 00:00:00+00:00,Харківська область,4,3,1
2025-02-27 00:00:00+00:00,Херсонська область,1,1,0
2025-02-28 00:00:00+00:00,Дніпропетровська область,2,0,2
2025-02-28 00:00:00+00:00,Донецька область,6,2,4
2025-02-28 00:00:00+00:00,Запорізька область,2,0,2
2025-02-28 00:00:00+00:00,Київська область,2,1,1
2025-02-28 00:00:00+00:00,Львівська область,1,0,1
2025-02-28 00:00:00+00:00,Миколаївська область,1,0,1
2025-02-28 00:00:00+00:00,Полтавська область,1,0,1
2025-02-28 00:00:00+00:00,Харківська область,2,1,1
2025-02-28 00:00:00+00:00,Херсонська область,2,0,2
2025-02-28 00:00:00+00:00,Чернігівська область,2,1,1
2025-03-01 00:00:00+00:00,Автономна Республіка Крим,1,0,1
2025-03-01 00:00:00+00:00,Дніпропетровська область,2,2,0
2025-03-01 00:00:00+00:00,Донецька область,2,0,2
2025-03-01 00:00:00+00:00,Закарпатська область,1,1,0
2025-03-01 00:00:00+00:00,Запорізька область,2,2,0
2025-03-01 00:00:00+00:00,Київська область,3,3,0
2025-03-01 00:00:00+00:00,Одеська область,3,2,1
2025-03-01 00:00:00+00:00,Сумська область,2,2,0
2025-03-01 00:00:00+00:00,Харківська область,2,1,1
2025-03-01 00:00:00+00:00,Херсонська область,2,2,0
2025-03-02 00:00:00+00:00,Івано-Франківська область,1,1,0
2025-03-02 00:00:00+00:00,Автономна Республіка Крим,1,0,1
2025-03-02 00:00:00+00:00,Дніпропетровська область,4,3,1
2025-03-02 00:00:00+00:00,Донецька область,25,9,16
2025-03-02 00:00:00+00:00,Запорізька область,7,2,5
2025-03-02 00:00:00+00:00,Кіровоградська область,1,0,1
2025-03-02 00:00:00+00:00,Луганська область,5,3,2
2025-03-02 00:00:00+00:00,Львівська область,1,0,1
2025-03-02 00:00:00+00:00,Миколаївська область,1,0,1
2025-03-02 00:00:00+00:00,Одеська область,1,0,1
2025-03-02 00:00:00+00:00,Полтавська область,1,1,0
2025-03-02 00:00:00+00:00,Рівненська область,2,1,1
2025-03-02 00:00:00+00:00,Харківська область,8,4,4
2025-03-02 00:00:00+00:00,Херсонська область,8,4,4
2025-03-02 00:00:00+00:00,Чернігівська область,1,0,1
2025-03-03 00:00:00+00:00,Дніпропетровська область,4,4,0
2025-03-03 00:00:00+00:00,Донецька область,17,13,4
2025-03-03 00:00:00+00:00,Запорізька область,3,2,1
2025-03-03 00:00:00+00:00,Кіровоградська область,1,0,1
2025-03-03 00:00:00+00:00,Луганська область,2,2,0
2025-03-03 00:00:00+00:00,Львівська область,1,1,0
2025-03-03 00:00:00+00:00,Миколаївська область,1,1,0
2025-03-03 00:00:00+00:00,Одеська область,1,0,1
2025-03-03 00:00:00+00:00,Рівненська область,1,1,0
2025-03-03 00:00:00+00:00,Харківська область,7,6,1
2025-03-03 00:00:00+00:00,Херсонська область,5,5,0
2025-03-03 00:00:00+00:00,Чернігівська область,1,1,0
2025-03-04 00:00:00+00:00,Дніпропетровська область,1,1,0
2025-03-04 00:00:00+00:00,Донецька область,21,17,4
2025-03-04 00:00:00+00:00,Запорізька область,6,6,0
2025-03-04 00:00:00+00:00,Київська область,1,1,0
2025-03-04 00:00:00+00:00,Кіровоградська область,1,1,0
2025-03-04 00:00:00+00:00,Луганська область,1,1,0
2025-03-04 00:00:00+00:00,Одеська область,3,3,0
2025-03-04 00:00:00+00:00,Полтавська область,1,1,0
2025-03-04 00:00:00+00:00,Харківська область,6,4,2
2025-03-04 00:00:00+00:00,Херсонська область,4,4,0
2025-03-05 00:00:00+00:00,Автономна Республіка Крим,1,1,0
2025-03-05 00:00:00+00:00,Дніпропетровська область,1,1,1
2025-03-05 00:00:00+00:00,Донецька область,15,13,2
2025-03-05 00:00:00+00:00,Київська область,5,4,1
2025-03-05 00:00:00+00:00,Луганська область,2,2,0
2025-03-05 00:00:00+00:00,Одеська область,2,2,0
2025-03-05 00:00:00+00:00,Полтавська область,1,1,0
2025-03-05 00:00:00+00:00,Сумська область,2,1,1
2025-03-05 00:00:00+00:00,Харківська область,6,6,0
2025-03-06 00:00:00+00:00,Автономна Республіка Крим,1,1,0
2025-03-06 00:00:00+00:00,Дніпропетровська область,2,2,0
2025-03-06 00:00:00+00:00,Донецька область,10,8,2
2025-03-06 00:00:00+00:00,Київська область,7,6,2
2025-03-06 00:00:00+00:00,Луганська область,5,5,0
2025-03-06 00:00:00+00:00,Львівська область,1,1,0
2025-03-06 00:00:00+00:00,Одеська область,3,1,2
2025-03-06 00:00:00+00:00,Сумська область,1,0,1
2025-03-06 00:00:00+00:00,Харківська область,4,3,1
2025-03-06 00:00:00+00:00,Херсонська область,2,1,1
2025-03-07 00:00:00+00:00,Автономна Республіка Крим,1,1,0
2025-03-07 00:00:00+00:00,Дніпропетровська область,1,1,0
2025-03-07 00:00:00+00:00,Донецька область,4,2,2
2025-03-07 00:00:00+00:00,Закарпатська область,1,1,0
2025-03-07 00:00:00+00:00,Київська область,2,2,0
2025-03-07 00:00:00+00:00,Сумська область,2,2,0
2025-03-07 00:00:00+00:00,Харківська область,1,1,0
2025-03-08 00:00:00+00:00,Дніпропетровська область,1,1,0
2025-03-08 00:00:00+00:00,Донецька область,5,2,3
2025-03-08 00:00:00+00:00,Кіровоградська область,1,1,0
2025-03-08 00:00:00+00:00,Луганська область,1,1,0
2025-03-08 00:00:00+00:00,Одеська область,3,3,0
2025-03-08 00:00:00+00:00,Полтавська область,2,2,0
2025-03-08 00:00:00+00:00,Сумська область,2,2,0
2025-03-08 00:00:00+00:00,Тернопільська область,1,0,1
2025-03-08 00:00:00+00:00,Харківська область,10,8,2
2025-03-08 00:00:00+00:00,Херсонська область,1,1,0
2025-03-09 00:00:00+00:00,Донецька область,5,5,0
2025-03-09 00:00:00+00:00,Запорізька область,1,1,0
2025-03-09 00:00:00+00:00,Київська область,3,3,0
2025-03-09 00:00:00+00:00,Кіровоградська область,1,1,0
2025-03-09 00:00:00+00:00,Луганська область,2,1,1
2025-03-09 00:00:00+00:00,Одеська область,2,2,0
2025-03-09 00:00:00+00:00,Сумська область,3,1,2
2025-03-09 00:00:00+00:00,Харківська область,7,6,2
2025-03-10 00:00:00+00:00,Дніпропетровська область,1,1,0
2025-03-10 00:00:00+00:00,Донецька область,12,10,2
2025-03-10 00:00:00+00:00,Запорізька область,2,2,0
2025-03-10 00:00:00+00:00,Київська область,3,2,1
2025-03-10 00:00:00+00:00,Луганська область,1,1,0
2025-03-10 00:00:00+00:00,Сумська область,1,1,0
2025-03-10 00:00:00+00:00,Тернопільська область,1,1,0
2025-03-10 00:00:00+00:00,Харківська область,3,3,0
2025-03-10 00:00:00+00:00,Херсонська область,4,3,1
2025-03-10 00:00:00+00:00,Черкаська область,1,0,1
2025-03-11 00:00:00+00:00,Донецька область,9,8,1
2025-03-11 00:00:00+00:00,Запорізька область,1,1,0
2025-03-11 00:00:00+00:00,Київська область,5,4,1
2025-03-11 00:00:00+00:00,Луганська область,2,2,0
2025-03-11 00:00:00+00:00,Сумська область,2,1,1
2025-03-11 00:00:00+00:00,Харківська область,4,4,0
2025-03-11 00:00:00+00:00,Херсонська область,2,2,0
2025-03-12 00:00:00+00:00,Івано-Франківська область,1,1,0
2025-03-12 00:00:00+00:00,Автономна Республіка Крим,1,1,0
2025-03-12 00:00:00+00:00,Дніпропетровська область,4,4,1
2025-03-12 00:00:00+00:00,Донецька область,16,16,0
2025-03-12 00:00:00+00:00,Запорізька область,3,3,0
2025-03-12 00:00:00+00:00,Київська область,3,3,0
2025-03-12 00:00:00+00:00,Луганська область,2,2,0
2025-03-12 00:00:00+00:00,Львівська область,1,1,0
2025-03-12 00:00:00+00:00,Одеська область,1,1,0
2025-03-12 00:00:00+00:00,Сумська область,1,1,1
2025-03-12 00:00:00+00:00,Харківська область,4,4,1
2025-03-12 00:00:00+00:00,Херсонська область,2,2,0
2025-03-13 00:00:00+00:00,Дніпропетровська область,2,1,1
2025-03-13 00:00:00+00:00,Донецька область,16,11,5
2025-03-13 00:00:00+00:00,Запорізька область,3,2,1
2025-03-13 00:00:00+00:00,Київська область,5,4,2
2025-03-13 00:00:00+00:00,Кіровоградська область,1,0,1
2025-03-13 00:00:00+00:00,Луганська область,3,1,2
2025-03-13 00:00:00+00:00,Львівська область,1,1,0
2025-03-13 00:00:00+00:00,Рівненська область,2,0,2
2025-03-13 00:00:00+00:00,Сумська область,2,2,0
2025-03-13 00:00:00+00:00,Харківська область,4,2,2
2025-03-13 00:00:00+00:00,Херсонська область,6,5,1
2025-03-14 00:00:00+00:00,Дніпропетровська область,2,1,1
2025-03-14 00:00:00+00:00,Донецька область,11,10,1
2025-03-14 00:00:00+00:00,Запорізька область,2,1,1
2025-03-14 00:00:00+00:00,Київська область,2,2,0
2025-03-14 00:00:00+00:00,Кіровоградська область,1,1,0
2025-03-14 00:00:00+00:00,Луганська область,4,4,0
2025-03-14 00:00:00+00:00,Одеська область,1,1,0
2025-03-14 00:00:00+00:00,Сумська область,1,1,0
2025-03-14 00:00:00+00:00,Харківська область,4,2,2
2025-03-14 00:00:00+00:00,Херсонська область,1,1,0
2025-03-14 00:00:00+00:00,Хмельницька область,1,1,0
2025-03-15 00:00:00+00:00,Автономна Республіка Крим,1,0,1
2025-03-15 00:00:00+00:00,Дніпропетровська область,1,1,1
2025-03-15 00:00:00+00:00,Запорізька область,1,1,0
2025-03-15 00:00:00+00:00,Київська область,3,3,0
2025-03-15 00:00:00+00:00,Одеська область,3,3,0
2025-03-15 00:00:00+00:00,Рівненська область,1,1,0
2025-03-15 00:00:00+00:00,Харківська область,4,4,0
2025-03-16 00:00:00+00:00,Донецька область,8,7,1
2025-03-16 00:00:00+00:00,Запорізька область,1,1,0
2025-03-16 00:00:00+00:00,Київська область,3,2,1
2025-03-16 00:00:00+00:00,Полтавська область,1,1,0
2025-03-16 00:00:00+00:00,Харківська область,2,2,0
2025-03-16 00:00:00+00:00,Херсонська область,2,2,0
2025-03-16 00:00:00+00:00,Чернівецька область,1,1,0
2025-03-16 00:00:00+00:00,Чернігівська область,1,1,0
2025-03-17 00:00:00+00:00,Волинська область,1,1,0
2025-03-17 00:00:00+00:00,Дніпропетровська область,2,2,0
2025-03-17 00:00:00+00:00,Донецька область,9,8,1
2025-03-17 00:00:00+00:00,Запорізька область,3,3,0
2025-03-17 00:00:00+00:00,Київська область,2,1,1
2025-03-17 00:00:00+00:00,Луганська область,4,4,0
2025-03-17 00:00:00+00:00,Одеська область,3,2,1
2025-03-17 00:00:00+00:00,Сумська область,1,1,0
2025-03-17 00:00:00+00:00,Харківська область,6,6,0
2025-03-17 00:00:00+00:00,Херсонська область,1,1,0
2025-03-18 00:00:00+00:00,Дніпропетровська область,2,2,0
2025-03-18 00:00:00+00:00,Донецька область,21,20,1
2025-03-18 00:00:00+00:00,Запорізька область,6,6,0
2025-03-18 00:00:00+00:00,Київська область,4,3,1
2025-03-18 00:00:00+00:00,Луганська область,1,1,0
2025-03-18 00:00:00+00:00,Миколаївська область,1,1,0
2025-03-18 00:00:00+00:00,Одеська область,2,0,2
2025-03-18 00:00:00+00:00,Сумська область,3,3,0
2025-03-18 00:00:00+00:00,Харківська область,9,9,0
2025-03-18 00:00:00+00:00,Херсонська область,4,4,0
2025-03-18 00:00:00+00:00,Черкаська область,1,1,0
2025-03-19 00:00:00+00:00,Автономна Республіка Крим,1,0,1
2025-03-19 00:00:00+00:00,Дніпропетровська область,2,2,0
2025-03-19 00:00:00+00:00,Донецька область,12,8,5
2025-03-19 00:00:00+00:00,Запорізька область,2,1,1
2025-03-19 00:00:00+00:00,Київська область,3,3,0
2025-03-19 00:00:00+00:00,Полтавська область,2,2,0
2025-03-19 00:00:00+00:00,Сумська область,3,2,1
2025-03-19 00:00:00+00:00,Харківська область,1,1,0
2025-03-19 00:00:00+00:00,Херсонська область,1,1,0
2025-03-20 00:00:00+00:00,Автономна Республіка Крим,3,1,2
2025-03-20 00:00:00+00:00,Дніпропетровська область,6,5,1
2025-03-20 00:00:00+00:00,Донецька область,6,6,1
2025-03-20 00:00:00+00:00,Запорізька область,3,3,1
2025-03-20 00:00:00+00:00,Київська область,3,2,1
2025-03-20 00:00:00+00:00,Кіровоградська область,2,2,0
2025-03-20 00:00:00+00:00,Полтавська область,1,0,1
2025-03-20 00:00:00+00:00,Рівненська область,1,0,1
2025-03-20 00:00:00+00:00,Сумська область,5,3,2
2025-03-20 00:00:00+00:00,Харківська область,1,0,1
2025-03-20 00:00:00+00:00,Херсонська область,2,1,1
2025-03-20 00:00:00+00:00,Хмельницька область,1,1,0
2025-03-20 00:00:00+00:00,Черкаська область,1,1,1
2025-03-20 00:00:00+00:00,Чернівецька область,1,0,1
2025-03-21 00:00:00+00:00,Автономна Республіка Крим,1,0,1
2025-03-21 00:00:00+00:00,Дніпропетровська область,1,1,0
2025-03-21 00:00:00+00:00,Донецька область,5,5,0
2025-03-21 00:00:00+00:00,Запорізька область,2,1,1
2025-03-21 00:00:00+00:00,Кіровоградська область,2,2,0
2025-03-21 00:00:00+00:00,Луганська область,1,1,0
2025-03-21 00:00:00+00:00,Одеська область,3,2,1
2025-03-21 00:00:00+00:00,Полтавська область,2,2,0
2025-03-21 00:00:00+00:00,Рівненська область,2,1,1
2025-03-21 00:00:00+00:00,Сумська область,1,1,0
2025-03-21 00:00:00+00:00,Харківська область,4,4,0
2025-03-21 00:00:00+00:00,Херсонська область,2,2,0
2025-03-22 00:00:00+00:00,Дніпропетровська область,1,1,0
2025-03-22 00:00:00+00:00,Донецька область,9,8,1
2025-03-22 00:00:00+00:00,Житомирська область,1,1,0
2025-03-22 00:00:00+00:00,Запорізька область,5,5,0
2025-03-22 00:00:00+00:00,Київська область,6,6,0
2025-03-22 00:00:00+00:00,Луганська область,1,1,0
2025-03-22 00:00:00+00:00,Харківська область,5,4,1
2025-03-23 00:00:00+00:00,Автономна Республіка Крим,2,2,0
2025-03-23 00:00:00+00:00,Донецька область,9,8,1
2025-03-23 00:00:00+00:00,Закарпатська область,1,1,0
2025-03-23 00:00:00+00:00,Запорізька область,2,2,1
2025-03-23 00:00:00+00:00,Київська область,9,6,4
2025-03-23 00:00:00+00:00,Луганська область,2,2,0
2025-03-23 00:00:00+00:00,Одеська область,1,1,0
2025-03-23 00:00:00+00:00,Рівненська область,1,1,0
2025-03-23 00:00:00+00:00,Сумська область,1,1,0
2025-03-23 00:00:00+00:00,Херсонська область,2,2,0
2025-03-24 00:00:00+00:00,Івано-Франківська область,1,1,0
2025-03-24 00:00:00+00:00,Автономна Республіка Крим,2,2,1
2025-03-24 00:00:00+00:00,Донецька область,9,8,1
2025-03-24 00:00:00+00:00,Запорізька область,1,0,1
2025-03-24 00:00:00+00:00,Київська область,8,8,1
2025-03-24 00:00:00+00:00,Кіровоградська область,1,1,0
2025-03-24 00:00:00+00:00,Сумська область,2,2,0
2025-03-24 00:00:00+00:00,Харківська область,2,2,0
2025-03-24 00:00:00+00:00,Херсонська область,1,1,0
2025-03-25 00:00:00+00:00,Івано-Франківська область,1,0,1
2025-03-25 00:00:00+00:00,Автономна Республіка Крим,2,2,0
2025-03-25 00:00:00+00:00,Дніпропетровська область,1,1,0
2025-03-25 00:00:00+00:00,Донецька область,3,1,2
2025-03-25 00:00:00+00:00,Київська область,4,2,2
2025-03-25 00:00:00+00:00,Львівська область,1,1,0
2025-03-25 00:00:00+00:00,Одеська область,2,2,0
2025-03-25 00:00:00+00:00,Рівненська область,1,1,0
2025-03-25 00:00:00+00:00,Сумська область,1,1,0
2025-03-25 00:00:00+00:00,Харківська область,3,3,0
2025-03-26 00:00:00+00:00,Дніпропетровська область,2,2,0
2025-03-26 00:00:00+00:00,Донецька область,4,4,0
2025-03-26 00:00:00+00:00,Закарпатська область,1,1,0
2025-03-26 00:00:00+00:00,Запорізька область,4,4,0
2025-03-26 00:00:00+00:00,Київська область,1,0,1
2025-03-26 00:00:00+00:00,Кіровоградська область,1,1,0
2025-03-26 00:00:00+00:00,Луганська область,1,1,0
2025-03-26 00:00:00+00:00,Одеська область,1,1,0
2025-03-26 00:00:00+00:00,Полтавська область,1,1,0
2025-03-26 00:00:00+00:00,Сумська область,3,2,1
2025-03-26 00:00:00+00:00,Харківська область,2,2,0
2025-03-26 00:00:00+00:00,Черкаська область,1,0,1
2025-03-26 00:00:00+00:00,Чернігівська область,1,1,0
2025-03-27 00:00:00+00:00,Івано-Франківська область,1,1,0
2025-03-27 00:00:00+00:00,Дніпропетровська область,3,3,0
2025-03-27 00:00:00+00:00,Донецька область,6,6,1
2025-03-27 00:00:00+00:00,Запорізька область,2,2,1
2025-03-27 00:00:00+00:00,Київська область,3,2,3
2025-03-27 00:00:00+00:00,Одеська область,1,1,0
2025-03-27 00:00:00+00:00,Полтавська область,1,1,0
2025-03-27 00:00:00+00:00,Сумська область,4,3,1
2025-03-27 00:00:00+00:00,Харківська область,4,4,0
2025-03-27 00:00:00+00:00,Херсонська область,2,2,0
2025-03-27 00:00:00+00:00,Черкаська область,1,0,1
2025-03-28 00:00:00+00:00,Автономна Республіка Крим,1,1,1
2025-03-28 00:00:00+00:00,Дніпропетровська область,3,3,0
2025-03-28 00:00:00+00:00,Донецька область,10,10,0
2025-03-28 00:00:00+00:00,Запорізька область,5,5,0
2025-03-28 00:00:00+00:00,Київська область,1,1,0
2025-03-28 00:00:00+00:00,Кіровоградська область,2,2,0
2025-03-28 00:00:00+00:00,Луганська область,1,1,0
2025-03-28 00:00:00+00:00,Львівська область,1,1,0
2025-03-28 00:00:00+00:00,Полтавська область,2,1,1
2025-03-28 00:00:00+00:00,Сумська область,1,1,0
2025-03-28 00:00:00+00:00,Харківська область,1,1,0
2025-03-28 00:00:00+00:00,Херсонська область,4,3,1
2025-03-29 00:00:00+00:00,Автономна Республіка Крим,1,1,0
2025-03-29 00:00:00+00:00,Дніпропетровська область,3,2,1
2025-03-29 00:00:00+00:00,Донецька область,14,13,1
2025-03-29 00:00:00+00:00,Запорізька область,3,3,0
2025-03-29 00:00:00+00:00,Київська область,3,1,2
2025-03-29 00:00:00+00:00,Луганська область,2,2,0
2025-03-29 00:00:00+00:00,Одеська область,2,2,0
2025-03-29 00:00:00+00:00,Рівненська область,1,1,0
2025-03-29 00:00:00+00:00,Сумська область,4,4,0
2025-03-29 00:00:00+00:00,Харківська область,3,1,2
2025-03-30 00:00:00+00:00,Дніпропетровська область,1,1,0
2025-03-30 00:00:00+00:00,Донецька область,8,7,1
2025-03-30 00:00:00+00:00,Запорізька область,2,1,1
2025-03-30 00:00:00+00:00,Київська область,2,2,0
2025-03-30 00:00:00+00:00,Одеська область,1,1,0
2025-03-30 00:00:00+00:00,Полтавська область,1,1,0
2025-03-30 00:00:00+00:00,Сумська область,1,1,0
2025-03-30 00:00:00+00:00,Харківська область,4,3,1
2025-03-30 00:00:00+00:00,Херсонська область,1,1,0
2025-03-31 00:00:00+00:00,Донецька область,8,7,1
2025-03-31 00:00:00+00:00,Запорізька область,2,1,1
2025-03-31 00:00:00+00:00,Київська область,4,2,2
2025-03-31 00:00:00+00:00,Сумська область,1,1,1
2025-03-31 00:00:00+00:00,Харківська область,4,3,1
2025-03-31 00:00:00+00:00,Чернігівська область,1,0,1
2025-04-01 00:00:00+00:00,Донецька область,8,8,0
2025-04-01 00:00:00+00:00,Київська область,2,2,0
2025-04-01 00:00:00+00:00,Одеська область,1,1,0
2025-04-01 00:00:00+00:00,Тернопільська область,1,1,0
2025-04-01 00:00:00+00:00,Харківська область,3,3,0
2025-04-01 00:00:00+00:00,Херсонська область,1,0,1
2025-04-01 00:00:00+00:00,Черкаська область,1,0,1
2025-04-02 00:00:00+00:00,Донецька область,3,3,0
2025-04-02 00:00:00+00:00,Запорізька область,1,0,1
2025-04-02 00:00:00+00:00,Київська область,2,2,0
2025-04-02 00:00:00+00:00,Луганська область,1,1,0
2025-04-02 00:00:00+00:00,Львівська область,3,3,1
2025-04-02 00:00:00+00:00,Одеська область,1,1,0
2025-04-02 00:00:00+00:00,Харківська область,3,2,1
2025-04-02 00:00:00+00:00,Херсонська область,1,1,0
2025-04-03 00:00:00+00:00,Вінницька область,1,1,0
2025-04-03 00:00:00+00:00,Донецька область,2,2,0
2025-04-03 00:00:00+00:00,Закарпатська область,1,1,0
2025-04-03 00:00:00+00:00,Запорізька область,1,0,1
2025-04-03 00:00:00+00:00,Луганська область,1,1,0
2025-04-03 00:00:00+00:00,Львівська область,2,2,1
2025-04-03 00:00:00+00:00,Одеська область,1,1,0
2025-04-03 00:00:00+00:00,Харківська область,1,1,0
2025-04-04 00:00:00+00:00,Дніпропетровська область,3,3,0
2025-04-04 00:00:00+00:00,Запорізька область,1,0,1
2025-04-04 00:00:00+00:00,Київська область,4,4,0
2025-04-04 00:00:00+00:00,Одеська область,1,1,0
2025-04-04 00:00:00+00:00,Харківська область,1,1,0
2025-04-04 00:00:00+00:00,Чернігівська область,1,1,0
2025-04-05 00:00:00+00:00,Дніпропетровська область,7,6,1
2025-04-05 00:00:00+00:00,Донецька область,4,4,0
2025-04-05 00:00:00+00:00,Запорізька область,1,0,1
2025-04-05 00:00:00+00:00,Київська область,4,4,0
2025-04-05 00:00:00+00:00,Луганська область,1,1,0
2025-04-05 00:00:00+00:00,Львівська область,1,1,0
2025-04-05 00:00:00+00:00,Сумська область,1,0,1
2025-04-05 00:00:00+00:00,Харківська область,1,0,1
2025-04-05 00:00:00+00:00,Херсонська область,2,1,1
2025-04-06 00:00:00+00:00,Автономна Республіка Крим,1,0,1
2025-04-06 00:00:00+00:00,Вінницька область,1,0,1
2025-04-06 00:00:00+00:00,Дніпропетровська область,2,2,1
2025-04-06 00:00:00+00:00,Донецька область,2,1,1
2025-04-06 00:00:00+00:00,Запорізька область,1,1,1
2025-04-06 00:00:00+00:00,Київська область,5,5,1
2025-04-06 00:00:00+00:00,Миколаївська область,1,1,0
2025-04-06 00:00:00+00:00,Сумська область,1,1,0
2025-04-06 00:00:00+00:00,Тернопільська область,1,0,1
2025-04-06 00:00:00+00:00,Харківська область,1,1,0
2025-04-07 00:00:00+00:00,Автономна Республіка Крим,1,1,0
2025-04-07 00:00:00+00:00,Донецька область,4,4,0
2025-04-07 00:00:00+00:00,Запорізька область,1,1,0
2025-04-07 00:00:00+00:00,Київська область,3,2,2
2025-04-07 00:00:00+00:00,Харківська область,1,1,0
2025-04-07 00:00:00+00:00,Херсонська область,2,1,1
2025-04-08 00:00:00+00:00,Дніпропетровська область,3,2,1
2025-04-08 00:00:00+00:00,Запорізька область,1,1,0
2025-04-08 00:00:00+00:00,Київська область,1,0,1
2025-04-08 00:00:00+00:00,Львівська область,1,1,0
2025-04-08 00:00:00+00:00,Харківська область,1,1,0
2025-04-09 00:00:00+00:00,Дніпропетровська область,1,1,0
2025-04-09 00:00:00+00:00,Донецька область,2,0,2
2025-04-09 00:00:00+00:00,Закарпатська область,1,0,1
2025-04-09 00:00:00+00:00,Київська область,1,1,0
2025-04-09 00:00:00+00:00,Львівська область,2,1,1
2025-04-09 00:00:00+00:00,Миколаївська область,1,1,0
2025-04-09 00:00:00+00:00,Сумська область,3,3,0
2025-04-09 00:00:00+00:00,Харківська область,4,4,0
2025-04-10 00:00:00+00:00,Автономна Республіка Крим,1,1,0
2025-04-10 00:00:00+00:00,Дніпропетровська область,1,1,0
2025-04-10 00:00:00+00:00,Донецька область,1,1,0
2025-04-10 00:00:00+00:00,Житомирська область,1,1,0
2025-04-10 00:00:00+00:00,Запорізька область,1,1,0
2025-04-10 00:00:00+00:00,Київська область,3,2,1
2025-04-10 00:00:00+00:00,Львівська область,1,1,0
2025-04-10 00:00:00+00:00,Миколаївська область,1,1,0
2025-04-10 00:00:00+00:00,Тернопільська область,1,1,0
2025-04-10 00:00:00+00:00,Харківська область,1,1,0
2025-04-10 00:00:00+00:00,Херсонська область,2,2,0
2025-04-11 00:00:00+00:00,Автономна Республіка Крим,1,0,1
2025-04-11 00:00:00+00:00,Дніпропетровська область,3,2,1
2025-04-11 00:00:00+00:00,Донецька область,5,2,3
2025-04-11 00:00:00+00:00,Житомирська область,1,1,0
2025-04-11 00:00:00+00:00,Закарпатська область,1,0,1
2025-04-11 00:00:00+00:00,Львівська область,1,0,1
2025-04-12 00:00:00+00:00,Дніпропетровська область,1,1,1
2025-04-12 00:00:00+00:00,Донецька область,3,2,1
2025-04-12 00:00:00+00:00,Закарпатська область,1,1,0
2025-04-12 00:00:00+00:00,Київська область,1,1,1
2025-04-12 00:00:00+00:00,Луганська область,1,0,1
2025-04-12 00:00:00+00:00,Львівська область,1,1,0
2025-04-12 00:00:00+00:00,Сумська область,3,3,0
2025-04-12 00:00:00+00:00,Харківська область,3,3,1
2025-04-13 00:00:00+00:00,Автономна Республіка Крим,2,1,1
2025-04-13 00:00:00+00:00,Дніпропетровська область,1,0,1
2025-04-13 00:00:00+00:00,Донецька область,1,1,0
2025-04-13 00:00:00+00:00,Запорізька область,1,1,0
2025-04-13 00:00:00+00:00,Київська область,6,4,2
2025-04-13 00:00:00+00:00,Кіровоградська область,1,1,0
2025-04-13 00:00:00+00:00,Львівська область,1,1,0
2025-04-13 00:00:00+00:00,Одеська область,1,1,0
2025-04-13 00:00:00+00:00,Рівненська область,1,1,0
2025-04-13 00:00:00+00:00,Сумська область,4,2,2
2025-04-13 00:00:00+00:00,Чернігівська область,1,1,0
2025-04-14 00:00:00+00:00,Дніпропетровська область,1,1,0
2025-04-14 00:00:00+00:00,Донецька область,1,1,0
2025-04-14 00:00:00+00:00,Запорізька область,1,1,0
2025-04-14 00:00:00+00:00,Київська область,1,1,0
2025-04-14 00:00:00+00:00,Львівська область,1,1,0
2025-04-14 00:00:00+00:00,Одеська область,3,1,2
2025-04-14 00:00:00+00:00,Сумська область,4,2,2
2025-04-14 00:00:00+00:00,Тернопільська область,1,1,0
2025-04-14 00:00:00+00:00,Харківська область,2,2,0
2025-04-15 00:00:00+00:00,Автономна Республіка Крим,1,1,1
2025-04-15 00:00:00+00:00,Донецька область,7,7,0
2025-04-15 00:00:00+00:00,Запорізька область,1,1,0
2025-04-15 00:00:00+00:00,Київська область,1,1,0
2025-04-15 00:00:00+00:00,Луганська область,1,1,0
2025-04-15 00:00:00+00:00,Одеська область,1,0,1
2025-04-15 00:00:00+00:00,Рівненська область,1,0,1
2025-04-15 00:00:00+00:00,Сумська область,3,2,1
2025-04-15 00:00:00+00:00,Харківська область,3,3,0
2025-04-16 00:00:00+00:00,Дніпропетровська область,2,2,0
2025-04-16 00:00:00+00:00,Донецька область,3,3,0
2025-04-16 00:00:00+00:00,Київська область,2,2,0
2025-04-16 00:00:00+00:00,Рівненська область,1,0,1
2025-04-16 00:00:00+00:00,Херсонська область,1,1,0
2025-04-17 00:00:00+00:00,Дніпропетровська область,3,2,1
2025-04-17 00:00:00+00:00,Донецька область,3,3,0
2025-04-17 00:00:00+00:00,Запорізька область,1,1,0
2025-04-17 00:00:00+00:00,Київська область,2,2,0
2025-04-17 00:00:00+00:00,Луганська область,1,1,0
2025-04-17 00:00:00+00:00,Львівська область,3,2,1
2025-04-17 00:00:00+00:00,Миколаївська область,1,0,1
2025-04-17 00:00:00+00:00,Одеська область,1,1,0
2025-04-17 00:00:00+00:00,Сумська область,3,3,0
2025-04-17 00:00:00+00:00,Харківська область,3,3,0
2025-04-17 00:00:00+00:00,Херсонська область,3,3,0
2025-04-18 00:00:00+00:00,Дніпропетровська область,1,1,0
2025-04-18 00:00:00+00:00,Донецька область,3,2,1
2025-04-18 00:00:00+00:00,Запорізька область,2,2,0
2025-04-18 00:00:00+00:00,Київська область,2,2,0
2025-04-18 00:00:00+00:00,Львівська область,1,1,0
2025-04-18 00:00:00+00:00,Миколаївська область,1,0,1
2025-04-18 00:00:00+00:00,Одеська область,2,2,0
2025-04-18 00:00:00+00:00,Рівненська область,1,1,0
2025-04-18 00:00:00+00:00,Сумська область,1,1,0
2025-04-18 00:00:00+00:00,Харківська область,3,2,1
2025-04-18 00:00:00+00:00,Херсонська область,1,0,1
2025-04-19 00:00:00+00:00,Автономна Республіка Крим,1,1,0
2025-04-19 00:00:00+00:00,Донецька область,2,1,1
2025-04-19 00:00:00+00:00,Закарпатська область,1,1,0
2025-04-19 00:00:00+00:00,Запорізька область,1,0,1
2025-04-19 00:00:00+00:00,Київська область,3,3,1
2025-04-19 00:00:00+00:00,Львівська область,1,1,0
2025-04-19 00:00:00+00:00,Сумська область,1,1,0
2025-04-19 00:00:00+00:00,Харківська область,1,1,0
2025-04-19 00:00:00+00:00,Херсонська область,1,1,1
2025-04-20 00:00:00+00:00,Автономна Республіка Крим,1,1,0
2025-04-21 00:00:00+00:00,Автономна Республіка Крим,1,0,1
2025-04-21 00:00:00+00:00,Донецька область,1,1,0
2025-04-21 00:00:00+00:00,Одеська область,1,0,1
2025-04-21 00:00:00+00:00,Полтавська область,1,1,0
2025-04-22 00:00:00+00:00,Волинська область,1,1,0
2025-04-22 00:00:00+00:00,Дніпропетровська область,1,1,0
2025-04-22 00:00:00+00:00,Донецька область,4,4,0
2025-04-22 00:00:00+00:00,Запорізька область,1,1,0
2025-04-22 00:00:00+00:00,Київська область,3,1,2
2025-04-22 00:00:00+00:00,Луганська область,1,1,0
2025-04-22 00:00:00+00:00,Львівська область,2,2,0
2025-04-22 00:00:00+00:00,Одеська область,1,1,0
2025-04-23 00:00:00+00:00,Дніпропетровська область,1,1,0
2025-04-23 00:00:00+00:00,Донецька область,2,2,0
2025-04-23 00:00:00+00:00,Закарпатська область,1,1,0
2025-04-23 00:00:00+00:00,Київська область,5,4,1
2025-04-23 00:00:00+00:00,Львівська область,2,2,0
2025-04-23 00:00:00+00:00,Одеська область,2,1,1
2025-04-23 00:00:00+00:00,Полтавська область,1,0,1
2025-04-23 00:00:00+00:00,Харківська область,4,2,2
2025-04-23 00:00:00+00:00,Херсонська область,1,1,0
2025-04-24 00:00:00+00:00,Автономна Республіка Крим,2,2,0
2025-04-24 00:00:00+00:00,Житомирська область,1,1,0
2025-04-24 00:00:00+00:00,Запорізька область,1,1,0
2025-04-24 00:00:00+00:00,Київська область,16,12,5
2025-04-24 00:00:00+00:00,Луганська область,1,0,1
2025-04-24 00:00:00+00:00,Одеська область,1,0,1
2025-04-24 00:00:00+00:00,Полтавська область,1,1,0
2025-04-24 00:00:00+00:00,Рівненська область,1,1,1
2025-04-24 00:00:00+00:00,Тернопільська область,1,1,0
2025-04-24 00:00:00+00:00,Харківська область,3,3,0
2025-04-24 00:00:00+00:00,Херсонська область,2,2,0
2025-04-24 00:00:00+00:00,Хмельницька область,1,1,0
2025-04-25 00:00:00+00:00,Дніпропетровська область,4,4,0
2025-04-25 00:00:00+00:00,Донецька область,2,2,1
2025-04-25 00:00:00+00:00,Закарпатська область,1,1,0
2025-04-25 00:00:00+00:00,Запорізька область,1,0,1
2025-04-25 00:00:00+00:00,Київська область,8,7,1
2025-04-25 00:00:00+00:00,Луганська область,1,1,0
2025-04-25 00:00:00+00:00,Львівська область,1,0,1
2025-04-25 00:00:00+00:00,Одеська область,1,1,0
2025-04-25 00:00:00+00:00,Харківська область,3,2,1
2025-04-25 00:00:00+00:00,Хмельницька область,1,1,0
2025-04-26 00:00:00+00:00,Дніпропетровська область,1,1,0
2025-04-26 00:00:00+00:00,Донецька область,1,1,0
2025-04-26 00:00:00+00:00,Запорізька область,2,2,0
2025-04-26 00:00:00+00:00,Київська область,1,1,0
2025-04-26 00:00:00+00:00,Львівська область,1,1,0
2025-04-26 00:00:00+00:00,Харківська область,1,1,0
2025-04-27 00:00:00+00:00,Автономна Республіка Крим,1,0,1
2025-04-27 00:00:00+00:00,Дніпропетровська область,2,0,2
2025-04-27 00:00:00+00:00,Донецька область,1,0,1
2025-04-27 00:00:00+00:00,Запорізька область,1,1,0
2025-04-27 00:00:00+00:00,Київська область,2,2,0
2025-04-27 00:00:00+00:00,Луганська область,1,1,0
2025-04-27 00:00:00+00:00,Харківська область,1,1,0
2025-04-28 00:00:00+00:00,Автономна Республіка Крим,1,1,0
2025-04-28 00:00:00+00:00,Дніпропетровська область,2,1,1
2025-04-28 00:00:00+00:00,Донецька область,13,13,0
2025-04-28 00:00:00+00:00,Закарпатська область,1,1,0
2025-04-28 00:00:00+00:00,Запорізька область,1,1,0
2025-04-28 00:00:00+00:00,Київська область,3,3,0
2025-04-28 00:00:00+00:00,Луганська область,1,1,0
2025-04-28 00:00:00+00:00,Рівненська область,1,0,1
2025-04-28 00:00:00+00:00,Харківська область,5,4,1
2025-04-28 00:00:00+00:00,Херсонська область,3,2,1
2025-04-28 00:00:00+00:00,Чернівецька область,1,1,0
2025-04-29 00:00:00+00:00,Дніпропетровська область,3,3,0
2025-04-29 00:00:00+00:00,Закарпатська область,1,1,0
2025-04-29 00:00:00+00:00,Київська область,5,4,1
2025-04-29 00:00:00+00:00,Харківська область,1,1,0
2025-04-29 00:00:00+00:00,Хмельницька область,1,1,0
2025-04-30 00:00:00+00:00,Вінницька область,1,1,0
2025-04-30 00:00:00+00:00,Донецька область,1,1,0
2025-04-30 00:00:00+00:00,Запорізька область,1,1,0
2025-05-01 00:00:00+00:00,Донецька область,3,3,0
2025-05-01 00:00:00+00:00,Київська область,4,3,2
2025-05-01 00:00:00+00:00,Одеська область,1,1,0
2025-05-01 00:00:00+00:00,Харківська область,2,2,0
2025-05-02 00:00:00+00:00,Дніпропетровська область,1,1,0
2025-05-02 00:00:00+00:00,Донецька область,1,1,0
2025-05-02 00:00:00+00:00,Закарпатська область,1,0,1
2025-05-02 00:00:00+00:00,Запорізька область,3,3,1
2025-05-02 00:00:00+00:00,Київська область,2,2,0
2025-05-02 00:00:00+00:00,Луганська область,2,1,1
2025-05-02 00:00:00+00:00,Одеська область,3,2,1
2025-05-02 00:00:00+00:00,Сумська область,1,1,0
2025-05-02 00:00:00+00:00,Харківська область,1,1,0
2025-05-02 00:00:00+00:00,Херсонська область,1,1,0
2025-05-02 00:00:00+00:00,Хмельницька область,1,1,0
2025-05-03 00:00:00+00:00,Автономна Республіка Крим,2,1,1
2025-05-03 00:00:00+00:00,Донецька область,1,1,0
2025-05-03 00:00:00+00:00,Запорізька область,1,1,0
2025-05-03 00:00:00+00:00,Київська область,2,2,0
2025-05-03 00:00:00+00:00,Сумська область,1,1,0
2025-05-03 00:00:00+00:00,Харківська область,3,3,0
2025-05-04 00:00:00+00:00,Автономна Республіка Крим,1,1,0
2025-05-04 00:00:00+00:00,Дніпропетровська область,1,0,1
2025-05-04 00:00:00+00:00,Донецька область,2,2,0
2025-05-04 00:00:00+00:00,Закарпатська область,1,1,0
2025-05-04 00:00:00+00:00,Запорізька область,2,2,0
2025-05-04 00:00:00+00:00,Київська область,4,2,2
2025-05-04 00:00:00+00:00,Луганська область,1,0,1
2025-05-04 00:00:00+00:00,Харківська область,2,2,0
2025-05-04 00:00:00+00:00,Черкаська область,1,1,0
2025-05-05 00:00:00+00:00,Автономна Республіка Крим,2,0,2
2025-05-05 00:00:00+00:00,Дніпропетровська область,2,2,0
2025-05-05 00:00:00+00:00,Донецька область,6,4,2
2025-05-05 00:00:00+00:00,Запорізька область,2,2,0
2025-05-05 00:00:00+00:00,Київська область,6,4,2
2025-05-05 00:00:00+00:00,Рівненська область,1,1,0
2025-05-05 00:00:00+00:00,Сумська область,2,1,1
2025-05-05 00:00:00+00:00,Харківська область,4,3,1
2025-05-05 00:00:00+00:00,Херсонська область,3,3,0
2025-05-05 00:00:00+00:00,Черкаська область,1,1,0
2025-05-06 00:00:00+00:00,Дніпропетровська область,2,2,0
2025-05-06 00:00:00+00:00,Донецька область,2,1,1
2025-05-06 00:00:00+00:00,Закарпатська область,1,1,0
2025-05-06 00:00:00+00:00,Київська область,2,2,0
2025-05-06 00:00:00+00:00,Луганська область,1,1,0
2025-05-06 00:00:00+00:00,Львівська область,1,1,0
2025-05-06 00:00:00+00:00,Одеська область,4,4,0
2025-05-06 00:00:00+00:00,Сумська область,1,1,0
2025-05-06 00:00:00+00:00,Харківська область,2,1,1
2025-05-06 00:00:00+00:00,Хмельницька область,2,2,0
2025-05-06 00:00:00+00:00,Чернігівська область,1,1,0
2025-05-07 00:00:00+00:00,Дніпропетровська область,2,2,0
2025-05-07 00:00:00+00:00,Донецька область,4,3,1
2025-05-07 00:00:00+00:00,Запорізька область,3,2,1
2025-05-07 00:00:00+00:00,Київська область,9,6,3
2025-05-07 00:00:00+00:00,Луганська область,1,1,0
2025-05-07 00:00:00+00:00,Одеська область,2,2,0
2025-05-07 00:00:00+00:00,Полтавська область,1,1,0
2025-05-07 00:00:00+00:00,Харківська область,4,3,1
2025-05-07 00:00:00+00:00,Херсонська область,1,0,1
2025-05-07 00:00:00+00:00,Хмельницька область,1,1,0
2025-05-07 00:00:00+00:00,Чернігівська область,1,1,0
2025-05-08 00:00:00+00:00,Дніпропетровська область,5,4,1
2025-05-08 00:00:00+00:00,Донецька область,14,14,0
2025-05-08 00:00:00+00:00,Запорізька область,3,2,1
2025-05-08 00:00:00+00:00,Київська область,2,2,0
2025-05-08 00:00:00+00:00,Луганська область,1,1,0
2025-05-08 00:00:00+00:00,Сумська область,7,7,1
2025-05-08 00:00:00+00:00,Харківська область,2,2,0
2025-05-09 00:00:00+00:00,Автономна Республіка Крим,1,1,0
2025-05-09 00:00:00+00:00,Закарпатська область,1,0,1
2025-05-09 00:00:00+00:00,Київська область,1,1,0
2025-05-09 00:00:00+00:00,Сумська область,2,2,0
2025-05-09 00:00:00+00:00,Тернопільська область,1,1,0
2025-05-10 00:00:00+00:00,Херсонська область,2,1,1
2025-05-11 00:00:00+00:00,Івано-Франківська область,1,1,0
2025-05-11 00:00:00+00:00,Дніпропетровська область,1,1,0
2025-05-11 00:00:00+00:00,Донецька область,2,1,1
2025-05-11 00:00:00+00:00,Закарпатська область,1,1,0
2025-05-11 00:00:00+00:00,Київська область,4,4,0
2025-05-11 00:00:00+00:00,Сумська область,1,1,0
2025-05-11 00:00:00+00:00,Херсонська область,1,1,0
2025-05-12 00:00:00+00:00,Донецька область,1,1,0
2025-05-12 00:00:00+00:00,Луганська область,1,1,0
2025-05-12 00:00:00+00:00,Рівненська область,1,1,0
2025-05-12 00:00:00+00:00,Харківська область,1,1,0
2025-05-13 00:00:00+00:00,Дніпропетровська область,1,1,0
2025-05-13 00:00:00+00:00,Донецька область,1,1,0
2025-05-13 00:00:00+00:00,Закарпатська область,1,1,0
2025-05-13 00:00:00+00:00,Харківська область,1,1,0
2025-05-13 00:00:00+00:00,Чернігівська область,1,1,0
2025-05-14 00:00:00+00:00,Донецька область,1,1,0
2025-05-14 00:00:00+00:00,Київська область,2,2,0
2025-05-14 00:00:00+00:00,Луганська область,1,1,0
2025-05-14 00:00:00+00:00,Одеська область,1,1,0
2025-05-14 00:00:00+00:00,Полтавська область,1,1,0
2025-05-15 00:00:00+00:00,Дніпропетровська область,1,1,0
2025-05-15 00:00:00+00:00,Донецька область,4,4,0
2025-05-15 00:00:00+00:00,Київська область,1,1,0
2025-05-16 00:00:00+00:00,Автономна Республіка Крим,1,1,0
2025-05-16 00:00:00+00:00,Дніпропетровська область,1,1,0
2025-05-16 00:00:00+00:00,Донецька область,1,1,0
2025-05-16 00:00:00+00:00,Київська область,1,0,1
2025-05-17 00:00:00+00:00,Київська область,2,2,1
2025-05-17 00:00:00+00:00,Одеська область,2,2,0
2025-05-17 00:00:00+00:00,Сумська область,1,1,0
2025-05-17 00:00:00+00:00,Херсонська область,2,2,0
2025-05-18 00:00:00+00:00,Дніпропетровська область,1,1,0
2025-05-18 00:00:00+00:00,Донецька область,4,4,0
2025-05-18 00:00:00+00:00,Закарпатська область,1,1,0
2025-05-18 00:00:00+00:00,Запорізька область,2,2,0
2025-05-18 00:00:00+00:00,Київська область,3,3,0
2025-05-18 00:00:00+00:00,Харківська область,1,0,1
2025-05-18 00:00:00+00:00,Херсонська область,1,1,0
2025-05-19 00:00:00+00:00,Донецька область,2,2,1
2025-05-19 00:00:00+00:00,Житомирська область,1,1,0
2025-05-19 00:00:00+00:00,Київська область,1,1,0
2025-05-19 00:00:00+00:00,Харківська область,2,2,0
2025-05-20 00:00:00+00:00,Волинська область,1,1,0
2025-05-20 00:00:00+00:00,Київська область,3,3,0
2025-05-20 00:00:00+00:00,Сумська область,5,5,1
2025-05-20 00:00:00+00:00,Харківська область,1,1,0
2025-05-21 00:00:00+00:00,Дніпропетровська область,1,1,0
2025-05-21 00:00:00+00:00,Донецька область,3,3,0
2025-05-21 00:00:00+00:00,Закарпатська область,1,1,0
2025-05-21 00:00:00+00:00,Київська область,4,3,1
2025-05-21 00:00:00+00:00,Луганська область,1,1,0
2025-05-21 00:00:00+00:00,Рівненська область,1,1,0
2025-05-21 00:00:00+00:00,Сумська область,2,2,0
2025-05-21 00:00:00+00:00,Харківська область,2,2,0
2025-05-21 00:00:00+00:00,Хмельницька область,1,1,0
2025-05-22 00:00:00+00:00,Дніпропетровська область,3,3,0
2025-05-22 00:00:00+00:00,Донецька область,3,3,0
2025-05-22 00:00:00+00:00,Київська область,2,1,1
2025-05-22 00:00:00+00:00,Львівська область,1,0,1
2025-05-22 00:00:00+00:00,Миколаївська область,1,1,0
2025-05-22 00:00:00+00:00,Харківська область,3,3,0
2025-05-22 00:00:00+00:00,Херсонська область,2,2,0
2025-05-23 00:00:00+00:00,Дніпропетровська область,1,1,0
2025-05-23 00:00:00+00:00,Донецька область,1,1,0
2025-05-23 00:00:00+00:00,Львівська область,1,1,0
2025-05-23 00:00:00+00:00,Одеська область,1,1,0
2025-05-23 00:00:00+00:00,Полтавська область,1,1,0
2025-05-23 00:00:00+00:00,Харківська область,3,3,0
2025-05-23 00:00:00+00:00,Херсонська область,3,2,1
2025-05-23 00:00:00+00:00,Хмельницька область,1,1,0
2025-05-24 00:00:00+00:00,Дніпропетровська область,3,3,0
2025-05-24 00:00:00+00:00,Донецька область,11,11,0
2025-05-24 00:00:00+00:00,Запорізька область,4,4,0
2025-05-24 00:00:00+00:00,Київська область,5,5,1
2025-05-24 00:00:00+00:00,Луганська область,3,3,1
2025-05-24 00:00:00+00:00,Одеська область,2,2,0
2025-05-24 00:00:00+00:00,Сумська область,2,1,1
2025-05-24 00:00:00+00:00,Харківська область,10,8,2
2025-05-24 00:00:00+00:00,Херсонська область,2,2,0
2025-05-25 00:00:00+00:00,Автономна Республіка Крим,1,1,0
2025-05-25 00:00:00+00:00,Дніпропетровська область,5,4,2
2025-05-25 00:00:00+00:00,Донецька область,16,16,0
2025-05-25 00:00:00+00:00,Закарпатська область,1,1,0
2025-05-25 00:00:00+00:00,Запорізька область,8,8,0
2025-05-25 00:00:00+00:00,Київська область,4,1,3
2025-05-25 00:00:00+00:00,Кіровоградська область,1,1,0
2025-05-25 00:00:00+00:00,Луганська область,5,5,0
2025-05-25 00:00:00+00:00,Миколаївська область,1,1,0
2025-05-25 00:00:00+00:00,Одеська область,3,2,1
2025-05-25 00:00:00+00:00,Сумська область,2,1,1
2025-05-25 00:00:00+00:00,Тернопільська область,1,1,0
2025-05-25 00:00:00+00:00,Харківська область,9,9,1
2025-05-25 00:00:00+00:00,Херсонська область,3,3,0
2025-05-25 00:00:00+00:00,Хмельницька область,2,1,1
2025-05-25 00:00:00+00:00,Чернігівська область,1,1,0
2025-05-26 00:00:00+00:00,Дніпропетровська область,11,8,3
2025-05-26 00:00:00+00:00,Донецька область,22,22,0
2025-05-26 00:00:00+00:00,Житомирська область,1,0,1
2025-05-26 00:00:00+00:00,Закарпатська область,1,1,0
2025-05-26 00:00:00+00:00,Запорізька область,9,9,0
2025-05-26 00:00:00+00:00,Київська область,6,5,2
2025-05-26 00:00:00+00:00,Кіровоградська область,1,1,0
2025-05-26 00:00:00+00:00,Луганська область,8,8,0
2025-05-26 00:00:00+00:00,Миколаївська область,2,2,0
2025-05-26 00:00:00+00:00,Одеська область,7,5,2
2025-05-26 00:00:00+00:00,Сумська область,5,5,0
2025-05-26 00:00:00+00:00,Тернопільська область,1,1,1
2025-05-26 00:00:00+00:00,Харківська область,11,11,0
2025-05-26 00:00:00+00:00,Херсонська область,2,2,0
2025-05-26 00:00:00+00:00,Хмельницька область,4,4,0
2025-05-26 00:00:00+00:00,Чернівецька область,2,2,0
2025-05-26 00:00:00+00:00,Чернігівська область,2,2,0
2025-05-27 00:00:00+00:00,Автономна Республіка Крим,2,1,1
2025-05-27 00:00:00+00:00,Дніпропетровська область,6,3,3
2025-05-27 00:00:00+00:00,Донецька область,11,9,2
2025-05-27 00:00:00+00:00,Житомирська область,1,0,1
2025-05-27 00:00:00+00:00,Запорізька область,2,2,0
2025-05-27 00:00:00+00:00,Київська область,6,4,2
2025-05-27 00:00:00+00:00,Луганська область,1,1,0
2025-05-27 00:00:00+00:00,Миколаївська область,3,2,1
2025-05-27 00:00:00+00:00,Одеська область,2,1,1
2025-05-27 00:00:00+00:00,Полтавська область,1,1,0
2025-05-27 00:00:00+00:00,Сумська область,8,6,2
2025-05-27 00:00:00+00:00,Тернопільська область,1,0,1
2025-05-27 00:00:00+00:00,Харківська область,4,2,2
2025-05-27 00:00:00+00:00,Херсонська область,1,1,0
2025-05-27 00:00:00+00:00,Чернігівська область,3,2,1
2025-05-28 00:00:00+00:00,Автономна Республіка Крим,3,2,1
2025-05-28 00:00:00+00:00,Дніпропетровська область,4,4,1
2025-05-28 00:00:00+00:00,Донецька область,13,9,5
2025-05-28 00:00:00+00:00,Запорізька область,4,4,3
2025-05-28 00:00:00+00:00,Київська область,6,5,2
2025-05-28 00:00:00+00:00,Кіровоградська область,1,1,0
2025-05-28 00:00:00+00:00,Луганська область,3,3,1
2025-05-28 00:00:00+00:00,Миколаївська область,2,2,0
2025-05-28 00:00:00+00:00,Одеська область,2,2,1
2025-05-28 00:00:00+00:00,Полтавська область,2,2,0
2025-05-28 00:00:00+00:00,Сумська область,9,8,2
2025-05-28 00:00:00+00:00,Харківська область,10,8,2
2025-05-28 00:00:00+00:00,Херсонська область,4,3,1
2025-05-28 00:00:00+00:00,Хмельницька область,1,1,0
2025-05-28 00:00:00+00:00,Чернігівська область,1,1,0
2025-05-29 00:00:00+00:00,Донецька область,2,2,0
2025-05-29 00:00:00+00:00,Запорізька область,1,1,0
2025-05-29 00:00:00+00:00,Київська область,1,0,1
2025-05-29 00:00:00+00:00,Миколаївська область,1,1,0
2025-05-29 00:00:00+00:00,Одеська область,1,0,1
2025-05-29 00:00:00+00:00,Полтавська область,2,2,0
2025-05-29 00:00:00+00:00,Харківська область,2,2,0
2025-05-30 00:00:00+00:00,Автономна Республіка Крим,2,2,0
2025-05-30 00:00:00+00:00,Київська область,1,1,0
2025-05-30 00:00:00+00:00,Сумська область,2,2,0
2025-05-30 00:00:00+00:00,Харківська область,4,4,0
2025-05-31 00:00:00+00:00,Донецька область,2,2,0
2025-05-31 00:00:00+00:00,Запорізька область,2,2,0
2025-05-31 00:00:00+00:00,Сумська область,6,5,1
2025-05-31 00:00:00+00:00,Харківська область,4,3,1
2025-05-31 00:00:00+00:00,Чернігівська область,1,1,0
2025-06-01 00:00:00+00:00,Автономна Республіка Крим,1,0,1
2025-06-01 00:00:00+00:00,Донецька область,2,2,2
2025-06-01 00:00:00+00:00,Запорізька область,2,0,2
2025-06-01 00:00:00+00:00,Київська область,3,3,1
2025-06-01 00:00:00+00:00,Львівська область,1,1,0
2025-06-01 00:00:00+00:00,Сумська область,1,1,1
2025-06-01 00:00:00+00:00,Харківська область,1,1,0
2025-06-01 00:00:00+00:00,Херсонська область,2,1,2
2025-06-02 00:00:00+00:00,Дніпропетровська область,2,2,0
2025-06-02 00:00:00+00:00,Донецька область,2,1,1
2025-06-02 00:00:00+00:00,Закарпатська область,1,1,0
2025-06-02 00:00:00+00:00,Запорізька область,1,1,0
2025-06-02 00:00:00+00:00,Київська область,5,3,2
2025-06-02 00:00:00+00:00,Одеська область,2,2,0
2025-06-02 00:00:00+00:00,Сумська область,2,1,1
2025-06-02 00:00:00+00:00,Харківська область,3,1,2
2025-06-02 00:00:00+00:00,Херсонська область,2,2,0
2025-06-03 00:00:00+00:00,Автономна Республіка Крим,1,1,0
2025-06-03 00:00:00+00:00,Дніпропетровська область,1,1,0
2025-06-03 00:00:00+00:00,Донецька область,2,2,0
2025-06-03 00:00:00+00:00,Запорізька область,2,2,0
2025-06-03 00:00:00+00:00,Київська область,5,3,3
2025-06-03 00:00:00+00:00,Львівська область,1,1,1
2025-06-03 00:00:00+00:00,Одеська область,1,1,0
2025-06-03 00:00:00+00:00,Полтавська область,1,0,1
2025-06-03 00:00:00+00:00,Сумська область,4,3,1
2025-06-03 00:00:00+00:00,Харківська область,4,4,2
2025-06-03 00:00:00+00:00,Херсонська область,1,0,1
2025-06-03 00:00:00+00:00,Чернігівська область,1,1,0
2025-06-04 00:00:00+00:00,Автономна Республіка Крим,3,3,0
2025-06-04 00:00:00+00:00,Волинська область,1,1,0
2025-06-04 00:00:00+00:00,Донецька область,3,3,0
2025-06-04 00:00:00+00:00,Запорізька область,2,2,0
2025-06-04 00:00:00+00:00,Київська область,5,5,1
2025-06-04 00:00:00+00:00,Одеська область,3,3,0
2025-06-04 00:00:00+00:00,Сумська область,2,2,0
2025-06-04 00:00:00+00:00,Тернопільська область,2,2,0
2025-06-04 00:00:00+00:00,Харківська область,4,4,0
2025-06-04 00:00:00+00:00,Херсонська область,2,1,1
2025-06-05 00:00:00+00:00,Дніпропетровська область,1,1,0
2025-06-05 00:00:00+00:00,Донецька область,1,1,0
2025-06-05 00:00:00+00:00,Закарпатська область,2,2,0
2025-06-05 00:00:00+00:00,Запорізька область,1,1,0
2025-06-05 00:00:00+00:00,Київська область,3,3,1
2025-06-05 00:00:00+00:00,Луганська область,1,1,0
2025-06-05 00:00:00+00:00,Одеська область,1,1,1
2025-06-05 00:00:00+00:00,Тернопільська область,1,1,0
2025-06-05 00:00:00+00:00,Харківська область,5,4,1
2025-06-05 00:00:00+00:00,Херсонська область,1,1,0
2025-06-05 00:00:00+00:00,Черкаська область,1,1,0
2025-06-05 00:00:00+00:00,Чернігівська область,11,10,1
2025-06-06 00:00:00+00:00,Автономна Республіка Крим,1,1,0
2025-06-06 00:00:00+00:00,Волинська область,1,1,0
2025-06-06 00:00:00+00:00,Дніпропетровська область,1,1,0
2025-06-06 00:00:00+00:00,Донецька область,1,1,0
2025-06-06 00:00:00+00:00,Київська область,11,8,3
2025-06-06 00:00:00+00:00,Львівська область,3,2,1
2025-06-06 00:00:00+00:00,Одеська область,2,2,0
2025-06-06 00:00:00+00:00,Полтавська область,1,1,0
2025-06-06 00:00:00+00:00,Сумська область,3,3,0
2025-06-06 00:00:00+00:00,Тернопільська область,2,2,0
2025-06-06 00:00:00+00:00,Херсонська область,3,3,0
2025-06-06 00:00:00+00:00,Хмельницька область,1,1,0
2025-06-06 00:00:00+00:00,Чернігівська область,2,2,0
2025-06-07 00:00:00+00:00,Автономна Республіка Крим,1,1,0
2025-06-07 00:00:00+00:00,Волинська область,2,2,0
2025-06-07 00:00:00+00:00,Дніпропетровська область,2,2,0
2025-06-07 00:00:00+00:00,Донецька область,3,3,0
2025-06-07 00:00:00+00:00,Запорізька область,1,1,0
2025-06-07 00:00:00+00:00,Київська область,6,3,4
2025-06-07 00:00:00+00:00,Луганська область,1,1,1
2025-06-07 00:00:00+00:00,Львівська область,1,1,0
2025-06-07 00:00:00+00:00,Одеська область,1,0,1
2025-06-07 00:00:00+00:00,Сумська область,2,2,1
2025-06-07 00:00:00+00:00,Тернопільська область,1,1,0
2025-06-07 00:00:00+00:00,Харківська область,6,5,1
2025-06-07 00:00:00+00:00,Херсонська область,2,2,0
2025-06-08 00:00:00+00:00,Волинська область,1,1,0
2025-06-08 00:00:00+00:00,Донецька область,5,5,2
2025-06-08 00:00:00+00:00,Київська область,1,1,0
2025-06-08 00:00:00+00:00,Сумська область,2,1,1
2025-06-08 00:00:00+00:00,Харківська область,1,1,0
2025-06-08 00:00:00+00:00,Херсонська область,3,3,0
2025-06-08 00:00:00+00:00,Черкаська область,1,1,0
2025-06-08 00:00:00+00:00,Чернівецька область,1,1,0
2025-06-09 00:00:00+00:00,Волинська область,1,1,0
2025-06-09 00:00:00+00:00,Дніпропетровська область,3,3,1
2025-06-09 00:00:00+00:00,Донецька область,2,2,0
2025-06-09 00:00:00+00:00,Запорізька область,2,1,1
2025-06-09 00:00:00+00:00,Київська область,4,2,3
2025-06-09 00:00:00+00:00,Одеська область,2,2,1
2025-06-09 00:00:00+00:00,Рівненська область,2,1,1
2025-06-09 00:00:00+00:00,Сумська область,3,2,1
2025-06-09 00:00:00+00:00,Харківська область,1,1,0
2025-06-09 00:00:00+00:00,Херсонська область,1,1,0
2025-06-09 00:00:00+00:00,Черкаська область,1,1,0
2025-06-10 00:00:00+00:00,Донецька область,1,1,0
2025-06-10 00:00:00+00:00,Запорізька область,1,1,0
2025-06-10 00:00:00+00:00,Київська область,8,7,1
2025-06-10 00:00:00+00:00,Львівська область,1,0,1
2025-06-10 00:00:00+00:00,Миколаївська область,1,1,0
2025-06-10 00:00:00+00:00,Одеська область,3,2,2
2025-06-10 00:00:00+00:00,Рівненська область,1,1,0
2025-06-10 00:00:00+00:00,Сумська область,4,4,0
2025-06-10 00:00:00+00:00,Харківська область,1,1,0
2025-06-11 00:00:00+00:00,Дніпропетровська область,3,1,2
2025-06-11 00:00:00+00:00,Донецька область,2,2,0
2025-06-11 00:00:00+00:00,Закарпатська область,1,1,0
2025-06-11 00:00:00+00:00,Київська область,4,4,1
2025-06-11 00:00:00+00:00,Львівська область,3,2,1
2025-06-11 00:00:00+00:00,Одеська область,4,3,1
2025-06-11 00:00:00+00:00,Полтавська область,1,0,1
2025-06-11 00:00:00+00:00,Харківська область,7,7,1
2025-06-12 00:00:00+00:00,Івано-Франківська область,2,1,1
2025-06-12 00:00:00+00:00,Дніпропетровська область,1,1,0
2025-06-12 00:00:00+00:00,Донецька область,1,1,0
2025-06-12 00:00:00+00:00,Запорізька область,1,0,1
2025-06-12 00:00:00+00:00,Київська область,2,2,0
2025-06-12 00:00:00+00:00,Одеська область,1,1,1
2025-06-12 00:00:00+00:00,Сумська область,1,1,0
2025-06-12 00:00:00+00:00,Харківська область,6,4,2
2025-06-12 00:00:00+00:00,Чернігівська область,2,1,1
2025-06-13 00:00:00+00:00,Івано-Франківська область,1,1,0
2025-06-13 00:00:00+00:00,Дніпропетровська область,3,1,3
2025-06-13 00:00:00+00:00,Запорізька область,1,0,1
2025-06-13 00:00:00+00:00,Київська область,6,5,3
2025-06-13 00:00:00+00:00,Одеська область,1,1,0
2025-06-13 00:00:00+00:00,Сумська область,3,1,3
2025-06-13 00:00:00+00:00,Харківська область,1,1,0
2025-06-13 00:00:00+00:00,Херсонська область,1,1,0
2025-06-13 00:00:00+00:00,Черкаська область,1,0,1
2025-06-13 00:00:00+00:00,Чернігівська область,1,0,1
2025-06-14 00:00:00+00:00,Автономна Республіка Крим,1,0,1
2025-06-14 00:00:00+00:00,Дніпропетровська область,1,1,0
2025-06-14 00:00:00+00:00,Донецька область,2,2,0
2025-06-14 00:00:00+00:00,Запорізька область,3,0,3
2025-06-14 00:00:00+00:00,Київська область,4,2,2
2025-06-14 00:00:00+00:00,Одеська область,1,1,0
2025-06-14 00:00:00+00:00,Сумська область,1,0,1
2025-06-14 00:00:00+00:00,Харківська область,1,0,1
2025-06-14 00:00:00+00:00,Чернігівська область,2,1,2
2025-06-15 00:00:00+00:00,Донецька область,2,2,0
2025-06-15 00:00:00+00:00,Запорізька область,2,2,0
2025-06-15 00:00:00+00:00,Київська область,3,1,2
2025-06-15 00:00:00+00:00,Одеська область,1,0,1
2025-06-15 00:00:00+00:00,Сумська область,1,0,1
2025-06-15 00:00:00+00:00,Харківська область,1,0,1
2025-06-15 00:00:00+00:00,Херсонська область,1,0,1
2025-06-16 00:00:00+00:00,Донецька область,1,0,1
2025-06-16 00:00:00+00:00,Запорізька область,1,1,0
2025-06-16 00:00:00+00:00,Київська область,4,3,1
2025-06-16 00:00:00+00:00,Луганська область,1,1,0
2025-06-16 00:00:00+00:00,Харківська область,2,1,2
2025-06-16 00:00:00+00:00,Черкаська область,1,0,1
2025-06-17 00:00:00+00:00,Донецька область,1,1,0
2025-06-17 00:00:00+00:00,Закарпатська область,1,0,1
2025-06-17 00:00:00+00:00,Запорізька область,3,3,1
2025-06-17 00:00:00+00:00,Київська область,14,12,4
2025-06-17 00:00:00+00:00,Одеська область,2,2,0
2025-06-17 00:00:00+00:00,Сумська область,1,0,1
2025-06-17 00:00:00+00:00,Херсонська область,1,0,1
2025-06-17 00:00:00+00:00,Черкаська область,1,1,0
2025-06-17 00:00:00+00:00,Чернівецька область,1,0,1
2025-06-18 00:00:00+00:00,Дніпропетровська область,1,1,0
2025-06-18 00:00:00+00:00,Донецька область,2,1,1
2025-06-18 00:00:00+00:00,Запорізька область,3,3,0
2025-06-18 00:00:00+00:00,Київська область,7,3,4
2025-06-18 00:00:00+00:00,Одеська область,2,0,2
2025-06-18 00:00:00+00:00,Сумська область,2,2,0
2025-06-18 00:00:00+00:00,Тернопільська область,1,0,1
2025-06-19 00:00:00+00:00,Донецька область,2,1,1
2025-06-19 00:00:00+00:00,Запорізька область,2,1,1
2025-06-19 00:00:00+00:00,Київська область,7,3,4
2025-06-19 00:00:00+00:00,Львівська область,1,0,1
2025-06-19 00:00:00+00:00,Одеська область,3,0,3
2025-06-19 00:00:00+00:00,Сумська область,1,1,0
2025-06-19 00:00:00+00:00,Харківська область,1,0,1
2025-06-20 00:00:00+00:00,Дніпропетровська область,3,1,2
2025-06-20 00:00:00+00:00,Донецька область,1,1,0
2025-06-20 00:00:00+00:00,Львівська область,1,0,1
2025-06-20 00:00:00+00:00,Одеська область,2,2,0
2025-06-20 00:00:00+00:00,Полтавська область,2,1,1
2025-06-20 00:00:00+00:00,Сумська область,3,2,1
2025-06-20 00:00:00+00:00,Харківська область,4,4,0
2025-06-20 00:00:00+00:00,Херсонська область,1,1,0
2025-06-21 00:00:00+00:00,Дніпропетровська область,1,1,0
2025-06-21 00:00:00+00:00,Донецька область,4,4,0
2025-06-21 00:00:00+00:00,Київська область,5,4,1
2025-06-21 00:00:00+00:00,Львівська область,1,1,1
2025-06-21 00:00:00+00:00,Одеська область,4,4,1
2025-06-21 00:00:00+00:00,Сумська область,1,0,1
2025-06-21 00:00:00+00:00,Херсонська область,1,0,1
2025-06-21 00:00:00+00:00,Черкаська область,1,1,0
2025-06-22 00:00:00+00:00,Автономна Республіка Крим,1,1,0
2025-06-22 00:00:00+00:00,Дніпропетровська область,1,0,1
2025-06-22 00:00:00+00:00,Донецька область,6,2,5
2025-06-22 00:00:00+00:00,Запорізька область,1,0,1
2025-06-22 00:00:00+00:00,Київська область,3,3,2
2025-06-22 00:00:00+00:00,Львівська область,2,1,2
2025-06-22 00:00:00+00:00,Одеська область,1,1,1
2025-06-22 00:00:00+00:00,Сумська область,2,1,1
2025-06-22 00:00:00+00:00,Харківська область,2,2,1
2025-06-22 00:00:00+00:00,Херсонська область,1,0,1
2025-06-22 00:00:00+00:00,Чернігівська область,1,1,0
2025-06-23 00:00:00+00:00,Автономна Республіка Крим,2,2,0
2025-06-23 00:00:00+00:00,Донецька область,5,2,3
2025-06-23 00:00:00+00:00,Запорізька область,1,1,0
2025-06-23 00:00:00+00:00,Київська область,23,11,12
2025-06-23 00:00:00+00:00,Луганська область,1,1,0
2025-06-23 00:00:00+00:00,Одеська область,1,0,1
2025-06-23 00:00:00+00:00,Черкаська область,2,1,1
2025-06-23 00:00:00+00:00,Чернігівська область,2,1,1
2025-06-24 00:00:00+00:00,Дніпропетровська область,4,2,2
2025-06-24 00:00:00+00:00,Донецька область,2,0,2
2025-06-24 00:00:00+00:00,Житомирська область,1,1,0
2025-06-24 00:00:00+00:00,Київська область,12,4,8
2025-06-24 00:00:00+00:00,Львівська область,1,1,0
2025-06-24 00:00:00+00:00,Одеська область,3,2,1
2025-06-24 00:00:00+00:00,Полтавська область,1,1,0
2025-06-24 00:00:00+00:00,Харківська область,3,3,0
2025-06-24 00:00:00+00:00,Херсонська область,1,1,0
2025-06-24 00:00:00+00:00,Черкаська область,1,0,1
2025-06-24 00:00:00+00:00,Чернігівська область,1,0,1
2025-06-25 00:00:00+00:00,Дніпропетровська область,6,5,1
2025-06-25 00:00:00+00:00,Донецька область,5,1,4
2025-06-25 00:00:00+00:00,Житомирська область,1,1,0
2025-06-25 00:00:00+00:00,Київська область,4,2,3
2025-06-25 00:00:00+00:00,Луганська область,1,1,0
2025-06-25 00:00:00+00:00,Львівська область,1,1,0
2025-06-25 00:00:00+00:00,Одеська область,1,1,0
2025-06-25 00:00:00+00:00,Сумська область,2,2,0
2025-06-25 00:00:00+00:00,Харківська область,1,1,0
2025-06-25 00:00:00+00:00,Черкаська область,1,1,0
2025-06-26 00:00:00+00:00,Дніпропетровська область,3,1,3
2025-06-26 00:00:00+00:00,Донецька область,3,3,1
2025-06-26 00:00:00+00:00,Запорізька область,2,2,0
2025-06-26 00:00:00+00:00,Київська область,2,1,1
2025-06-26 00:00:00+00:00,Луганська область,1,1,0
2025-06-26 00:00:00+00:00,Одеська область,1,1,1
2025-06-26 00:00:00+00:00,Сумська область,5,5,0
2025-06-26 00:00:00+00:00,Харківська область,2,2,0
2025-06-26 00:00:00+00:00,Чернігівська область,1,1,0
2025-06-27 00:00:00+00:00,Волинська область,1,1,0
2025-06-27 00:00:00+00:00,Дніпропетровська область,3,2,1
2025-06-27 00:00:00+00:00,Донецька область,3,3,0
2025-06-27 00:00:00+00:00,Запорізька область,3,2,1
2025-06-27 00:00:00+00:00,Київська область,1,1,0
2025-06-27 00:00:00+00:00,Луганська область,1,1,0
2025-06-27 00:00:00+00:00,Одеська область,1,1,0
2025-06-27 00:00:00+00:00,Сумська область,2,2,0
2025-06-27 00:00:00+00:00,Харківська область,1,1,0
2025-06-27 00:00:00+00:00,Херсонська область,3,2,1
2025-06-28 00:00:00+00:00,Автономна Республіка Крим,1,0,1
2025-06-28 00:00:00+00:00,Дніпропетровська область,2,1,1
2025-06-28 00:00:00+00:00,Донецька область,3,3,0
2025-06-28 00:00:00+00:00,Київська область,3,3,0
2025-06-28 00:00:00+00:00,Луганська область,1,1,0
2025-06-28 00:00:00+00:00,Львівська область,2,1,1
2025-06-28 00:00:00+00:00,Одеська область,5,5,0
2025-06-28 00:00:00+00:00,Харківська область,4,4,0
2025-06-28 00:00:00+00:00,Херсонська область,1,1,0
2025-06-29 00:00:00+00:00,Автономна Республіка Крим,1,0,1
2025-06-29 00:00:00+00:00,Донецька область,2,2,0
2025-06-29 00:00:00+00:00,Київська область,4,4,1
2025-06-29 00:00:00+00:00,Львівська область,2,2,0
2025-06-29 00:00:00+00:00,Миколаївська область,1,1,0
2025-06-29 00:00:00+00:00,Одеська область,1,1,0
2025-06-29 00:00:00+00:00,Полтавська область,1,0,1
2025-06-29 00:00:00+00:00,Харківська область,3,3,1
2025-06-29 00:00:00+00:00,Черкаська область,1,1,0
2025-06-30 00:00:00+00:00,Івано-Франківська область,1,1,0
2025-06-30 00:00:00+00:00,Автономна Республіка Крим,3,3,0
2025-06-30 00:00:00+00:00,Волинська область,1,1,0
2025-06-30 00:00:00+00:00,Дніпропетровська область,2,0,2
2025-06-30 00:00:00+00:00,Донецька область,2,1,1
2025-06-30 00:00:00+00:00,Запорізька область,1,1,0
2025-06-30 00:00:00+00:00,Київська область,4,4,0
2025-06-30 00:00:00+00:00,Луганська область,1,1,0
2025-06-30 00:00:00+00:00,Львівська область,3,2,1
2025-06-30 00:00:00+00:00,Миколаївська область,1,1,0
2025-06-30 00:00:00+00:00,Полтавська область,1,1,0
2025-06-30 00:00:00+00:00,Сумська область,2,1,1
2025-06-30 00:00:00+00:00,Харківська область,5,4,1
2025-06-30 00:00:00+00:00,Черкаська область,1,1,0
2025-06-30 00:00:00+00:00,Чернігівська область,1,1,0
2025-07-01 00:00:00+00:00,Дніпропетровська область,4,2,2
2025-07-01 00:00:00+00:00,Донецька область,2,1,1
2025-07-01 00:00:00+00:00,Запорізька область,6,4,2
2025-07-01 00:00:00+00:00,Київська область,3,3,0
2025-07-01 00:00:00+00:00,Луганська область,1,0,1
2025-07-01 00:00:00+00:00,Львівська область,1,0,1
2025-07-01 00:00:00+00:00,Миколаївська область,3,3,0
2025-07-01 00:00:00+00:00,Одеська область,1,1,0
2025-07-01 00:00:00+00:00,Сумська область,1,0,1
2025-07-01 00:00:00+00:00,Харківська область,3,2,1
2025-07-01 00:00:00+00:00,Херсонська область,2,2,0
2025-07-02 00:00:00+00:00,Дніпропетровська область,2,1,1
2025-07-02 00:00:00+00:00,Донецька область,1,0,1
2025-07-02 00:00:00+00:00,Житомирська область,1,1,0
2025-07-02 00:00:00+00:00,Запорізька область,2,2,0
2025-07-02 00:00:00+00:00,Київська область,4,4,0
2025-07-02 00:00:00+00:00,Миколаївська область,1,1,0
2025-07-02 00:00:00+00:00,Харківська область,3,2,1
2025-07-03 00:00:00+00:00,Автономна Республіка Крим,1,1,0
2025-07-03 00:00:00+00:00,Дніпропетровська область,1,0,1
2025-07-03 00:00:00+00:00,Житомирська область,6,6,0
2025-07-03 00:00:00+00:00,Закарпатська область,3,3,0
2025-07-03 00:00:00+00:00,Київська область,10,10,0
2025-07-03 00:00:00+00:00,Луганська область,1,1,0
2025-07-03 00:00:00+00:00,Миколаївська область,1,1,0
2025-07-03 00:00:00+00:00,Одеська область,3,3,0
2025-07-03 00:00:00+00:00,Полтавська область,3,3,0
2025-07-03 00:00:00+00:00,Харківська область,2,2,0
2025-07-03 00:00:00+00:00,Херсонська область,3,3,0
2025-07-04 00:00:00+00:00,Дніпропетровська область,2,2,0
2025-07-04 00:00:00+00:00,Донецька область,2,2,0
2025-07-04 00:00:00+00:00,Житомирська область,2,2,0
2025-07-04 00:00:00+00:00,Закарпатська область,1,1,0
2025-07-04 00:00:00+00:00,Київська область,20,16,4
2025-07-04 00:00:00+00:00,Луганська область,1,0,1
2025-07-04 00:00:00+00:00,Львівська область,2,2,0
2025-07-04 00:00:00+00:00,Полтавська область,3,3,0
2025-07-04 00:00:00+00:00,Харківська область,3,3,1
2025-07-05 00:00:00+00:00,Дніпропетровська область,3,3,0
2025-07-05 00:00:00+00:00,Київська область,8,8,2
2025-07-05 00:00:00+00:00,Миколаївська область,2,2,0
2025-07-05 00:00:00+00:00,Одеська область,1,1,0
2025-07-05 00:00:00+00:00,Харківська область,3,3,1
2025-07-05 00:00:00+00:00,Хмельницька область,1,1,0
2025-07-05 00:00:00+00:00,Чернігівська область,1,0,1
2025-07-06 00:00:00+00:00,Донецька область,1,1,1
2025-07-06 00:00:00+00:00,Запорізька область,5,5,0
2025-07-06 00:00:00+00:00,Київська область,7,5,2
2025-07-06 00:00:00+00:00,Львівська область,1,1,0
2025-07-06 00:00:00+00:00,Миколаївська область,4,4,0
2025-07-06 00:00:00+00:00,Одеська область,2,2,0
2025-07-06 00:00:00+00:00,Полтавська область,2,2,0
2025-07-06 00:00:00+00:00,Сумська область,1,1,0
2025-07-06 00:00:00+00:00,Харківська область,7,5,2
2025-07-07 00:00:00+00:00,Дніпропетровська область,1,1,0
2025-07-07 00:00:00+00:00,Донецька область,4,3,1
2025-07-07 00:00:00+00:00,Житомирська область,2,2,0
2025-07-07 00:00:00+00:00,Закарпатська область,1,1,0
2025-07-07 00:00:00+00:00,Запорізька область,8,7,1
2025-07-07 00:00:00+00:00,Київська область,1,1,0
2025-07-07 00:00:00+00:00,Львівська область,1,1,0
2025-07-07 00:00:00+00:00,Миколаївська область,3,3,0
2025-07-07 00:00:00+00:00,Одеська область,3,3,0
2025-07-07 00:00:00+00:00,Полтавська область,3,3,0
2025-07-07 00:00:00+00:00,Сумська область,1,1,0
2025-07-07 00:00:00+00:00,Харківська область,8,7,1
2025-07-08 00:00:00+00:00,Дніпропетровська область,1,1,0
2025-07-08 00:00:00+00:00,Донецька область,4,3,1
2025-07-08 00:00:00+00:00,Житомирська область,2,1,1
2025-07-08 00:00:00+00:00,Закарпатська область,1,1,0
2025-07-08 00:00:00+00:00,Київська область,6,3,3
2025-07-08 00:00:00+00:00,Миколаївська область,1,1,0
2025-07-08 00:00:00+00:00,Одеська область,2,2,0
2025-07-08 00:00:00+00:00,Рівненська область,1,1,0
2025-07-08 00:00:00+00:00,Сумська область,1,1,0
2025-07-09 00:00:00+00:00,Волинська область,6,6,0
2025-07-09 00:00:00+00:00,Донецька область,4,4,0
2025-07-09 00:00:00+00:00,Житомирська область,2,2,0
2025-07-09 00:00:00+00:00,Запорізька область,1,1,0
2025-07-09 00:00:00+00:00,Київська область,9,7,2
2025-07-09 00:00:00+00:00,Львівська область,1,1,0
2025-07-09 00:00:00+00:00,Одеська область,1,1,0
2025-07-09 00:00:00+00:00,Сумська область,1,1,0
2025-07-09 00:00:00+00:00,Хмельницька область,1,1,0
2025-07-10 00:00:00+00:00,Донецька область,2,2,0
2025-07-10 00:00:00+00:00,Запорізька область,1,1,0
2025-07-10 00:00:00+00:00,Київська область,12,12,0
2025-07-10 00:00:00+00:00,Львівська область,2,2,0
2025-07-10 00:00:00+00:00,Сумська область,1,1,0
2025-07-11 00:00:00+00:00,Волинська область,1,1,0
2025-07-11 00:00:00+00:00,Дніпропетровська область,1,1,0
2025-07-11 00:00:00+00:00,Донецька область,1,1,0
2025-07-11 00:00:00+00:00,Запорізька область,1,1,0
2025-07-11 00:00:00+00:00,Київська область,5,5,0
2025-07-11 00:00:00+00:00,Миколаївська область,1,1,0
2025-07-11 00:00:00+00:00,Одеська область,1,1,0
2025-07-11 00:00:00+00:00,Харківська область,3,3,1
2025-07-11 00:00:00+00:00,Херсонська область,3,2,1
2025-07-12 00:00:00+00:00,Волинська область,1,1,0
2025-07-12 00:00:00+00:00,Дніпропетровська область,1,1,0
2025-07-12 00:00:00+00:00,Донецька область,3,1,2
2025-07-12 00:00:00+00:00,Київська область,3,3,0
2025-07-12 00:00:00+00:00,Миколаївська область,2,2,0
2025-07-12 00:00:00+00:00,Одеська область,1,0,1
2025-07-12 00:00:00+00:00,Полтавська область,1,1,0
2025-07-12 00:00:00+00:00,Сумська область,2,0,2
2025-07-12 00:00:00+00:00,Харківська область,1,1,0
2025-07-12 00:00:00+00:00,Херсонська область,3,2,1
2025-07-12 00:00:00+00:00,Чернівецька область,1,1,0
2025-07-13 00:00:00+00:00,Волинська область,2,2,0
2025-07-13 00:00:00+00:00,Донецька область,2,1,1
2025-07-13 00:00:00+00:00,Київська область,1,0,1
2025-07-13 00:00:00+00:00,Полтавська область,1,1,0
2025-07-13 00:00:00+00:00,Харківська область,3,1,2
2025-07-13 00:00:00+00:00,Чернівецька область,2,1,1
2025-07-13 00:00:00+00:00,Чернігівська область,1,1,0
2025-07-14 00:00:00+00:00,Дніпропетровська область,2,2,0
2025-07-14 00:00:00+00:00,Донецька область,1,1,0
2025-07-14 00:00:00+00:00,Миколаївська область,1,1,0
2025-07-14 00:00:00+00:00,Сумська область,3,2,1
2025-07-14 00:00:00+00:00,Харківська область,1,0,1
2025-07-15 00:00:00+00:00,Донецька область,3,3,0
2025-07-15 00:00:00+00:00,Закарпатська область,1,1,0
2025-07-15 00:00:00+00:00,Запорізька область,2,1,1
2025-07-15 00:00:00+00:00,Київська область,1,0,1
2025-07-15 00:00:00+00:00,Миколаївська область,1,1,0
2025-07-15 00:00:00+00:00,Одеська область,1,1,0
2025-07-15 00:00:00+00:00,Чернігівська область,1,1,0
2025-07-16 00:00:00+00:00,Вінницька область,4,4,0
2025-07-16 00:00:00+00:00,Дніпропетровська область,1,0,1
2025-07-16 00:00:00+00:00,Донецька область,6,6,1
2025-07-16 00:00:00+00:00,Запорізька область,1,1,0
2025-07-16 00:00:00+00:00,Київська область,1,1,0
2025-07-16 00:00:00+00:00,Львівська область,1,0,1
2025-07-16 00:00:00+00:00,Миколаївська область,2,2,0
2025-07-16 00:00:00+00:00,Одеська область,1,1,0
2025-07-16 00:00:00+00:00,Харківська область,2,2,0
2025-07-17 00:00:00+00:00,Дніпропетровська область,3,2,1
2025-07-17 00:00:00+00:00,Донецька область,2,2,1
2025-07-17 00:00:00+00:00,Запорізька область,1,1,0
2025-07-17 00:00:00+00:00,Київська область,1,1,0
2025-07-17 00:00:00+00:00,Миколаївська область,1,1,0
2025-07-17 00:00:00+00:00,Сумська область,1,1,0
2025-07-17 00:00:00+00:00,Тернопільська область,1,1,0
2025-07-17 00:00:00+00:00,Черкаська область,1,1,0
2025-07-17 00:00:00+00:00,Чернігівська область,1,1,0
2025-07-18 00:00:00+00:00,Івано-Франківська область,1,1,0
2025-07-18 00:00:00+00:00,Дніпропетровська область,2,2,0
2025-07-18 00:00:00+00:00,Донецька область,5,5,0
2025-07-18 00:00:00+00:00,Закарпатська область,1,1,0
2025-07-18 00:00:00+00:00,Запорізька область,1,1,0
2025-07-18 00:00:00+00:00,Київська область,5,5,0
2025-07-18 00:00:00+00:00,Луганська область,1,1,0
2025-07-18 00:00:00+00:00,Одеська область,1,1,0
2025-07-18 00:00:00+00:00,Сумська область,1,1,0
2025-07-18 00:00:00+00:00,Харківська область,1,1,0
2025-07-19 00:00:00+00:00,Дніпропетровська область,1,1,0
2025-07-19 00:00:00+00:00,Донецька область,4,2,2
2025-07-19 00:00:00+00:00,Житомирська область,1,1,0
2025-07-19 00:00:00+00:00,Запорізька область,1,1,0
2025-07-19 00:00:00+00:00,Київська область,2,2,0
2025-07-19 00:00:00+00:00,Кіровоградська область,1,1,0
2025-07-19 00:00:00+00:00,Миколаївська область,1,1,0
2025-07-19 00:00:00+00:00,Одеська область,4,4,2
2025-07-19 00:00:00+00:00,Полтавська область,1,1,0
2025-07-19 00:00:00+00:00,Сумська область,2,1,1
2025-07-19 00:00:00+00:00,Херсонська область,2,2,0
2025-07-19 00:00:00+00:00,Чернівецька область,1,1,0
2025-07-20 00:00:00+00:00,Донецька область,6,6,0
2025-07-20 00:00:00+00:00,Запорізька область,3,3,0
2025-07-20 00:00:00+00:00,Київська область,2,1,1
2025-07-20 00:00:00+00:00,Одеська область,2,2,1
2025-07-21 00:00:00+00:00,Дніпропетровська область,1,1,0
2025-07-21 00:00:00+00:00,Донецька область,1,1,0
2025-07-21 00:00:00+00:00,Закарпатська область,1,0,1
2025-07-21 00:00:00+00:00,Запорізька область,1,1,0
2025-07-21 00:00:00+00:00,Київська область,4,4,0
2025-07-21 00:00:00+00:00,Львівська область,1,1,0
2025-07-21 00:00:00+00:00,Харківська область,2,1,1
2025-07-22 00:00:00+00:00,Івано-Франківська область,1,0,1
2025-07-22 00:00:00+00:00,Дніпропетровська область,2,2,0
2025-07-22 00:00:00+00:00,Донецька область,5,4,1
2025-07-22 00:00:00+00:00,Київська область,1,1,0
2025-07-22 00:00:00+00:00,Миколаївська область,1,1,0
2025-07-22 00:00:00+00:00,Одеська область,2,2,0
2025-07-23 00:00:00+00:00,Донецька область,2,2,0
2025-07-23 00:00:00+00:00,Київська область,4,3,1
2025-07-23 00:00:00+00:00,Одеська область,2,2,0
2025-07-23 00:00:00+00:00,Херсонська область,3,3,1
2025-07-24 00:00:00+00:00,Дніпропетровська область,2,2,0
2025-07-24 00:00:00+00:00,Донецька область,2,1,1
2025-07-24 00:00:00+00:00,Закарпатська область,1,1,0
2025-07-24 00:00:00+00:00,Київська область,4,4,0
2025-07-24 00:00:00+00:00,Львівська область,1,1,0
2025-07-24 00:00:00+00:00,Одеська область,3,3,0
2025-07-24 00:00:00+00:00,Харківська область,1,0,1
2025-07-25 00:00:00+00:00,Автономна Республіка Крим,1,1,0
2025-07-25 00:00:00+00:00,Донецька область,6,6,0
2025-07-25 00:00:00+00:00,Запорізька область,2,0,2
2025-07-25 00:00:00+00:00,Київська область,1,1,0
2025-07-25 00:00:00+00:00,Одеська область,1,1,0
2025-07-25 00:00:00+00:00,Сумська область,2,2,0
2025-07-25 00:00:00+00:00,Харківська область,2,2,0
2025-07-26 00:00:00+00:00,Дніпропетровська область,3,3,1
2025-07-26 00:00:00+00:00,Донецька область,2,2,0
2025-07-26 00:00:00+00:00,Київська область,2,2,0
2025-07-26 00:00:00+00:00,Львівська область,2,2,0
2025-07-26 00:00:00+00:00,Одеська область,1,1,0
2025-07-26 00:00:00+00:00,Сумська область,1,1,0
2025-07-26 00:00:00+00:00,Харківська область,5,5,0
2025-07-26 00:00:00+00:00,Херсонська область,3,2,2
2025-07-27 00:00:00+00:00,Донецька область,2,2,0
2025-07-27 00:00:00+00:00,Житомирська область,1,1,0
2025-07-27 00:00:00+00:00,Запорізька область,2,1,1
2025-07-27 00:00:00+00:00,Луганська область,2,2,0
2025-07-27 00:00:00+00:00,Сумська область,3,3,0
2025-07-27 00:00:00+00:00,Харківська область,4,4,0
2025-07-27 00:00:00+00:00,Хмельницька область,1,1,0
2025-07-27 00:00:00+00:00,Чернігівська область,1,1,0
2025-07-28 00:00:00+00:00,Дніпропетровська область,1,1,1
2025-07-28 00:00:00+00:00,Донецька область,2,1,1
2025-07-28 00:00:00+00:00,Київська область,4,3,1
2025-07-28 00:00:00+00:00,Миколаївська область,1,1,0
2025-07-28 00:00:00+00:00,Одеська область,2,2,1
2025-07-28 00:00:00+00:00,Сумська область,1,0,1
2025-07-28 00:00:00+00:00,Харківська область,1,1,0
2025-07-28 00:00:00+00:00,Херсонська область,1,1,0
2025-07-29 00:00:00+00:00,Дніпропетровська область,3,3,1
2025-07-29 00:00:00+00:00,Донецька область,2,0,2
2025-07-29 00:00:00+00:00,Житомирська область,1,1,0
2025-07-29 00:00:00+00:00,Запорізька область,4,3,1
2025-07-29 00:00:00+00:00,Київська область,4,4,0
2025-07-29 00:00:00+00:00,Львівська область,1,1,0
2025-07-29 00:00:00+00:00,Одеська область,1,1,0
2025-07-29 00:00:00+00:00,Харківська область,2,1,1
2025-07-29 00:00:00+00:00,Черкаська область,1,1,0
2025-07-30 00:00:00+00:00,Запорізька область,1,1,0
2025-07-30 00:00:00+00:00,Київська область,1,0,1
2025-07-30 00:00:00+00:00,Харківська область,3,2,1
2025-07-31 00:00:00+00:00,Донецька область,2,2,0
2025-07-31 00:00:00+00:00,Закарпатська область,3,3,0
2025-07-31 00:00:00+00:00,Київська область,12,11,1
2025-07-31 00:00:00+00:00,Львівська область,1,1,0
2025-07-31 00:00:00+00:00,Миколаївська область,2,2,0
2025-07-31 00:00:00+00:00,Полтавська область,2,0,2
2025-07-31 00:00:00+00:00,Харківська область,1,1,0
2025-08-01 00:00:00+00:00,Автономна Республіка Крим,1,1,0
2025-08-01 00:00:00+00:00,Донецька область,1,1,0
2025-08-01 00:00:00+00:00,Запорізька область,1,1,0
2025-08-01 00:00:00+00:00,Київська область,9,8,1
2025-08-01 00:00:00+00:00,Львівська область,1,1,0
2025-08-02 00:00:00+00:00,Вінницька область,2,1,1
2025-08-02 00:00:00+00:00,Донецька область,4,2,2
2025-08-02 00:00:00+00:00,Запорізька область,1,1,0
2025-08-02 00:00:00+00:00,Київська область,3,3,0
2025-08-02 00:00:00+00:00,Миколаївська область,1,1,0
2025-08-02 00:00:00+00:00,Сумська область,1,0,1
2025-08-02 00:00:00+00:00,Харківська область,1,1,0
2025-08-02 00:00:00+00:00,Херсонська область,3,3,0
2025-08-02 00:00:00+00:00,Чернігівська область,1,1,0
2025-08-03 00:00:00+00:00,Волинська область,1,0,1
2025-08-03 00:00:00+00:00,Вінницька область,1,1,0
2025-08-03 00:00:00+00:00,Донецька область,3,3,0
2025-08-03 00:00:00+00:00,Київська область,2,2,0
2025-08-03 00:00:00+00:00,Львівська область,1,1,0
2025-08-03 00:00:00+00:00,Миколаївська область,2,2,0
2025-08-03 00:00:00+00:00,Полтавська область,1,1,0
2025-08-03 00:00:00+00:00,Тернопільська область,1,1,0
2025-08-03 00:00:00+00:00,Харківська область,1,1,0
2025-08-03 00:00:00+00:00,Херсонська область,6,6,0
2025-08-04 00:00:00+00:00,Автономна Республіка Крим,1,1,0
2025-08-04 00:00:00+00:00,Дніпропетровська область,1,1,0
2025-08-04 00:00:00+00:00,Донецька область,8,7,1
2025-08-04 00:00:00+00:00,Миколаївська область,1,1,0
2025-08-04 00:00:00+00:00,Одеська область,2,2,0
2025-08-04 00:00:00+00:00,Харківська область,2,2,0
2025-08-04 00:00:00+00:00,Херсонська область,1,1,0
2025-08-04 00:00:00+00:00,Хмельницька область,1,1,0
2025-08-05 00:00:00+00:00,Дніпропетровська область,3,3,0
2025-08-05 00:00:00+00:00,Донецька область,1,1,0
2025-08-05 00:00:00+00:00,Закарпатська область,2,2,0
2025-08-05 00:00:00+00:00,Запорізька область,3,2,1
2025-08-05 00:00:00+00:00,Київська область,4,4,0
2025-08-05 00:00:00+00:00,Луганська область,1,1,0
2025-08-05 00:00:00+00:00,Львівська область,1,0,1
2025-08-05 00:00:00+00:00,Одеська область,2,2,0
2025-08-05 00:00:00+00:00,Полтавська область,1,1,0
2025-08-05 00:00:00+00:00,Харківська область,2,2,0
2025-08-05 00:00:00+00:00,Херсонська область,3,3,0
2025-08-05 00:00:00+00:00,Хмельницька область,1,1,0
2025-08-06 00:00:00+00:00,Івано-Франківська область,1,0,1
2025-08-06 00:00:00+00:00,Закарпатська область,3,3,0
2025-08-06 00:00:00+00:00,Запорізька область,1,1,0
2025-08-06 00:00:00+00:00,Київська область,4,4,0
2025-08-06 00:00:00+00:00,Львівська область,1,1,0
2025-08-06 00:00:00+00:00,Одеська область,1,1,0
2025-08-06 00:00:00+00:00,Сумська область,1,1,0
2025-08-06 00:00:00+00:00,Харківська область,1,1,0
2025-08-06 00:00:00+00:00,Херсонська область,1,1,0
2025-08-07 00:00:00+00:00,Івано-Франківська область,1,1,0
2025-08-07 00:00:00+00:00,Автономна Республіка Крим,1,1,1
2025-08-07 00:00:00+00:00,Волинська область,1,1,0
2025-08-07 00:00:00+00:00,Донецька область,3,2,1
2025-08-07 00:00:00+00:00,Закарпатська область,2,2,0
2025-08-07 00:00:00+00:00,Запорізька область,1,1,0
2025-08-07 00:00:00+00:00,Київська область,1,1,0
2025-08-07 00:00:00+00:00,Луганська область,1,0,1
2025-08-08 00:00:00+00:00,Донецька область,6,6,0
2025-08-08 00:00:00+00:00,Житомирська область,1,1,0
2025-08-08 00:00:00+00:00,Закарпатська область,2,2,0
2025-08-08 00:00:00+00:00,Київська область,1,1,0
2025-08-08 00:00:00+00:00,Рівненська область,1,1,0
2025-08-08 00:00:00+00:00,Тернопільська область,1,1,0
2025-08-08 00:00:00+00:00,Херсонська область,1,1,0
2025-08-08 00:00:00+00:00,Чернігівська область,2,2,0
2025-08-09 00:00:00+00:00,Дніпропетровська область,1,1,0
2025-08-09 00:00:00+00:00,Донецька область,4,4,0
2025-08-09 00:00:00+00:00,Запорізька область,2,2,0
2025-08-09 00:00:00+00:00,Київська область,2,0,2
2025-08-09 00:00:00+00:00,Луганська область,1,1,0
2025-08-09 00:00:00+00:00,Рівненська область,1,1,0
2025-08-09 00:00:00+00:00,Харківська область,1,1,0
2025-08-09 00:00:00+00:00,Херсонська область,4,4,1
2025-08-09 00:00:00+00:00,Чернігівська область,1,1,0
2025-08-10 00:00:00+00:00,Дніпропетровська область,1,1,0
2025-08-10 00:00:00+00:00,Донецька область,1,1,0
2025-08-10 00:00:00+00:00,Запорізька область,2,2,0
2025-08-10 00:00:00+00:00,Київська область,1,1,0
2025-08-10 00:00:00+00:00,Львівська область,1,1,0
2025-08-10 00:00:00+00:00,Харківська область,2,2,0
2025-08-10 00:00:00+00:00,Херсонська область,1,1,0
2025-08-11 00:00:00+00:00,Донецька область,5,5,0
2025-08-11 00:00:00+00:00,Закарпатська область,1,1,0
2025-08-11 00:00:00+00:00,Київська область,3,3,0
2025-08-11 00:00:00+00:00,Львівська область,2,2,0
2025-08-11 00:00:00+00:00,Сумська область,1,1,0
2025-08-11 00:00:00+00:00,Чернігівська область,1,1,0
2025-08-12 00:00:00+00:00,Дніпропетровська область,3,3,0
2025-08-12 00:00:00+00:00,Донецька область,7,7,0
2025-08-12 00:00:00+00:00,Запорізька область,1,0,1
2025-08-12 00:00:00+00:00,Київська область,4,3,1
2025-08-12 00:00:00+00:00,Луганська область,1,1,0
2025-08-12 00:00:00+00:00,Одеська область,1,0,1
2025-08-12 00:00:00+00:00,Сумська область,1,1,0
2025-08-12 00:00:00+00:00,Тернопільська область,1,1,0
2025-08-12 00:00:00+00:00,Херсонська область,1,1,0
2025-08-13 00:00:00+00:00,Дніпропетровська область,1,1,0
2025-08-13 00:00:00+00:00,Донецька область,2,2,0
2025-08-13 00:00:00+00:00,Запорізька область,1,1,0
2025-08-13 00:00:00+00:00,Київська область,3,3,0
2025-08-13 00:00:00+00:00,Львівська область,1,1,0
2025-08-13 00:00:00+00:00,Тернопільська область,1,1,0
2025-08-14 00:00:00+00:00,Донецька область,2,2,0
2025-08-14 00:00:00+00:00,Київська область,2,2,0
2025-08-14 00:00:00+00:00,Сумська область,1,1,0
2025-08-14 00:00:00+00:00,Чернівецька область,1,1,0
2025-08-14 00:00:00+00:00,Чернігівська область,1,1,0
2025-08-15 00:00:00+00:00,Автономна Республіка Крим,1,1,0
2025-08-15 00:00:00+00:00,Донецька область,3,3,0
2025-08-15 00:00:00+00:00,Київська область,1,1,0
2025-08-15 00:00:00+00:00,Луганська область,1,1,0
2025-08-15 00:00:00+00:00,Полтавська область,1,1,0
2025-08-15 00:00:00+00:00,Сумська область,1,1,0
2025-08-15 00:00:00+00:00,Харківська область,1,1,0
2025-08-16 00:00:00+00:00,Чернігівська область,1,1,0
2025-08-17 00:00:00+00:00,Донецька область,1,1,0
2025-08-17 00:00:00+00:00,Полтавська область,1,1,0
2025-08-18 00:00:00+00:00,Донецька область,2,2,0
2025-08-18 00:00:00+00:00,Запорізька область,2,2,0
2025-08-18 00:00:00+00:00,Луганська область,1,1,0
2025-08-18 00:00:00+00:00,Харківська область,2,2,0
2025-08-19 00:00:00+00:00,Донецька область,1,1,0
2025-08-19 00:00:00+00:00,Київська область,1,1,0
2025-08-19 00:00:00+00:00,Луганська область,1,1,1
2025-08-19 00:00:00+00:00,Полтавська область,2,2,0
2025-08-19 00:00:00+00:00,Харківська область,1,1,0
2025-08-20 00:00:00+00:00,Донецька область,3,3,0
2025-08-20 00:00:00+00:00,Київська область,2,2,1
2025-08-20 00:00:00+00:00,Львівська область,2,2,0
2025-08-20 00:00:00+00:00,Миколаївська область,1,1,0
2025-08-20 00:00:00+00:00,Одеська область,2,2,0
2025-08-20 00:00:00+00:00,Сумська область,3,3,0
2025-08-20 00:00:00+00:00,Харківська область,2,1,1
2025-08-20 00:00:00+00:00,Чернігівська область,1,1,0
2025-08-21 00:00:00+00:00,Волинська область,1,1,1
2025-08-21 00:00:00+00:00,Дніпропетровська область,1,1,0
2025-08-21 00:00:00+00:00,Донецька область,5,3,2
2025-08-21 00:00:00+00:00,Закарпатська область,1,1,0
2025-08-21 00:00:00+00:00,Київська область,2,1,1
2025-08-21 00:00:00+00:00,Луганська область,1,1,0
2025-08-21 00:00:00+00:00,Львівська область,2,2,0
2025-08-21 00:00:00+00:00,Миколаївська область,1,1,0
2025-08-21 00:00:00+00:00,Сумська область,1,1,0
2025-08-21 00:00:00+00:00,Харківська область,1,1,0
2025-08-21 00:00:00+00:00,Херсонська область,1,1,0
2025-08-22 00:00:00+00:00,Дніпропетровська область,1,1,0
2025-08-22 00:00:00+00:00,Донецька область,6,3,3
2025-08-22 00:00:00+00:00,Київська область,1,1,0
2025-08-22 00:00:00+00:00,Миколаївська область,1,1,0
2025-08-22 00:00:00+00:00,Одеська область,1,0,1
2025-08-22 00:00:00+00:00,Харківська область,2,2,0
2025-08-22 00:00:00+00:00,Херсонська область,2,2,0
2025-08-23 00:00:00+00:00,Дніпропетровська область,1,1,0
2025-08-23 00:00:00+00:00,Донецька область,2,2,0
2025-08-23 00:00:00+00:00,Закарпатська область,1,1,0
2025-08-23 00:00:00+00:00,Київська область,2,2,0
2025-08-23 00:00:00+00:00,Луганська область,3,3,0
2025-08-23 00:00:00+00:00,Харківська область,3,2,1
2025-08-24 00:00:00+00:00,Волинська область,1,0,1
2025-08-24 00:00:00+00:00,Дніпропетровська область,2,0,2
2025-08-24 00:00:00+00:00,Донецька область,12,9,3
2025-08-24 00:00:00+00:00,Закарпатська область,5,5,0
2025-08-24 00:00:00+00:00,Запорізька область,2,2,0
2025-08-24 00:00:00+00:00,Київська область,5,4,1
2025-08-24 00:00:00+00:00,Кіровоградська область,1,1,0
2025-08-24 00:00:00+00:00,Львівська область,1,1,0
2025-08-24 00:00:00+00:00,Рівненська область,2,1,1
2025-08-24 00:00:00+00:00,Харківська область,3,1,2
2025-08-24 00:00:00+00:00,Херсонська область,2,1,1
2025-08-25 00:00:00+00:00,Дніпропетровська область,1,1,0
2025-08-25 00:00:00+00:00,Донецька область,1,1,0
2025-08-25 00:00:00+00:00,Київська область,1,1,0
2025-08-25 00:00:00+00:00,Харківська область,1,1,0
2025-08-25 00:00:00+00:00,Хмельницька область,1,1,0
2025-08-26 00:00:00+00:00,Автономна Республіка Крим,2,1,1
2025-08-26 00:00:00+00:00,Донецька область,2,1,1
2025-08-26 00:00:00+00:00,Запорізька область,1,1,0
2025-08-26 00:00:00+00:00,Київська область,3,3,0
2025-08-26 00:00:00+00:00,Миколаївська область,1,1,0
2025-08-26 00:00:00+00:00,Сумська область,2,2,0
2025-08-26 00:00:00+00:00,Харківська область,2,2,0
2025-08-26 00:00:00+00:00,Херсонська область,2,2,0
2025-08-26 00:00:00+00:00,Хмельницька область,1,1,0
2025-08-27 00:00:00+00:00,Автономна Республіка Крим,1,0,1
2025-08-27 00:00:00+00:00,Донецька область,3,2,1
2025-08-27 00:00:00+00:00,Київська область,1,1,0
2025-08-27 00:00:00+00:00,Сумська область,4,4,0
2025-08-27 00:00:00+00:00,Харківська область,1,1,0
2025-08-27 00:00:00+00:00,Херсонська область,1,1,0
